rubric,complete_rubric,category,sub_category,remedy_short_name,grade,page
ABRUPT,"MIND - ABRUPT",mind,main,tarent,2,1
ABRUPT,"MIND - ABRUPT",mind,main,nat-m,1,1
ABSENT-MINDED,"MIND - ABSENT-MINDED",mind,main,apis,3,1
ABSENT-MINDED,"MIND - ABSENT-MINDED",mind,main,cann-i,3,1
ABSENT-MINDED,"MIND - ABSENT-MINDED",mind,main,caust,3,1
ABSENT-MINDED,"MIND - ABSENT-MINDED",mind,main,cham,3,1
ABSENT-MINDED,"MIND - ABSENT-MINDED",mind,main,hell,3,1
ABSENT-MINDED,"MIND - ABSENT-MINDED",mind,main,lach,3,1
ABSENT-MINDED,"MIND - ABSENT-MINDED",mind,main,mez,3,1
ABSENT-MINDED,"MIND - ABSENT-MINDED",mind,main,nat-m,3,1
ABSENT-MINDED,"MIND - ABSENT-MINDED",mind,main,nux-m,3,1
ABSENT-MINDED,"MIND - ABSENT-MINDED",mind,main,plat,3,1
ABSENT-MINDED,"MIND - ABSENT-MINDED",mind,main,puls,3,1
ABSENT-MINDED,"MIND - ABSENT-MINDED",mind,main,sep,3,1
ABSENT-MINDED,"MIND - ABSENT-MINDED",mind,main,verat,3,1
ABSENT-MINDED,"MIND - ABSENT-MINDED",mind,main,agn,2,1
ABSENT-MINDED,"MIND - ABSENT-MINDED",mind,main,alum,2,1
ABSENT-MINDED,"MIND - ABSENT-MINDED",mind,main,am-c,2,1
ABSENT-MINDED,"MIND - ABSENT-MINDED",mind,main,anac,2,1
ABSENT-MINDED,"MIND - ABSENT-MINDED",mind,main,arn,2,1
ABSENT-MINDED,"MIND - ABSENT-MINDED",mind,main,aur,2,1
ABSENT-MINDED,"MIND - ABSENT-MINDED",mind,main,bell,2,1
ABSENT-MINDED,"MIND - ABSENT-MINDED",mind,main,bov,2,1
ABSENT-MINDED,"MIND - ABSENT-MINDED",mind,main,bufo,2,1
ABSENT-MINDED,"MIND - ABSENT-MINDED",mind,main,caps,2,1
ABSENT-MINDED,"MIND - ABSENT-MINDED",mind,main,carl,2,1
ABSENT-MINDED,"MIND - ABSENT-MINDED",mind,main,cic,2,1
ABSENT-MINDED,"MIND - ABSENT-MINDED",mind,main,cocc,2,1
ABSENT-MINDED,"MIND - ABSENT-MINDED",mind,main,colch,2,1
ABSENT-MINDED,"MIND - ABSENT-MINDED",mind,main,cupr,2,1
ABSENT-MINDED,"MIND - ABSENT-MINDED",mind,main,cycl,2,1
ABSENT-MINDED,"MIND - ABSENT-MINDED",mind,main,daph,2,1
ABSENT-MINDED,"MIND - ABSENT-MINDED",mind,main,dirc,2,1
ABSENT-MINDED,"MIND - ABSENT-MINDED",mind,main,dulc,2,1
ABSENT-MINDED,"MIND - ABSENT-MINDED",mind,main,elaps,2,1
ABSENT-MINDED,"MIND - ABSENT-MINDED",mind,main,graph,2,1
ABSENT-MINDED,"MIND - ABSENT-MINDED",mind,main,hyos,2,1
ABSENT-MINDED,"MIND - ABSENT-MINDED",mind,main,ign,2,1
ABSENT-MINDED,"MIND - ABSENT-MINDED",mind,main,jug-c,2,1
ABSENT-MINDED,"MIND - ABSENT-MINDED",mind,main,kali-br,2,1
ABSENT-MINDED,"MIND - ABSENT-MINDED",mind,main,kali-c,2,1
ABSENT-MINDED,"MIND - ABSENT-MINDED",mind,main,kali-p,2,1
ABSENT-MINDED,"MIND - ABSENT-MINDED",mind,main,kali-s,2,1
ABSENT-MINDED,"MIND - ABSENT-MINDED",mind,main,kreos,2,1
ABSENT-MINDED,"MIND - ABSENT-MINDED",mind,main,lac-c,2,1
ABSENT-MINDED,"MIND - ABSENT-MINDED",mind,main,lyc,2,1
ABSENT-MINDED,"MIND - ABSENT-MINDED",mind,main,lyss,2,1
ABSENT-MINDED,"MIND - ABSENT-MINDED",mind,main,mag-c,2,1
ABSENT-MINDED,"MIND - ABSENT-MINDED",mind,main,merc,2,1
ABSENT-MINDED,"MIND - ABSENT-MINDED",mind,main,nux-v,2,1
ABSENT-MINDED,"MIND - ABSENT-MINDED",mind,main,olnd,2,1
ABSENT-MINDED,"MIND - ABSENT-MINDED",mind,main,onos,2,1
ABSENT-MINDED,"MIND - ABSENT-MINDED",mind,main,op,2,1
ABSENT-MINDED,"MIND - ABSENT-MINDED",mind,main,petr,2,1
ABSENT-MINDED,"MIND - ABSENT-MINDED",mind,main,plb,2,1
ABSENT-MINDED,"MIND - ABSENT-MINDED",mind,main,sil,2,1
ABSENT-MINDED,"MIND - ABSENT-MINDED",mind,main,sulph,2,1
ABSENT-MINDED,"MIND - ABSENT-MINDED",mind,main,acon,1,1
ABSENT-MINDED,"MIND - ABSENT-MINDED",mind,main,act-s,1,1
ABSENT-MINDED,"MIND - ABSENT-MINDED",mind,main,agar,1,1
ABSENT-MINDED,"MIND - ABSENT-MINDED",mind,main,all-c,1,1
ABSENT-MINDED,"MIND - ABSENT-MINDED",mind,main,am-m,1,1
ABSENT-MINDED,"MIND - ABSENT-MINDED",mind,main,ang,1,1
ABSENT-MINDED,"MIND - ABSENT-MINDED",mind,main,arg-m,1,1
ABSENT-MINDED,"MIND - ABSENT-MINDED",mind,main,ars,1,1
ABSENT-MINDED,"MIND - ABSENT-MINDED",mind,main,arum-t,1,1
ABSENT-MINDED,"MIND - ABSENT-MINDED",mind,main,asar,1,1
ABSENT-MINDED,"MIND - ABSENT-MINDED",mind,main,bar-c,1,1
ABSENT-MINDED,"MIND - ABSENT-MINDED",mind,main,calad,1,1
ABSENT-MINDED,"MIND - ABSENT-MINDED",mind,main,calc,1,1
ABSENT-MINDED,"MIND - ABSENT-MINDED",mind,main,calc-s,1,1
ABSENT-MINDED,"MIND - ABSENT-MINDED",mind,main,cann-s,1,1
ABSENT-MINDED,"MIND - ABSENT-MINDED",mind,main,carb-ac,1,1
ABSENT-MINDED,"MIND - ABSENT-MINDED",mind,main,carb-s,1,1
ABSENT-MINDED,"MIND - ABSENT-MINDED",mind,main,cench,1,1
ABSENT-MINDED,"MIND - ABSENT-MINDED",mind,main,chel,1,1
ABSENT-MINDED,"MIND - ABSENT-MINDED",mind,main,chin,1,1
ABSENT-MINDED,"MIND - ABSENT-MINDED",mind,main,clem,1,1
ABSENT-MINDED,"MIND - ABSENT-MINDED",mind,main,coff,1,1
ABSENT-MINDED,"MIND - ABSENT-MINDED",mind,main,coloc,1,1
ABSENT-MINDED,"MIND - ABSENT-MINDED",mind,main,con,1,1
ABSENT-MINDED,"MIND - ABSENT-MINDED",mind,main,croc,1,1
ABSENT-MINDED,"MIND - ABSENT-MINDED",mind,main,crot-h,1,1
ABSENT-MINDED,"MIND - ABSENT-MINDED",mind,main,guaj,1,1
ABSENT-MINDED,"MIND - ABSENT-MINDED",mind,main,ham,1,1
ABSENT-MINDED,"MIND - ABSENT-MINDED",mind,main,hep,1,1
ABSENT-MINDED,"MIND - ABSENT-MINDED",mind,main,hura,1,1
ABSENT-MINDED,"MIND - ABSENT-MINDED",mind,main,led,1,1
ABSENT-MINDED,"MIND - ABSENT-MINDED",mind,main,manc,1,1
ABSENT-MINDED,"MIND - ABSENT-MINDED",mind,main,mang,1,1
ABSENT-MINDED,"MIND - ABSENT-MINDED",mind,main,mosch,1,1
ABSENT-MINDED,"MIND - ABSENT-MINDED",mind,main,naja,1,1
ABSENT-MINDED,"MIND - ABSENT-MINDED",mind,main,nat-c,1,1
ABSENT-MINDED,"MIND - ABSENT-MINDED",mind,main,nat-p,1,1
ABSENT-MINDED,"MIND - ABSENT-MINDED",mind,main,nit-ac,1,1
ABSENT-MINDED,"MIND - ABSENT-MINDED",mind,main,ph-ac,1,1
ABSENT-MINDED,"MIND - ABSENT-MINDED",mind,main,phos,1,1
ABSENT-MINDED,"MIND - ABSENT-MINDED",mind,main,rhod,1,1
ABSENT-MINDED,"MIND - ABSENT-MINDED",mind,main,rhus-t,1,1
ABSENT-MINDED,"MIND - ABSENT-MINDED",mind,main,rhus-v,1,1
ABSENT-MINDED,"MIND - ABSENT-MINDED",mind,main,ruta,1,1
ABSENT-MINDED,"MIND - ABSENT-MINDED",mind,main,sars,1,1
ABSENT-MINDED,"MIND - ABSENT-MINDED",mind,main,spong,1,1
ABSENT-MINDED,"MIND - ABSENT-MINDED",mind,main,stann,1,1
ABSENT-MINDED,"MIND - ABSENT-MINDED",mind,main,stram,1,1
ABSENT-MINDED,"MIND - ABSENT-MINDED",mind,main,sul-ac,1,1
ABSENT-MINDED,"MIND - ABSENT-MINDED",mind,main,tarent,1,1
ABSENT-MINDED,"MIND - ABSENT-MINDED",mind,main,thuj,1,1
ABSENT-MINDED,"MIND - ABSENT-MINDED",mind,main,verb,1,1
ABSENT-MINDED,"MIND - ABSENT-MINDED",mind,main,viol-o,1,1
ABSENT-MINDED,"MIND - ABSENT-MINDED",mind,main,viol-t,1,1
ABSENT-MINDED,"MIND - ABSENT-MINDED",mind,main,zinc,1,1
ABSENT-MINDED,"MIND - ABSENT-MINDED",mind,main,æsc,1,1
"ABSENT-MINDED, 11 a.m. to 4 p.m","MIND - ABSENT-MINDED - 11 a.m. to 4 p.m",mind,sub,kali-n,1,1
"ABSENT-MINDED, ABSORBED, buried in thought","MIND - ABSENT-MINDED - ABSORBED, buried in thought",mind,sub,hell,3,1
"ABSENT-MINDED, ABSORBED, buried in thought","MIND - ABSENT-MINDED - ABSORBED, buried in thought",mind,sub,mez,3,1
"ABSENT-MINDED, ABSORBED, buried in thought","MIND - ABSENT-MINDED - ABSORBED, buried in thought",mind,sub,nux-m,3,1
"ABSENT-MINDED, ABSORBED, buried in thought","MIND - ABSENT-MINDED - ABSORBED, buried in thought",mind,sub,sulph,3,1
"ABSENT-MINDED, ABSORBED, buried in thought","MIND - ABSENT-MINDED - ABSORBED, buried in thought",mind,sub,arn,2,1
"ABSENT-MINDED, ABSORBED, buried in thought","MIND - ABSENT-MINDED - ABSORBED, buried in thought",mind,sub,caps,2,1
"ABSENT-MINDED, ABSORBED, buried in thought","MIND - ABSENT-MINDED - ABSORBED, buried in thought",mind,sub,carl,2,1
"ABSENT-MINDED, ABSORBED, buried in thought","MIND - ABSENT-MINDED - ABSORBED, buried in thought",mind,sub,cic,2,1
"ABSENT-MINDED, ABSORBED, buried in thought","MIND - ABSENT-MINDED - ABSORBED, buried in thought",mind,sub,cocc,2,1
"ABSENT-MINDED, ABSORBED, buried in thought","MIND - ABSENT-MINDED - ABSORBED, buried in thought",mind,sub,ign,2,1
"ABSENT-MINDED, ABSORBED, buried in thought","MIND - ABSENT-MINDED - ABSORBED, buried in thought",mind,sub,nat-m,2,1
"ABSENT-MINDED, ABSORBED, buried in thought","MIND - ABSENT-MINDED - ABSORBED, buried in thought",mind,sub,onos,2,1
"ABSENT-MINDED, ABSORBED, buried in thought","MIND - ABSENT-MINDED - ABSORBED, buried in thought",mind,sub,op,2,1
"ABSENT-MINDED, ABSORBED, buried in thought","MIND - ABSENT-MINDED - ABSORBED, buried in thought",mind,sub,puls,2,1
"ABSENT-MINDED, ABSORBED, buried in thought","MIND - ABSENT-MINDED - ABSORBED, buried in thought",mind,sub,acon,1,1
"ABSENT-MINDED, ABSORBED, buried in thought","MIND - ABSENT-MINDED - ABSORBED, buried in thought",mind,sub,aloe,1,1
"ABSENT-MINDED, ABSORBED, buried in thought","MIND - ABSENT-MINDED - ABSORBED, buried in thought",mind,sub,am-m,1,1
"ABSENT-MINDED, ABSORBED, buried in thought","MIND - ABSENT-MINDED - ABSORBED, buried in thought",mind,sub,ant-c,1,1
"ABSENT-MINDED, ABSORBED, buried in thought","MIND - ABSENT-MINDED - ABSORBED, buried in thought",mind,sub,bell,1,1
"ABSENT-MINDED, ABSORBED, buried in thought","MIND - ABSENT-MINDED - ABSORBED, buried in thought",mind,sub,bov,1,1
"ABSENT-MINDED, ABSORBED, buried in thought","MIND - ABSENT-MINDED - ABSORBED, buried in thought",mind,sub,calc,1,1
"ABSENT-MINDED, ABSORBED, buried in thought","MIND - ABSENT-MINDED - ABSORBED, buried in thought",mind,sub,cann-i,1,1
"ABSENT-MINDED, ABSORBED, buried in thought","MIND - ABSENT-MINDED - ABSORBED, buried in thought",mind,sub,canth,1,1
"ABSENT-MINDED, ABSORBED, buried in thought","MIND - ABSENT-MINDED - ABSORBED, buried in thought",mind,sub,caust,1,1
"ABSENT-MINDED, ABSORBED, buried in thought","MIND - ABSENT-MINDED - ABSORBED, buried in thought",mind,sub,cham,1,1
"ABSENT-MINDED, ABSORBED, buried in thought","MIND - ABSENT-MINDED - ABSORBED, buried in thought",mind,sub,chin,1,1
"ABSENT-MINDED, ABSORBED, buried in thought","MIND - ABSENT-MINDED - ABSORBED, buried in thought",mind,sub,clem,1,1
"ABSENT-MINDED, ABSORBED, buried in thought","MIND - ABSENT-MINDED - ABSORBED, buried in thought",mind,sub,con,1,1
"ABSENT-MINDED, ABSORBED, buried in thought","MIND - ABSENT-MINDED - ABSORBED, buried in thought",mind,sub,cupr,1,1
"ABSENT-MINDED, ABSORBED, buried in thought","MIND - ABSENT-MINDED - ABSORBED, buried in thought",mind,sub,cycl,1,1
"ABSENT-MINDED, ABSORBED, buried in thought","MIND - ABSENT-MINDED - ABSORBED, buried in thought",mind,sub,elaps,1,1
"ABSENT-MINDED, ABSORBED, buried in thought","MIND - ABSENT-MINDED - ABSORBED, buried in thought",mind,sub,grat,1,1
"ABSENT-MINDED, ABSORBED, buried in thought","MIND - ABSENT-MINDED - ABSORBED, buried in thought",mind,sub,ham,1,1
"ABSENT-MINDED, ABSORBED, buried in thought","MIND - ABSENT-MINDED - ABSORBED, buried in thought",mind,sub,ip,1,1
"ABSENT-MINDED, ABSORBED, buried in thought","MIND - ABSENT-MINDED - ABSORBED, buried in thought",mind,sub,lil-t,1,1
"ABSENT-MINDED, ABSORBED, buried in thought","MIND - ABSENT-MINDED - ABSORBED, buried in thought",mind,sub,mang,1,1
"ABSENT-MINDED, ABSORBED, buried in thought","MIND - ABSENT-MINDED - ABSORBED, buried in thought",mind,sub,merc,1,1
"ABSENT-MINDED, ABSORBED, buried in thought","MIND - ABSENT-MINDED - ABSORBED, buried in thought",mind,sub,mosch,1,1
"ABSENT-MINDED, ABSORBED, buried in thought","MIND - ABSENT-MINDED - ABSORBED, buried in thought",mind,sub,mur-ac,1,1
"ABSENT-MINDED, ABSORBED, buried in thought","MIND - ABSENT-MINDED - ABSORBED, buried in thought",mind,sub,nat-c,1,1
"ABSENT-MINDED, ABSORBED, buried in thought","MIND - ABSENT-MINDED - ABSORBED, buried in thought",mind,sub,nat-p,1,1
"ABSENT-MINDED, ABSORBED, buried in thought","MIND - ABSENT-MINDED - ABSORBED, buried in thought",mind,sub,nit-ac,1,1
"ABSENT-MINDED, ABSORBED, buried in thought","MIND - ABSENT-MINDED - ABSORBED, buried in thought",mind,sub,ol-an,1,1
"ABSENT-MINDED, ABSORBED, buried in thought","MIND - ABSENT-MINDED - ABSORBED, buried in thought",mind,sub,phel,1,1
"ABSENT-MINDED, ABSORBED, buried in thought","MIND - ABSENT-MINDED - ABSORBED, buried in thought",mind,sub,phos,1,1
"ABSENT-MINDED, ABSORBED, buried in thought","MIND - ABSENT-MINDED - ABSORBED, buried in thought",mind,sub,rheum,1,1
"ABSENT-MINDED, ABSORBED, buried in thought","MIND - ABSENT-MINDED - ABSORBED, buried in thought",mind,sub,sabad,1,1
"ABSENT-MINDED, ABSORBED, buried in thought","MIND - ABSENT-MINDED - ABSORBED, buried in thought",mind,sub,sars,1,1
"ABSENT-MINDED, ABSORBED, buried in thought","MIND - ABSENT-MINDED - ABSORBED, buried in thought",mind,sub,spig,1,1
"ABSENT-MINDED, ABSORBED, buried in thought","MIND - ABSENT-MINDED - ABSORBED, buried in thought",mind,sub,stann,1,1
"ABSENT-MINDED, ABSORBED, buried in thought","MIND - ABSENT-MINDED - ABSORBED, buried in thought",mind,sub,stram,1,1
"ABSENT-MINDED, daytime","MIND - ABSENT-MINDED - daytime",mind,sub,elaps,1,1
"ABSENT-MINDED, menses, during","MIND - ABSENT-MINDED - menses, during",mind,sub,calc,1,1
"ABSENT-MINDED, morning","MIND - ABSENT-MINDED - morning",mind,sub,nat-c,2,1
"ABSENT-MINDED, morning","MIND - ABSENT-MINDED - morning",mind,sub,guaj,1,1
"ABSENT-MINDED, morning","MIND - ABSENT-MINDED - morning",mind,sub,nux-v,1,1
"ABSENT-MINDED, morning","MIND - ABSENT-MINDED - morning",mind,sub,ph-ac,1,1
"ABSENT-MINDED, morning","MIND - ABSENT-MINDED - morning",mind,sub,phos,1,1
"ABSENT-MINDED, noon","MIND - ABSENT-MINDED - noon",mind,sub,mosch,1,1
"ABSENT-MINDED, periodical attacks of, short lasting","MIND - ABSENT-MINDED - periodical attacks of, short lasting",mind,sub,nux-m,2,1
"ABSENT-MINDED, periodical attacks of, short lasting","MIND - ABSENT-MINDED - periodical attacks of, short lasting",mind,sub,fl-ac,1,1
"ABSENT-MINDED, reading, while","MIND - ABSENT-MINDED - reading, while",mind,sub,nux-m,2,1
"ABSENT-MINDED, reading, while","MIND - ABSENT-MINDED - reading, while",mind,sub,agn,1,1
"ABSENT-MINDED, reading, while","MIND - ABSENT-MINDED - reading, while",mind,sub,lach,1,1
"ABSENT-MINDED, reading, while","MIND - ABSENT-MINDED - reading, while",mind,sub,ph-ac,1,1
"ABSENT-MINDED, starts when spoken to","MIND - ABSENT-MINDED - starts when spoken to",mind,sub,carb-ac,1,1
"ABSENT-MINDED, writing, while","MIND - ABSENT-MINDED - writing, while",mind,sub,mag-c,1,1
"ABSORBED, ABSTRACTION of mind","MIND - ABSORBED - ABSTRACTION of mind",mind,sub,nux-m,3,1
"ABSORBED, ABSTRACTION of mind","MIND - ABSORBED - ABSTRACTION of mind",mind,sub,phos,3,1
"ABSORBED, ABSTRACTION of mind","MIND - ABSORBED - ABSTRACTION of mind",mind,sub,cann-i,2,1
"ABSORBED, ABSTRACTION of mind","MIND - ABSORBED - ABSTRACTION of mind",mind,sub,hell,2,1
"ABSORBED, ABSTRACTION of mind","MIND - ABSORBED - ABSTRACTION of mind",mind,sub,hyos,2,1
"ABSORBED, ABSTRACTION of mind","MIND - ABSORBED - ABSTRACTION of mind",mind,sub,nat-m,2,1
"ABSORBED, ABSTRACTION of mind","MIND - ABSORBED - ABSTRACTION of mind",mind,sub,sulph,2,1
"ABSORBED, ABSTRACTION of mind","MIND - ABSORBED - ABSTRACTION of mind",mind,sub,visc,2,1
"ABSORBED, ABSTRACTION of mind","MIND - ABSORBED - ABSTRACTION of mind",mind,sub,alum,1,1
"ABSORBED, ABSTRACTION of mind","MIND - ABSORBED - ABSTRACTION of mind",mind,sub,amyl-n,1,1
"ABSORBED, ABSTRACTION of mind","MIND - ABSORBED - ABSTRACTION of mind",mind,sub,camph,1,1
"ABSORBED, ABSTRACTION of mind","MIND - ABSORBED - ABSTRACTION of mind",mind,sub,carb-ac,1,1
"ABSORBED, ABSTRACTION of mind","MIND - ABSORBED - ABSTRACTION of mind",mind,sub,caust,1,1
"ABSORBED, ABSTRACTION of mind","MIND - ABSORBED - ABSTRACTION of mind",mind,sub,cic,1,1
"ABSORBED, ABSTRACTION of mind","MIND - ABSORBED - ABSTRACTION of mind",mind,sub,con,1,1
"ABSORBED, ABSTRACTION of mind","MIND - ABSORBED - ABSTRACTION of mind",mind,sub,cycl,1,1
"ABSORBED, ABSTRACTION of mind","MIND - ABSORBED - ABSTRACTION of mind",mind,sub,elaps,1,1
"ABSORBED, ABSTRACTION of mind","MIND - ABSORBED - ABSTRACTION of mind",mind,sub,guaj,1,1
"ABSORBED, ABSTRACTION of mind","MIND - ABSORBED - ABSTRACTION of mind",mind,sub,kreos,1,1
"ABSORBED, ABSTRACTION of mind","MIND - ABSORBED - ABSTRACTION of mind",mind,sub,laur,1,1
"ABSORBED, ABSTRACTION of mind","MIND - ABSORBED - ABSTRACTION of mind",mind,sub,lyc,1,1
"ABSORBED, ABSTRACTION of mind","MIND - ABSORBED - ABSTRACTION of mind",mind,sub,lyss,1,1
"ABSORBED, ABSTRACTION of mind","MIND - ABSORBED - ABSTRACTION of mind",mind,sub,mez,1,1
"ABSORBED, ABSTRACTION of mind","MIND - ABSORBED - ABSTRACTION of mind",mind,sub,onos,1,1
"ABSORBED, ABSTRACTION of mind","MIND - ABSORBED - ABSTRACTION of mind",mind,sub,op,1,1
"ABSORBED, ABSTRACTION of mind","MIND - ABSORBED - ABSTRACTION of mind",mind,sub,ph-ac,1,1
"ABSORBED, ABSTRACTION of mind","MIND - ABSORBED - ABSTRACTION of mind",mind,sub,plat,1,1
"ABSORBED, ABSTRACTION of mind","MIND - ABSORBED - ABSTRACTION of mind",mind,sub,sabad,1,1
"ABSORBED, ABSTRACTION of mind","MIND - ABSORBED - ABSTRACTION of mind",mind,sub,sec,1,1
"ABSORBED, ABSTRACTION of mind","MIND - ABSORBED - ABSTRACTION of mind",mind,sub,sil,1,1
"ABSORBED, ABSTRACTION of mind","MIND - ABSORBED - ABSTRACTION of mind",mind,sub,stram,1,1
"ABSORBED, ABSTRACTION of mind","MIND - ABSORBED - ABSTRACTION of mind",mind,sub,vesp,1,1
"ABSORBED, afternoon","MIND - ABSORBED - afternoon",mind,sub,mang,1,1
"ABSORBED, alternating with frivolity","MIND - ABSORBED - alternating with frivolity",mind,sub,arg-n,1,1
"ABSORBED, as to what would become of him","MIND - ABSORBED - as to what would become of him",mind,sub,nat-m,1,1
"ABSORBED, eating, after","MIND - ABSORBED - eating, after",mind,sub,aloe,1,1
"ABSORBED, evening","MIND - ABSORBED - evening",mind,sub,sulph,2,1
"ABSORBED, evening","MIND - ABSORBED - evening",mind,sub,am-m,1,1
"ABSORBED, menses, during","MIND - ABSORBED - menses, during",mind,sub,mur-ac,1,1
"ABSORBED, morning","MIND - ABSORBED - morning",mind,sub,guaj,1,1
"MIND, Grading","MIND - MIND - Grading",mind,sub,bold,3,1
"MIND, Grading","MIND - MIND - Grading",mind,sub,italic,2,1
ABUSIVE,"MIND - ABUSIVE",mind,main,anac,2,2
ABUSIVE,"MIND - ABUSIVE",mind,main,bell,2,2
ABUSIVE,"MIND - ABUSIVE",mind,main,hyos,2,2
ABUSIVE,"MIND - ABUSIVE",mind,main,lyss,2,2
ABUSIVE,"MIND - ABUSIVE",mind,main,nux-v,2,2
ABUSIVE,"MIND - ABUSIVE",mind,main,petr,2,2
ABUSIVE,"MIND - ABUSIVE",mind,main,seneg,2,2
ABUSIVE,"MIND - ABUSIVE",mind,main,sep,2,2
ABUSIVE,"MIND - ABUSIVE",mind,main,verat,2,2
ABUSIVE,"MIND - ABUSIVE",mind,main,am-c,1,2
ABUSIVE,"MIND - ABUSIVE",mind,main,am-m,1,2
ABUSIVE,"MIND - ABUSIVE",mind,main,bor,1,2
ABUSIVE,"MIND - ABUSIVE",mind,main,caust,1,2
ABUSIVE,"MIND - ABUSIVE",mind,main,con,1,2
ABUSIVE,"MIND - ABUSIVE",mind,main,dulc,1,2
ABUSIVE,"MIND - ABUSIVE",mind,main,ip,1,2
ABUSIVE,"MIND - ABUSIVE",mind,main,lyc,1,2
ABUSIVE,"MIND - ABUSIVE",mind,main,mosch,1,2
ABUSIVE,"MIND - ABUSIVE",mind,main,nit-ac,1,2
ABUSIVE,"MIND - ABUSIVE",mind,main,plb,1,2
ABUSIVE,"MIND - ABUSIVE",mind,main,ran-b,1,2
ABUSIVE,"MIND - ABUSIVE",mind,main,spong,1,2
ABUSIVE,"MIND - ABUSIVE",mind,main,stram,1,2
ABUSIVE,"MIND - ABUSIVE",mind,main,tub,1,2
ABUSIVE,"MIND - ABUSIVE",mind,main,viol-t,1,2
"ABUSIVE, angry, without being","MIND - ABUSIVE - angry, without being",mind,sub,dulc,1,2
"ABUSIVE, evening","MIND - ABUSIVE - evening",mind,sub,am-c,1,2
"ABUSIVE, forenoon","MIND - ABUSIVE - forenoon",mind,sub,ran-b,1,2
"ABUSIVE, pains, with the","MIND - ABUSIVE - pains, with the",mind,sub,cor-r,1,2
"ABUSIVE, scolds until the lips are blue and eyes stare and she falls down fainting","MIND - ABUSIVE - scolds until the lips are blue and eyes stare and she falls down fainting",mind,sub,mosch,1,2
"ACTIVITY, desires, fruitless","MIND - ACTIVITY, DESIRES - fruitless",mind,sub,stann,1,2
"ACUTENESS, ADMONITION agg","MIND - ACUTENESS - ADMONITION agg",mind,sub,bell,2,2
"ACUTENESS, ADMONITION agg","MIND - ACUTENESS - ADMONITION agg",mind,sub,plat,2,2
AFFECTION,"MIND - AFFECTION",mind,main,stram,2,2
AFFECTIONATE,"MIND - AFFECTIONATE",mind,main,puls,3,2
AFFECTIONATE,"MIND - AFFECTIONATE",mind,main,anac,2,2
AFFECTIONATE,"MIND - AFFECTIONATE",mind,main,croc,2,2
AFFECTIONATE,"MIND - AFFECTIONATE",mind,main,ign,2,2
AFFECTIONATE,"MIND - AFFECTIONATE",mind,main,nat-m,2,2
AFFECTIONATE,"MIND - AFFECTIONATE",mind,main,nux-v,2,2
AFFECTIONATE,"MIND - AFFECTIONATE",mind,main,acon,1,2
AFFECTIONATE,"MIND - AFFECTIONATE",mind,main,ant-c,1,2
AFFECTIONATE,"MIND - AFFECTIONATE",mind,main,bor,1,2
AFFECTIONATE,"MIND - AFFECTIONATE",mind,main,carb-an,1,2
AFFECTIONATE,"MIND - AFFECTIONATE",mind,main,carb-v,1,2
AFFECTIONATE,"MIND - AFFECTIONATE",mind,main,coff,1,2
AFFECTIONATE,"MIND - AFFECTIONATE",mind,main,hura,1,2
AFFECTIONATE,"MIND - AFFECTIONATE",mind,main,ox-ac,1,2
AFFECTIONATE,"MIND - AFFECTIONATE",mind,main,par,1,2
AFFECTIONATE,"MIND - AFFECTIONATE",mind,main,phos,1,2
AFFECTIONATE,"MIND - AFFECTIONATE",mind,main,plat,1,2
AFFECTIONATE,"MIND - AFFECTIONATE",mind,main,seneg,1,2
AFFECTIONATE,"MIND - AFFECTIONATE",mind,main,verat,1,2
"AMUSEMENT, averse to","MIND - AMUSEMENT - averse to",mind,sub,bar-c,1,2
"AMUSEMENT, averse to","MIND - AMUSEMENT - averse to",mind,sub,lil-t,1,2
"AMUSEMENT, averse to","MIND - AMUSEMENT - averse to",mind,sub,meny,1,2
"AMUSEMENT, averse to","MIND - AMUSEMENT - averse to",mind,sub,olnd,1,2
"AMUSEMENT, averse to","MIND - AMUSEMENT - averse to",mind,sub,sulph,1,2
"AMUSEMENT, desire for","MIND - AMUSEMENT - desire for",mind,sub,lach,1,2
"AMUSEMENT, desire for","MIND - AMUSEMENT - desire for",mind,sub,pip-m,1,2
"ANGER, irascibility","MIND - ANGER, IRASCIBILITY",mind,main,anac,3,3
"ANGER, irascibility","MIND - ANGER, IRASCIBILITY",mind,main,ars,3,3
"ANGER, irascibility","MIND - ANGER, IRASCIBILITY",mind,main,aur,3,3
"ANGER, irascibility","MIND - ANGER, IRASCIBILITY",mind,main,bry,3,3
"ANGER, irascibility","MIND - ANGER, IRASCIBILITY",mind,main,cham,3,3
"ANGER, irascibility","MIND - ANGER, IRASCIBILITY",mind,main,hep,3,3
"ANGER, irascibility","MIND - ANGER, IRASCIBILITY",mind,main,ign,3,3
"ANGER, irascibility","MIND - ANGER, IRASCIBILITY",mind,main,kali-c,3,3
"ANGER, irascibility","MIND - ANGER, IRASCIBILITY",mind,main,kali-s,3,3
"ANGER, irascibility","MIND - ANGER, IRASCIBILITY",mind,main,lyc,3,3
"ANGER, irascibility","MIND - ANGER, IRASCIBILITY",mind,main,nat-m,3,3
"ANGER, irascibility","MIND - ANGER, IRASCIBILITY",mind,main,nit-ac,3,3
"ANGER, irascibility","MIND - ANGER, IRASCIBILITY",mind,main,nux-v,3,3
"ANGER, irascibility","MIND - ANGER, IRASCIBILITY",mind,main,petr,3,3
"ANGER, irascibility","MIND - ANGER, IRASCIBILITY",mind,main,sep,3,3
"ANGER, irascibility","MIND - ANGER, IRASCIBILITY",mind,main,staph,3,3
"ANGER, irascibility","MIND - ANGER, IRASCIBILITY",mind,main,sulph,3,3
"ANGER, irascibility","MIND - ANGER, IRASCIBILITY",mind,main,apis,2,3
"ANGER, irascibility","MIND - ANGER, IRASCIBILITY",mind,main,ars-i,2,3
"ANGER, irascibility","MIND - ANGER, IRASCIBILITY",mind,main,bell,2,3
"ANGER, irascibility","MIND - ANGER, IRASCIBILITY",mind,main,calc-s,2,3
"ANGER, irascibility","MIND - ANGER, IRASCIBILITY",mind,main,caps,2,3
"ANGER, irascibility","MIND - ANGER, IRASCIBILITY",mind,main,coff,2,3
"ANGER, irascibility","MIND - ANGER, IRASCIBILITY",mind,main,coloc,2,3
"ANGER, irascibility","MIND - ANGER, IRASCIBILITY",mind,main,dulc,2,3
"ANGER, irascibility","MIND - ANGER, IRASCIBILITY",mind,main,graph,2,3
"ANGER, irascibility","MIND - ANGER, IRASCIBILITY",mind,main,hyos,2,3
"ANGER, irascibility","MIND - ANGER, IRASCIBILITY",mind,main,iod,2,3
"ANGER, irascibility","MIND - ANGER, IRASCIBILITY",mind,main,kali-p,2,3
"ANGER, irascibility","MIND - ANGER, IRASCIBILITY",mind,main,mag-s,2,3
"ANGER, irascibility","MIND - ANGER, IRASCIBILITY",mind,main,merc,2,3
"ANGER, irascibility","MIND - ANGER, IRASCIBILITY",mind,main,merl,2,3
"ANGER, irascibility","MIND - ANGER, IRASCIBILITY",mind,main,mosch,2,3
"ANGER, irascibility","MIND - ANGER, IRASCIBILITY",mind,main,pall,2,3
"ANGER, irascibility","MIND - ANGER, IRASCIBILITY",mind,main,ph-ac,2,3
"ANGER, irascibility","MIND - ANGER, IRASCIBILITY",mind,main,phys,2,3
"ANGER, irascibility","MIND - ANGER, IRASCIBILITY",mind,main,psor,2,3
"ANGER, irascibility","MIND - ANGER, IRASCIBILITY",mind,main,puls,2,3
"ANGER, irascibility","MIND - ANGER, IRASCIBILITY",mind,main,sil,2,3
"ANGER, irascibility","MIND - ANGER, IRASCIBILITY",mind,main,spig,2,3
"ANGER, irascibility","MIND - ANGER, IRASCIBILITY",mind,main,stram,2,3
"ANGER, irascibility","MIND - ANGER, IRASCIBILITY",mind,main,tarent,2,3
"ANGER, irascibility","MIND - ANGER, IRASCIBILITY",mind,main,thuj,2,3
"ANGER, irascibility","MIND - ANGER, IRASCIBILITY",mind,main,acon,1,3
"ANGER, irascibility","MIND - ANGER, IRASCIBILITY",mind,main,act-s,1,3
"ANGER, irascibility","MIND - ANGER, IRASCIBILITY",mind,main,agar,1,3
"ANGER, irascibility","MIND - ANGER, IRASCIBILITY",mind,main,agn,1,3
"ANGER, irascibility","MIND - ANGER, IRASCIBILITY",mind,main,all-c,1,3
"ANGER, irascibility","MIND - ANGER, IRASCIBILITY",mind,main,aloe,1,3
"ANGER, irascibility","MIND - ANGER, IRASCIBILITY",mind,main,am-c,1,3
"ANGER, irascibility","MIND - ANGER, IRASCIBILITY",mind,main,ambr,1,3
"ANGER, irascibility","MIND - ANGER, IRASCIBILITY",mind,main,arg-m,1,3
"ANGER, irascibility","MIND - ANGER, IRASCIBILITY",mind,main,arg-n,1,3
"ANGER, irascibility","MIND - ANGER, IRASCIBILITY",mind,main,arn,1,3
"ANGER, irascibility","MIND - ANGER, IRASCIBILITY",mind,main,asar,1,3
"ANGER, irascibility","MIND - ANGER, IRASCIBILITY",mind,main,aster,1,3
"ANGER, irascibility","MIND - ANGER, IRASCIBILITY",mind,main,atro,1,3
"ANGER, irascibility","MIND - ANGER, IRASCIBILITY",mind,main,bar-c,1,3
"ANGER, irascibility","MIND - ANGER, IRASCIBILITY",mind,main,bar-m,1,3
"ANGER, irascibility","MIND - ANGER, IRASCIBILITY",mind,main,bufo,1,3
"ANGER, irascibility","MIND - ANGER, IRASCIBILITY",mind,main,cact,1,3
"ANGER, irascibility","MIND - ANGER, IRASCIBILITY",mind,main,calad,1,3
"ANGER, irascibility","MIND - ANGER, IRASCIBILITY",mind,main,calc,1,3
"ANGER, irascibility","MIND - ANGER, IRASCIBILITY",mind,main,calc-p,1,3
"ANGER, irascibility","MIND - ANGER, IRASCIBILITY",mind,main,cann-s,1,3
"ANGER, irascibility","MIND - ANGER, IRASCIBILITY",mind,main,canth,1,3
"ANGER, irascibility","MIND - ANGER, IRASCIBILITY",mind,main,carb-an,1,3
"ANGER, irascibility","MIND - ANGER, IRASCIBILITY",mind,main,carb-s,1,3
"ANGER, irascibility","MIND - ANGER, IRASCIBILITY",mind,main,carb-v,1,3
"ANGER, irascibility","MIND - ANGER, IRASCIBILITY",mind,main,caust,1,3
"ANGER, irascibility","MIND - ANGER, IRASCIBILITY",mind,main,chel,1,3
"ANGER, irascibility","MIND - ANGER, IRASCIBILITY",mind,main,chin,1,3
"ANGER, irascibility","MIND - ANGER, IRASCIBILITY",mind,main,chin-a,1,3
"ANGER, irascibility","MIND - ANGER, IRASCIBILITY",mind,main,chlor,1,3
"ANGER, irascibility","MIND - ANGER, IRASCIBILITY",mind,main,cimic,1,3
"ANGER, irascibility","MIND - ANGER, IRASCIBILITY",mind,main,cinnb,1,3
"ANGER, irascibility","MIND - ANGER, IRASCIBILITY",mind,main,clem,1,3
"ANGER, irascibility","MIND - ANGER, IRASCIBILITY",mind,main,cocc,1,3
"ANGER, irascibility","MIND - ANGER, IRASCIBILITY",mind,main,con,1,3
"ANGER, irascibility","MIND - ANGER, IRASCIBILITY",mind,main,cop,1,3
"ANGER, irascibility","MIND - ANGER, IRASCIBILITY",mind,main,croc,1,3
"ANGER, irascibility","MIND - ANGER, IRASCIBILITY",mind,main,crot-t,1,3
"ANGER, irascibility","MIND - ANGER, IRASCIBILITY",mind,main,cur,1,3
"ANGER, irascibility","MIND - ANGER, IRASCIBILITY",mind,main,cycl,1,3
"ANGER, irascibility","MIND - ANGER, IRASCIBILITY",mind,main,cypr,1,3
"ANGER, irascibility","MIND - ANGER, IRASCIBILITY",mind,main,dig,1,3
"ANGER, irascibility","MIND - ANGER, IRASCIBILITY",mind,main,dros,1,3
"ANGER, irascibility","MIND - ANGER, IRASCIBILITY",mind,main,elaps,1,3
"ANGER, irascibility","MIND - ANGER, IRASCIBILITY",mind,main,euphr,1,3
"ANGER, irascibility","MIND - ANGER, IRASCIBILITY",mind,main,ferr,1,3
"ANGER, irascibility","MIND - ANGER, IRASCIBILITY",mind,main,ferr-ar,1,3
"ANGER, irascibility","MIND - ANGER, IRASCIBILITY",mind,main,ferr-i,1,3
"ANGER, irascibility","MIND - ANGER, IRASCIBILITY",mind,main,ferr-p,1,3
"ANGER, irascibility","MIND - ANGER, IRASCIBILITY",mind,main,fl-ac,1,3
"ANGER, irascibility","MIND - ANGER, IRASCIBILITY",mind,main,gels,1,3
"ANGER, irascibility","MIND - ANGER, IRASCIBILITY",mind,main,gran,1,3
"ANGER, irascibility","MIND - ANGER, IRASCIBILITY",mind,main,ham,1,3
"ANGER, irascibility","MIND - ANGER, IRASCIBILITY",mind,main,hell,1,3
"ANGER, irascibility","MIND - ANGER, IRASCIBILITY",mind,main,hydr,1,3
"ANGER, irascibility","MIND - ANGER, IRASCIBILITY",mind,main,ip,1,3
"ANGER, irascibility","MIND - ANGER, IRASCIBILITY",mind,main,kali-n,1,3
"ANGER, irascibility","MIND - ANGER, IRASCIBILITY",mind,main,lach,1,3
"ANGER, irascibility","MIND - ANGER, IRASCIBILITY",mind,main,led,1,3
"ANGER, irascibility","MIND - ANGER, IRASCIBILITY",mind,main,mang,1,3
"ANGER, irascibility","MIND - ANGER, IRASCIBILITY",mind,main,meph,1,3
"ANGER, irascibility","MIND - ANGER, IRASCIBILITY",mind,main,mur-ac,1,3
"ANGER, irascibility","MIND - ANGER, IRASCIBILITY",mind,main,myric,1,3
"ANGER, irascibility","MIND - ANGER, IRASCIBILITY",mind,main,nat-ar,1,3
"ANGER, irascibility","MIND - ANGER, IRASCIBILITY",mind,main,nat-c,1,3
"ANGER, irascibility","MIND - ANGER, IRASCIBILITY",mind,main,nat-p,1,3
"ANGER, irascibility","MIND - ANGER, IRASCIBILITY",mind,main,nat-s,1,3
"ANGER, irascibility","MIND - ANGER, IRASCIBILITY",mind,main,nicc,1,3
"ANGER, irascibility","MIND - ANGER, IRASCIBILITY",mind,main,nux-m,1,3
"ANGER, irascibility","MIND - ANGER, IRASCIBILITY",mind,main,olnd,1,3
"ANGER, irascibility","MIND - ANGER, IRASCIBILITY",mind,main,onop,1,3
"ANGER, irascibility","MIND - ANGER, IRASCIBILITY",mind,main,op,1,3
"ANGER, irascibility","MIND - ANGER, IRASCIBILITY",mind,main,phos,1,3
"ANGER, irascibility","MIND - ANGER, IRASCIBILITY",mind,main,plat,1,3
"ANGER, irascibility","MIND - ANGER, IRASCIBILITY",mind,main,ran-b,1,3
"ANGER, irascibility","MIND - ANGER, IRASCIBILITY",mind,main,ran-s,1,3
"ANGER, irascibility","MIND - ANGER, IRASCIBILITY",mind,main,rat,1,3
"ANGER, irascibility","MIND - ANGER, IRASCIBILITY",mind,main,rhus-t,1,3
"ANGER, irascibility","MIND - ANGER, IRASCIBILITY",mind,main,rhus-v,1,3
"ANGER, irascibility","MIND - ANGER, IRASCIBILITY",mind,main,ruta,1,3
"ANGER, irascibility","MIND - ANGER, IRASCIBILITY",mind,main,sabad,1,3
"ANGER, irascibility","MIND - ANGER, IRASCIBILITY",mind,main,sang,1,3
"ANGER, irascibility","MIND - ANGER, IRASCIBILITY",mind,main,seneg,1,3
"ANGER, irascibility","MIND - ANGER, IRASCIBILITY",mind,main,squil,1,3
"ANGER, irascibility","MIND - ANGER, IRASCIBILITY",mind,main,stann,1,3
"ANGER, irascibility","MIND - ANGER, IRASCIBILITY",mind,main,stront,1,3
"ANGER, irascibility","MIND - ANGER, IRASCIBILITY",mind,main,sul-ac,1,3
"ANGER, irascibility","MIND - ANGER, IRASCIBILITY",mind,main,tell,1,3
"ANGER, irascibility","MIND - ANGER, IRASCIBILITY",mind,main,trill,1,3
"ANGER, irascibility","MIND - ANGER, IRASCIBILITY",mind,main,valer,1,3
"ANGER, irascibility","MIND - ANGER, IRASCIBILITY",mind,main,verat,1,3
"ANGER, irascibility","MIND - ANGER, IRASCIBILITY",mind,main,zinc,1,3
"ANGER, irascibility","MIND - ANGER, IRASCIBILITY",mind,main,æsc,1,3
"ANGER, irascibility, 11 a.m","MIND - ANGER, IRASCIBILITY - 11 a.m",mind,sub,sulph,1,3
"ANGER, irascibility, absent persons, at","MIND - ANGER, IRASCIBILITY - absent persons, at",mind,sub,aur,2,3
"ANGER, irascibility, absent persons, at","MIND - ANGER, IRASCIBILITY - absent persons, at",mind,sub,kali-c,1,3
"ANGER, irascibility, absent persons, at","MIND - ANGER, IRASCIBILITY - absent persons, at",mind,sub,lyc,1,3
"ANGER, irascibility, ailments after anger, vexation etc","MIND - ANGER, IRASCIBILITY - ailments after anger, vexation etc",mind,sub,acon,3,3
"ANGER, irascibility, ailments after anger, vexation etc","MIND - ANGER, IRASCIBILITY - ailments after anger, vexation etc",mind,sub,cham,3,3
"ANGER, irascibility, ailments after anger, vexation etc","MIND - ANGER, IRASCIBILITY - ailments after anger, vexation etc",mind,sub,coloc,3,3
"ANGER, irascibility, ailments after anger, vexation etc","MIND - ANGER, IRASCIBILITY - ailments after anger, vexation etc",mind,sub,ign,3,3
"ANGER, irascibility, ailments after anger, vexation etc","MIND - ANGER, IRASCIBILITY - ailments after anger, vexation etc",mind,sub,ip,3,3
"ANGER, irascibility, ailments after anger, vexation etc","MIND - ANGER, IRASCIBILITY - ailments after anger, vexation etc",mind,sub,nux-v,3,3
"ANGER, irascibility, ailments after anger, vexation etc","MIND - ANGER, IRASCIBILITY - ailments after anger, vexation etc",mind,sub,op,3,3
"ANGER, irascibility, ailments after anger, vexation etc","MIND - ANGER, IRASCIBILITY - ailments after anger, vexation etc",mind,sub,plat,3,3
"ANGER, irascibility, ailments after anger, vexation etc","MIND - ANGER, IRASCIBILITY - ailments after anger, vexation etc",mind,sub,staph,3,3
"ANGER, irascibility, ailments after anger, vexation etc","MIND - ANGER, IRASCIBILITY - ailments after anger, vexation etc",mind,sub,apis,2,3
"ANGER, irascibility, ailments after anger, vexation etc","MIND - ANGER, IRASCIBILITY - ailments after anger, vexation etc",mind,sub,bell,2,3
"ANGER, irascibility, ailments after anger, vexation etc","MIND - ANGER, IRASCIBILITY - ailments after anger, vexation etc",mind,sub,calc-p,2,3
"ANGER, irascibility, ailments after anger, vexation etc","MIND - ANGER, IRASCIBILITY - ailments after anger, vexation etc",mind,sub,cupr,2,3
"ANGER, irascibility, ailments after anger, vexation etc","MIND - ANGER, IRASCIBILITY - ailments after anger, vexation etc",mind,sub,kali-p,2,3
"ANGER, irascibility, ailments after anger, vexation etc","MIND - ANGER, IRASCIBILITY - ailments after anger, vexation etc",mind,sub,lyc,2,3
"ANGER, irascibility, ailments after anger, vexation etc","MIND - ANGER, IRASCIBILITY - ailments after anger, vexation etc",mind,sub,puls,2,3
"ANGER, irascibility, ailments after anger, vexation etc","MIND - ANGER, IRASCIBILITY - ailments after anger, vexation etc",mind,sub,tarent,2,3
"ANGER, irascibility, ailments after anger, vexation etc","MIND - ANGER, IRASCIBILITY - ailments after anger, vexation etc",mind,sub,agar,1,3
"ANGER, irascibility, ailments after anger, vexation etc","MIND - ANGER, IRASCIBILITY - ailments after anger, vexation etc",mind,sub,alum,1,3
"ANGER, irascibility, ailments after anger, vexation etc","MIND - ANGER, IRASCIBILITY - ailments after anger, vexation etc",mind,sub,am-c,1,3
"ANGER, irascibility, ailments after anger, vexation etc","MIND - ANGER, IRASCIBILITY - ailments after anger, vexation etc",mind,sub,ant-t,1,3
"ANGER, irascibility, ailments after anger, vexation etc","MIND - ANGER, IRASCIBILITY - ailments after anger, vexation etc",mind,sub,arg-n,1,3
"ANGER, irascibility, ailments after anger, vexation etc","MIND - ANGER, IRASCIBILITY - ailments after anger, vexation etc",mind,sub,arn,1,3
"ANGER, irascibility, ailments after anger, vexation etc","MIND - ANGER, IRASCIBILITY - ailments after anger, vexation etc",mind,sub,ars,1,3
"ANGER, irascibility, ailments after anger, vexation etc","MIND - ANGER, IRASCIBILITY - ailments after anger, vexation etc",mind,sub,aur,1,3
"ANGER, irascibility, ailments after anger, vexation etc","MIND - ANGER, IRASCIBILITY - ailments after anger, vexation etc",mind,sub,aur-m,1,3
"ANGER, irascibility, ailments after anger, vexation etc","MIND - ANGER, IRASCIBILITY - ailments after anger, vexation etc",mind,sub,bry,1,3
"ANGER, irascibility, ailments after anger, vexation etc","MIND - ANGER, IRASCIBILITY - ailments after anger, vexation etc",mind,sub,cadm,1,3
"ANGER, irascibility, ailments after anger, vexation etc","MIND - ANGER, IRASCIBILITY - ailments after anger, vexation etc",mind,sub,calc-s,1,3
"ANGER, irascibility, ailments after anger, vexation etc","MIND - ANGER, IRASCIBILITY - ailments after anger, vexation etc",mind,sub,caust,1,3
"ANGER, irascibility, ailments after anger, vexation etc","MIND - ANGER, IRASCIBILITY - ailments after anger, vexation etc",mind,sub,chin,1,3
"ANGER, irascibility, ailments after anger, vexation etc","MIND - ANGER, IRASCIBILITY - ailments after anger, vexation etc",mind,sub,cimic,1,3
"ANGER, irascibility, ailments after anger, vexation etc","MIND - ANGER, IRASCIBILITY - ailments after anger, vexation etc",mind,sub,cocc,1,3
"ANGER, irascibility, ailments after anger, vexation etc","MIND - ANGER, IRASCIBILITY - ailments after anger, vexation etc",mind,sub,croc,1,3
"ANGER, irascibility, ailments after anger, vexation etc","MIND - ANGER, IRASCIBILITY - ailments after anger, vexation etc",mind,sub,ferr,1,3
"ANGER, irascibility, ailments after anger, vexation etc","MIND - ANGER, IRASCIBILITY - ailments after anger, vexation etc",mind,sub,ferr-p,1,3
"ANGER, irascibility, ailments after anger, vexation etc","MIND - ANGER, IRASCIBILITY - ailments after anger, vexation etc",mind,sub,gels,1,3
"ANGER, irascibility, ailments after anger, vexation etc","MIND - ANGER, IRASCIBILITY - ailments after anger, vexation etc",mind,sub,hyos,1,3
"ANGER, irascibility, ailments after anger, vexation etc","MIND - ANGER, IRASCIBILITY - ailments after anger, vexation etc",mind,sub,lach,1,3
"ANGER, irascibility, ailments after anger, vexation etc","MIND - ANGER, IRASCIBILITY - ailments after anger, vexation etc",mind,sub,mag-c,1,3
"ANGER, irascibility, ailments after anger, vexation etc","MIND - ANGER, IRASCIBILITY - ailments after anger, vexation etc",mind,sub,mag-m,1,3
"ANGER, irascibility, ailments after anger, vexation etc","MIND - ANGER, IRASCIBILITY - ailments after anger, vexation etc",mind,sub,merc,1,3
"ANGER, irascibility, ailments after anger, vexation etc","MIND - ANGER, IRASCIBILITY - ailments after anger, vexation etc",mind,sub,mez,1,3
"ANGER, irascibility, ailments after anger, vexation etc","MIND - ANGER, IRASCIBILITY - ailments after anger, vexation etc",mind,sub,nat-c,1,3
"ANGER, irascibility, ailments after anger, vexation etc","MIND - ANGER, IRASCIBILITY - ailments after anger, vexation etc",mind,sub,nat-s,1,3
"ANGER, irascibility, ailments after anger, vexation etc","MIND - ANGER, IRASCIBILITY - ailments after anger, vexation etc",mind,sub,nux-m,1,3
"ANGER, irascibility, ailments after anger, vexation etc","MIND - ANGER, IRASCIBILITY - ailments after anger, vexation etc",mind,sub,petr,1,3
"ANGER, irascibility, ailments after anger, vexation etc","MIND - ANGER, IRASCIBILITY - ailments after anger, vexation etc",mind,sub,ph-ac,1,3
"ANGER, irascibility, ailments after anger, vexation etc","MIND - ANGER, IRASCIBILITY - ailments after anger, vexation etc",mind,sub,phos,1,3
"ANGER, irascibility, ailments after anger, vexation etc","MIND - ANGER, IRASCIBILITY - ailments after anger, vexation etc",mind,sub,ran-b,1,3
"ANGER, irascibility, ailments after anger, vexation etc","MIND - ANGER, IRASCIBILITY - ailments after anger, vexation etc",mind,sub,rhus-t,1,3
"ANGER, irascibility, ailments after anger, vexation etc","MIND - ANGER, IRASCIBILITY - ailments after anger, vexation etc",mind,sub,samb,1,3
"ANGER, irascibility, ailments after anger, vexation etc","MIND - ANGER, IRASCIBILITY - ailments after anger, vexation etc",mind,sub,sec,1,3
"ANGER, irascibility, ailments after anger, vexation etc","MIND - ANGER, IRASCIBILITY - ailments after anger, vexation etc",mind,sub,sel,1,3
"ANGER, irascibility, ailments after anger, vexation etc","MIND - ANGER, IRASCIBILITY - ailments after anger, vexation etc",mind,sub,sep,1,3
"ANGER, irascibility, ailments after anger, vexation etc","MIND - ANGER, IRASCIBILITY - ailments after anger, vexation etc",mind,sub,sil,1,3
"ANGER, irascibility, ailments after anger, vexation etc","MIND - ANGER, IRASCIBILITY - ailments after anger, vexation etc",mind,sub,stann,1,3
"ANGER, irascibility, ailments after anger, vexation etc","MIND - ANGER, IRASCIBILITY - ailments after anger, vexation etc",mind,sub,stram,1,3
"ANGER, irascibility, ailments after anger, vexation etc","MIND - ANGER, IRASCIBILITY - ailments after anger, vexation etc",mind,sub,sul-ac,1,3
"ANGER, irascibility, ailments after anger, vexation etc","MIND - ANGER, IRASCIBILITY - ailments after anger, vexation etc",mind,sub,verat,1,3
"ANGER, irascibility, ailments after anger, vexation etc","MIND - ANGER, IRASCIBILITY - ailments after anger, vexation etc",mind,sub,zinc,1,3
"ANGER, irascibility, evening","MIND - ANGER, IRASCIBILITY - evening",mind,sub,lyc,3,3
"ANGER, irascibility, evening","MIND - ANGER, IRASCIBILITY - evening",mind,sub,am-c,2,3
"ANGER, irascibility, evening","MIND - ANGER, IRASCIBILITY - evening",mind,sub,kali-c,2,3
"ANGER, irascibility, evening","MIND - ANGER, IRASCIBILITY - evening",mind,sub,nicc,2,3
"ANGER, irascibility, evening","MIND - ANGER, IRASCIBILITY - evening",mind,sub,bry,1,3
"ANGER, irascibility, evening","MIND - ANGER, IRASCIBILITY - evening",mind,sub,cahin,1,3
"ANGER, irascibility, evening","MIND - ANGER, IRASCIBILITY - evening",mind,sub,croc,1,3
"ANGER, irascibility, evening","MIND - ANGER, IRASCIBILITY - evening",mind,sub,op,1,3
"ANGER, irascibility, evening","MIND - ANGER, IRASCIBILITY - evening",mind,sub,petr,1,3
"ANGER, irascibility, forenoon","MIND - ANGER, IRASCIBILITY - forenoon",mind,sub,carb-v,1,3
"ANGER, irascibility, morning","MIND - ANGER, IRASCIBILITY - morning",mind,sub,kali-c,2,3
"ANGER, irascibility, morning","MIND - ANGER, IRASCIBILITY - morning",mind,sub,nux-v,2,3
"ANGER, irascibility, morning","MIND - ANGER, IRASCIBILITY - morning",mind,sub,petr,1,3
"ANGER, irascibility, morning","MIND - ANGER, IRASCIBILITY - morning",mind,sub,sep,1,3
"ANGER, irascibility, morning","MIND - ANGER, IRASCIBILITY - morning",mind,sub,sulph,1,3
"ANGER, irascibility, waking, on","MIND - ANGER, IRASCIBILITY - waking, on",mind,sub,carb-an,1,3
"ANGER, irascibility, waking, on","MIND - ANGER, IRASCIBILITY - waking, on",mind,sub,kali-c,1,3
"ANGER, irascibility, waking, on","MIND - ANGER, IRASCIBILITY - waking, on",mind,sub,petr,1,3
"ANGER, violent","MIND - ANGER - violent",mind,sub,acon,3,4
"ANGER, violent","MIND - ANGER - violent",mind,sub,anac,3,4
"ANGER, violent","MIND - ANGER - violent",mind,sub,aur,3,4
"ANGER, violent","MIND - ANGER - violent",mind,sub,cham,3,4
"ANGER, violent","MIND - ANGER - violent",mind,sub,hep,3,4
"ANGER, violent","MIND - ANGER - violent",mind,sub,nat-m,3,4
"ANGER, violent","MIND - ANGER - violent",mind,sub,nit-ac,3,4
"ANGER, violent","MIND - ANGER - violent",mind,sub,nux-v,3,4
"ANGER, violent","MIND - ANGER - violent",mind,sub,staph,3,4
"ANGER, violent","MIND - ANGER - violent",mind,sub,tarent,3,4
"ANGER, violent","MIND - ANGER - violent",mind,sub,apis,2,4
"ANGER, violent","MIND - ANGER - violent",mind,sub,coff,2,4
"ANGER, violent","MIND - ANGER - violent",mind,sub,graph,2,4
"ANGER, violent","MIND - ANGER - violent",mind,sub,ars,1,4
"ANGER, violent","MIND - ANGER - violent",mind,sub,bar-c,1,4
"ANGER, violent","MIND - ANGER - violent",mind,sub,bell,1,4
"ANGER, violent","MIND - ANGER - violent",mind,sub,bry,1,4
"ANGER, violent","MIND - ANGER - violent",mind,sub,cahin,1,4
"ANGER, violent","MIND - ANGER - violent",mind,sub,calc,1,4
"ANGER, violent","MIND - ANGER - violent",mind,sub,carb-s,1,4
"ANGER, violent","MIND - ANGER - violent",mind,sub,carb-v,1,4
"ANGER, violent","MIND - ANGER - violent",mind,sub,ferr-p,1,4
"ANGER, violent","MIND - ANGER - violent",mind,sub,grat,1,4
"ANGER, violent","MIND - ANGER - violent",mind,sub,hyos,1,4
"ANGER, violent","MIND - ANGER - violent",mind,sub,ign,1,4
"ANGER, violent","MIND - ANGER - violent",mind,sub,kali-i,1,4
"ANGER, violent","MIND - ANGER - violent",mind,sub,lach,1,4
"ANGER, violent","MIND - ANGER - violent",mind,sub,op,1,4
"ANGER, violent","MIND - ANGER - violent",mind,sub,petr,1,4
"ANGER, violent","MIND - ANGER - violent",mind,sub,phos,1,4
"ANGER, violent","MIND - ANGER - violent",mind,sub,sep,1,4
"ANGER, violent","MIND - ANGER - violent",mind,sub,sulph,1,4
"ANGER, violent","MIND - ANGER - violent",mind,sub,verat,1,4
"ANGER, violent","MIND - ANGER - violent",mind,sub,zinc,1,4
"ANGER, voices of people","MIND - ANGER - voices of people",mind,sub,con,1,4
"ANGER, voices of people","MIND - ANGER - voices of people",mind,sub,teucr,1,4
"ANGER, voices of people","MIND - ANGER - voices of people",mind,sub,zinc,1,4
"ANGER, ailments, after anger with anxiety","MIND - ANGER, AILMENTS - after anger with anxiety",mind,sub,acon,3,4
"ANGER, ailments, after anger with anxiety","MIND - ANGER, AILMENTS - after anger with anxiety",mind,sub,ars,3,4
"ANGER, ailments, after anger with anxiety","MIND - ANGER, AILMENTS - after anger with anxiety",mind,sub,ign,3,4
"ANGER, ailments, after anger with anxiety","MIND - ANGER, AILMENTS - after anger with anxiety",mind,sub,nux-v,3,4
"ANGER, ailments, after anger with anxiety","MIND - ANGER, AILMENTS - after anger with anxiety",mind,sub,bell,2,4
"ANGER, ailments, after anger with anxiety","MIND - ANGER, AILMENTS - after anger with anxiety",mind,sub,cham,2,4
"ANGER, ailments, after anger with anxiety","MIND - ANGER, AILMENTS - after anger with anxiety",mind,sub,cupr,2,4
"ANGER, ailments, after anger with anxiety","MIND - ANGER, AILMENTS - after anger with anxiety",mind,sub,plat,2,4
"ANGER, ailments, after anger with anxiety","MIND - ANGER, AILMENTS - after anger with anxiety",mind,sub,puls,2,4
"ANGER, ailments, after anger with anxiety","MIND - ANGER, AILMENTS - after anger with anxiety",mind,sub,alum,1,4
"ANGER, ailments, after anger with anxiety","MIND - ANGER, AILMENTS - after anger with anxiety",mind,sub,aur,1,4
"ANGER, ailments, after anger with anxiety","MIND - ANGER, AILMENTS - after anger with anxiety",mind,sub,bry,1,4
"ANGER, ailments, after anger with anxiety","MIND - ANGER, AILMENTS - after anger with anxiety",mind,sub,calc,1,4
"ANGER, ailments, after anger with anxiety","MIND - ANGER, AILMENTS - after anger with anxiety",mind,sub,cocc,1,4
"ANGER, ailments, after anger with anxiety","MIND - ANGER, AILMENTS - after anger with anxiety",mind,sub,coff,1,4
"ANGER, ailments, after anger with anxiety","MIND - ANGER, AILMENTS - after anger with anxiety",mind,sub,hyos,1,4
"ANGER, ailments, after anger with anxiety","MIND - ANGER, AILMENTS - after anger with anxiety",mind,sub,lyc,1,4
"ANGER, ailments, after anger with anxiety","MIND - ANGER, AILMENTS - after anger with anxiety",mind,sub,nat-c,1,4
"ANGER, ailments, after anger with anxiety","MIND - ANGER, AILMENTS - after anger with anxiety",mind,sub,op,1,4
"ANGER, ailments, after anger with anxiety","MIND - ANGER, AILMENTS - after anger with anxiety",mind,sub,petr,1,4
"ANGER, ailments, after anger with anxiety","MIND - ANGER, AILMENTS - after anger with anxiety",mind,sub,phos,1,4
"ANGER, ailments, after anger with anxiety","MIND - ANGER, AILMENTS - after anger with anxiety",mind,sub,rhus-t,1,4
"ANGER, ailments, after anger with anxiety","MIND - ANGER, AILMENTS - after anger with anxiety",mind,sub,samb,1,4
"ANGER, ailments, after anger with anxiety","MIND - ANGER, AILMENTS - after anger with anxiety",mind,sub,sep,1,4
"ANGER, ailments, after anger with anxiety","MIND - ANGER, AILMENTS - after anger with anxiety",mind,sub,stann,1,4
"ANGER, ailments, after anger with anxiety","MIND - ANGER, AILMENTS - after anger with anxiety",mind,sub,stram,1,4
"ANGER, ailments, after anger with anxiety","MIND - ANGER, AILMENTS - after anger with anxiety",mind,sub,sulph,1,4
"ANGER, ailments, after anger with anxiety","MIND - ANGER, AILMENTS - after anger with anxiety",mind,sub,verat,1,4
"ANGER, ailments, alternating with cheerfulness","MIND - ANGER, AILMENTS - alternating with cheerfulness",mind,sub,caps,2,4
"ANGER, ailments, alternating with cheerfulness","MIND - ANGER, AILMENTS - alternating with cheerfulness",mind,sub,aur,1,4
"ANGER, ailments, alternating with cheerfulness","MIND - ANGER, AILMENTS - alternating with cheerfulness",mind,sub,croc,1,4
"ANGER, ailments, alternating with cheerfulness","MIND - ANGER, AILMENTS - alternating with cheerfulness",mind,sub,ign,1,4
"ANGER, ailments, alternating with cheerfulness","MIND - ANGER, AILMENTS - alternating with cheerfulness",mind,sub,stram,1,4
"ANGER, ailments, answer, refused to","MIND - ANGER, AILMENTS - answer, refused to",mind,sub,nux-v,3,4
"ANGER, ailments, answer, refused to","MIND - ANGER, AILMENTS - answer, refused to",mind,sub,ph-ac,2,4
"ANGER, ailments, answer, refused to","MIND - ANGER, AILMENTS - answer, refused to",mind,sub,arn,1,4
"ANGER, ailments, answer, refused to","MIND - ANGER, AILMENTS - answer, refused to",mind,sub,coloc,1,4
"ANGER, ailments, answer, refused to","MIND - ANGER, AILMENTS - answer, refused to",mind,sub,nat-m,1,4
"ANGER, ailments, answer, refused to","MIND - ANGER, AILMENTS - answer, refused to",mind,sub,puls,1,4
"ANGER, ailments, caressing, from","MIND - ANGER, AILMENTS - caressing, from",mind,sub,chin,1,4
"ANGER, ailments, consoled, when","MIND - ANGER, AILMENTS - consoled, when",mind,sub,nat-m,2,4
"ANGER, ailments, consoled, when","MIND - ANGER, AILMENTS - consoled, when",mind,sub,ars,1,4
"ANGER, ailments, consoled, when","MIND - ANGER, AILMENTS - consoled, when",mind,sub,cham,1,4
"ANGER, ailments, contradiction, from","MIND - ANGER, AILMENTS - contradiction, from",mind,sub,acon,3,4
"ANGER, ailments, contradiction, from","MIND - ANGER, AILMENTS - contradiction, from",mind,sub,aur,3,4
"ANGER, ailments, contradiction, from","MIND - ANGER, AILMENTS - contradiction, from",mind,sub,ign,3,4
"ANGER, ailments, contradiction, from","MIND - ANGER, AILMENTS - contradiction, from",mind,sub,lyc,3,4
"ANGER, ailments, contradiction, from","MIND - ANGER, AILMENTS - contradiction, from",mind,sub,sep,3,4
"ANGER, ailments, contradiction, from","MIND - ANGER, AILMENTS - contradiction, from",mind,sub,cham,2,4
"ANGER, ailments, contradiction, from","MIND - ANGER, AILMENTS - contradiction, from",mind,sub,grat,2,4
"ANGER, ailments, contradiction, from","MIND - ANGER, AILMENTS - contradiction, from",mind,sub,nicc,2,4
"ANGER, ailments, contradiction, from","MIND - ANGER, AILMENTS - contradiction, from",mind,sub,olnd,2,4
"ANGER, ailments, contradiction, from","MIND - ANGER, AILMENTS - contradiction, from",mind,sub,sil,2,4
"ANGER, ailments, contradiction, from","MIND - ANGER, AILMENTS - contradiction, from",mind,sub,staph,2,4
"ANGER, ailments, contradiction, from","MIND - ANGER, AILMENTS - contradiction, from",mind,sub,thuj,2,4
"ANGER, ailments, contradiction, from","MIND - ANGER, AILMENTS - contradiction, from",mind,sub,anac,1,4
"ANGER, ailments, contradiction, from","MIND - ANGER, AILMENTS - contradiction, from",mind,sub,bry,1,4
"ANGER, ailments, contradiction, from","MIND - ANGER, AILMENTS - contradiction, from",mind,sub,cact,1,4
"ANGER, ailments, contradiction, from","MIND - ANGER, AILMENTS - contradiction, from",mind,sub,calc-p,1,4
"ANGER, ailments, contradiction, from","MIND - ANGER, AILMENTS - contradiction, from",mind,sub,canth,1,4
"ANGER, ailments, contradiction, from","MIND - ANGER, AILMENTS - contradiction, from",mind,sub,ferr,1,4
"ANGER, ailments, contradiction, from","MIND - ANGER, AILMENTS - contradiction, from",mind,sub,ferr-ar,1,4
"ANGER, ailments, contradiction, from","MIND - ANGER, AILMENTS - contradiction, from",mind,sub,helon,1,4
"ANGER, ailments, contradiction, from","MIND - ANGER, AILMENTS - contradiction, from",mind,sub,hura,1,4
"ANGER, ailments, contradiction, from","MIND - ANGER, AILMENTS - contradiction, from",mind,sub,merc,1,4
"ANGER, ailments, contradiction, from","MIND - ANGER, AILMENTS - contradiction, from",mind,sub,nat-c,1,4
"ANGER, ailments, contradiction, from","MIND - ANGER, AILMENTS - contradiction, from",mind,sub,nux-v,1,4
"ANGER, ailments, contradiction, from","MIND - ANGER, AILMENTS - contradiction, from",mind,sub,op,1,4
"ANGER, ailments, contradiction, from","MIND - ANGER, AILMENTS - contradiction, from",mind,sub,petr,1,4
"ANGER, ailments, contradiction, from","MIND - ANGER, AILMENTS - contradiction, from",mind,sub,tarent,1,4
"ANGER, ailments, contradiction, from","MIND - ANGER, AILMENTS - contradiction, from",mind,sub,til,1,4
"ANGER, ailments, convulsion, before","MIND - ANGER, AILMENTS - convulsion, before",mind,sub,bufo,1,4
"ANGER, ailments, cough, before","MIND - ANGER, AILMENTS - cough, before",mind,sub,bell,1,4
"ANGER, ailments, cough, before","MIND - ANGER, AILMENTS - cough, before",mind,sub,cina,1,4
"ANGER, ailments, former vexations, about","MIND - ANGER, AILMENTS - former vexations, about",mind,sub,calc,1,4
"ANGER, ailments, former vexations, about","MIND - ANGER, AILMENTS - former vexations, about",mind,sub,carb-an,1,4
"ANGER, ailments, former vexations, about","MIND - ANGER, AILMENTS - former vexations, about",mind,sub,sep,1,4
"ANGER, ailments, from the","MIND - ANGER, AILMENTS - from the",mind,sub,acon,1,4
"ANGER, ailments, from the","MIND - ANGER, AILMENTS - from the",mind,sub,ant-t,1,4
"ANGER, ailments, from the","MIND - ANGER, AILMENTS - from the",mind,sub,arn,1,4
"ANGER, ailments, from the","MIND - ANGER, AILMENTS - from the",mind,sub,bell,1,4
"ANGER, ailments, from the","MIND - ANGER, AILMENTS - from the",mind,sub,cham,1,4
"ANGER, ailments, indignation","MIND - ANGER, AILMENTS - indignation",mind,sub,coloc,3,4
"ANGER, ailments, indignation","MIND - ANGER, AILMENTS - indignation",mind,sub,staph,3,4
"ANGER, ailments, indignation","MIND - ANGER, AILMENTS - indignation",mind,sub,nux-v,2,4
"ANGER, ailments, indignation","MIND - ANGER, AILMENTS - indignation",mind,sub,aur,1,4
"ANGER, ailments, indignation","MIND - ANGER, AILMENTS - indignation",mind,sub,ip,1,4
"ANGER, ailments, indignation","MIND - ANGER, AILMENTS - indignation",mind,sub,lyc,1,4
"ANGER, ailments, indignation","MIND - ANGER, AILMENTS - indignation",mind,sub,merc,1,4
"ANGER, ailments, indignation","MIND - ANGER, AILMENTS - indignation",mind,sub,mur-ac,1,4
"ANGER, ailments, indignation","MIND - ANGER, AILMENTS - indignation",mind,sub,nat-m,1,4
"ANGER, ailments, indignation","MIND - ANGER, AILMENTS - indignation",mind,sub,plat,1,4
"ANGER, ailments, interruption, from","MIND - ANGER, AILMENTS - interruption, from",mind,sub,cham,1,4
"ANGER, ailments, interruption, from","MIND - ANGER, AILMENTS - interruption, from",mind,sub,cocc,1,4
"ANGER, ailments, interruption, from","MIND - ANGER, AILMENTS - interruption, from",mind,sub,nux-v,1,4
"ANGER, ailments, mistakes, over his","MIND - ANGER, AILMENTS - mistakes, over his",mind,sub,nit-ac,1,4
"ANGER, ailments, mistakes, over his","MIND - ANGER, AILMENTS - mistakes, over his",mind,sub,staph,1,4
"ANGER, ailments, mistakes, over his","MIND - ANGER, AILMENTS - mistakes, over his",mind,sub,sulph,1,4
"ANGER, ailments, misunderstood, when","MIND - ANGER, AILMENTS - misunderstood, when",mind,sub,bufo,1,4
"ANGER, ailments, past events, about","MIND - ANGER, AILMENTS - past events, about",mind,sub,calc,1,4
"ANGER, ailments, past events, about","MIND - ANGER, AILMENTS - past events, about",mind,sub,carb-an,1,4
"ANGER, ailments, past events, about","MIND - ANGER, AILMENTS - past events, about",mind,sub,sep,1,4
"ANGER, ailments, quick repentance","MIND - ANGER, AILMENTS - quick repentance",mind,sub,croc,1,4
"ANGER, ailments, quick repentance","MIND - ANGER, AILMENTS - quick repentance",mind,sub,mez,1,4
"ANGER, ailments, quick repentance","MIND - ANGER, AILMENTS - quick repentance",mind,sub,sulph,1,4
"ANGER, ailments, silent grief","MIND - ANGER, AILMENTS - silent grief",mind,sub,ign,3,4
"ANGER, ailments, silent grief","MIND - ANGER, AILMENTS - silent grief",mind,sub,lyc,3,4
"ANGER, ailments, silent grief","MIND - ANGER, AILMENTS - silent grief",mind,sub,staph,3,4
"ANGER, ailments, silent grief","MIND - ANGER, AILMENTS - silent grief",mind,sub,coloc,2,4
"ANGER, ailments, silent grief","MIND - ANGER, AILMENTS - silent grief",mind,sub,nat-m,2,4
"ANGER, ailments, silent grief","MIND - ANGER, AILMENTS - silent grief",mind,sub,ph-ac,2,4
"ANGER, ailments, silent grief","MIND - ANGER, AILMENTS - silent grief",mind,sub,plat,2,4
"ANGER, ailments, silent grief","MIND - ANGER, AILMENTS - silent grief",mind,sub,alum,1,4
"ANGER, ailments, silent grief","MIND - ANGER, AILMENTS - silent grief",mind,sub,ars,1,4
"ANGER, ailments, silent grief","MIND - ANGER, AILMENTS - silent grief",mind,sub,aur,1,4
"ANGER, ailments, silent grief","MIND - ANGER, AILMENTS - silent grief",mind,sub,bell,1,4
"ANGER, ailments, silent grief","MIND - ANGER, AILMENTS - silent grief",mind,sub,cocc,1,4
"ANGER, ailments, silent grief","MIND - ANGER, AILMENTS - silent grief",mind,sub,hyos,1,4
"ANGER, ailments, silent grief","MIND - ANGER, AILMENTS - silent grief",mind,sub,nat-c,1,4
"ANGER, ailments, silent grief","MIND - ANGER, AILMENTS - silent grief",mind,sub,nux-v,1,4
"ANGER, ailments, silent grief","MIND - ANGER, AILMENTS - silent grief",mind,sub,phos,1,4
"ANGER, ailments, silent grief","MIND - ANGER, AILMENTS - silent grief",mind,sub,puls,1,4
"ANGER, ailments, silent grief","MIND - ANGER, AILMENTS - silent grief",mind,sub,verat,1,4
"ANGER, ailments, stabbed, so that he could have any one","MIND - ANGER, AILMENTS - stabbed, so that he could have any one",mind,sub,hep,3,4
"ANGER, ailments, stabbed, so that he could have any one","MIND - ANGER, AILMENTS - stabbed, so that he could have any one",mind,sub,chin,1,4
"ANGER, ailments, stabbed, so that he could have any one","MIND - ANGER, AILMENTS - stabbed, so that he could have any one",mind,sub,merc,1,4
"ANGER, ailments, stabbed, so that he could have any one","MIND - ANGER, AILMENTS - stabbed, so that he could have any one",mind,sub,nux-v,1,4
"ANGER, ailments, stabbed, so that he could have any one","MIND - ANGER, AILMENTS - stabbed, so that he could have any one",mind,sub,sep,1,4
"ANGER, ailments, suppressed, from","MIND - ANGER, AILMENTS - suppressed, from",mind,sub,staph,3,4
"ANGER, ailments, suppressed, from","MIND - ANGER, AILMENTS - suppressed, from",mind,sub,aur,1,4
"ANGER, ailments, suppressed, from","MIND - ANGER, AILMENTS - suppressed, from",mind,sub,cham,1,4
"ANGER, ailments, suppressed, from","MIND - ANGER, AILMENTS - suppressed, from",mind,sub,ign,1,4
"ANGER, ailments, suppressed, from","MIND - ANGER, AILMENTS - suppressed, from",mind,sub,sep,1,4
"ANGER, ailments, thinking of his ailments","MIND - ANGER, AILMENTS - thinking of his ailments",mind,sub,aur-m,1,4
"ANGER, ailments, throws things away","MIND - ANGER, AILMENTS - throws things away",mind,sub,staph,1,4
"ANGER, ailments, touched, when","MIND - ANGER, AILMENTS - touched, when",mind,sub,tarent,3,4
"ANGER, ailments, touched, when","MIND - ANGER, AILMENTS - touched, when",mind,sub,ant-c,1,4
"ANGER, ailments, touched, when","MIND - ANGER, AILMENTS - touched, when",mind,sub,iod,1,4
"ANGER, ailments, trembling, with","MIND - ANGER, AILMENTS - trembling, with",mind,sub,ambr,1,4
"ANGER, ailments, trembling, with","MIND - ANGER, AILMENTS - trembling, with",mind,sub,arg-n,1,4
"ANGER, ailments, trembling, with","MIND - ANGER, AILMENTS - trembling, with",mind,sub,aur,1,4
"ANGER, ailments, trembling, with","MIND - ANGER, AILMENTS - trembling, with",mind,sub,chel,1,4
"ANGER, ailments, trembling, with","MIND - ANGER, AILMENTS - trembling, with",mind,sub,cop,1,4
"ANGER, ailments, trembling, with","MIND - ANGER, AILMENTS - trembling, with",mind,sub,daph,1,4
"ANGER, ailments, trembling, with","MIND - ANGER, AILMENTS - trembling, with",mind,sub,ferr-p,1,4
"ANGER, ailments, trembling, with","MIND - ANGER, AILMENTS - trembling, with",mind,sub,nit-ac,1,4
"ANGER, ailments, trembling, with","MIND - ANGER, AILMENTS - trembling, with",mind,sub,pall,1,4
"ANGER, ailments, trembling, with","MIND - ANGER, AILMENTS - trembling, with",mind,sub,phos,1,4
"ANGER, ailments, trembling, with","MIND - ANGER, AILMENTS - trembling, with",mind,sub,sep,1,4
"ANGER, ailments, with fright","MIND - ANGER, AILMENTS - with fright",mind,sub,acon,3,4
"ANGER, ailments, with fright","MIND - ANGER, AILMENTS - with fright",mind,sub,ign,3,4
"ANGER, ailments, with fright","MIND - ANGER, AILMENTS - with fright",mind,sub,nux-v,3,4
"ANGER, ailments, with fright","MIND - ANGER, AILMENTS - with fright",mind,sub,petr,3,4
"ANGER, ailments, with fright","MIND - ANGER, AILMENTS - with fright",mind,sub,bell,2,4
"ANGER, ailments, with fright","MIND - ANGER, AILMENTS - with fright",mind,sub,plat,2,4
"ANGER, ailments, with fright","MIND - ANGER, AILMENTS - with fright",mind,sub,puls,2,4
"ANGER, ailments, with fright","MIND - ANGER, AILMENTS - with fright",mind,sub,aur,1,4
"ANGER, ailments, with fright","MIND - ANGER, AILMENTS - with fright",mind,sub,calc,1,4
"ANGER, ailments, with fright","MIND - ANGER, AILMENTS - with fright",mind,sub,cupr,1,4
"ANGER, ailments, with fright","MIND - ANGER, AILMENTS - with fright",mind,sub,hyos,1,4
"ANGER, ailments, with fright","MIND - ANGER, AILMENTS - with fright",mind,sub,lyc,1,4
"ANGER, ailments, with fright","MIND - ANGER, AILMENTS - with fright",mind,sub,nat-c,1,4
"ANGER, ailments, with fright","MIND - ANGER, AILMENTS - with fright",mind,sub,op,1,4
"ANGER, ailments, with fright","MIND - ANGER, AILMENTS - with fright",mind,sub,phos,1,4
"ANGER, ailments, with fright","MIND - ANGER, AILMENTS - with fright",mind,sub,samb,1,4
"ANGER, ailments, with fright","MIND - ANGER, AILMENTS - with fright",mind,sub,sep,1,4
"ANGER, ailments, with fright","MIND - ANGER, AILMENTS - with fright",mind,sub,sulph,1,4
"ANGER, ailments, with fright","MIND - ANGER, AILMENTS - with fright",mind,sub,zinc,1,4
ANGUISH,"MIND - ANGUISH",mind,main,acon,3,5
ANGUISH,"MIND - ANGUISH",mind,main,ars,3,5
ANGUISH,"MIND - ANGUISH",mind,main,bell,3,5
ANGUISH,"MIND - ANGUISH",mind,main,caust,3,5
ANGUISH,"MIND - ANGUISH",mind,main,dig,3,5
ANGUISH,"MIND - ANGUISH",mind,main,hep,3,5
ANGUISH,"MIND - ANGUISH",mind,main,phos,3,5
ANGUISH,"MIND - ANGUISH",mind,main,plat,3,5
ANGUISH,"MIND - ANGUISH",mind,main,arg-n,2,5
ANGUISH,"MIND - ANGUISH",mind,main,aur,2,5
ANGUISH,"MIND - ANGUISH",mind,main,cedr,2,5
ANGUISH,"MIND - ANGUISH",mind,main,coff,2,5
ANGUISH,"MIND - ANGUISH",mind,main,graph,2,5
ANGUISH,"MIND - ANGUISH",mind,main,mag-c,2,5
ANGUISH,"MIND - ANGUISH",mind,main,psor,2,5
ANGUISH,"MIND - ANGUISH",mind,main,acet-ac,1,5
ANGUISH,"MIND - ANGUISH",mind,main,aloe,1,5
ANGUISH,"MIND - ANGUISH",mind,main,alum,1,5
ANGUISH,"MIND - ANGUISH",mind,main,ambr,1,5
ANGUISH,"MIND - ANGUISH",mind,main,anac,1,5
ANGUISH,"MIND - ANGUISH",mind,main,ant-t,1,5
ANGUISH,"MIND - ANGUISH",mind,main,apis,1,5
ANGUISH,"MIND - ANGUISH",mind,main,arn,1,5
ANGUISH,"MIND - ANGUISH",mind,main,bism,1,5
ANGUISH,"MIND - ANGUISH",mind,main,bov,1,5
ANGUISH,"MIND - ANGUISH",mind,main,bufo,1,5
ANGUISH,"MIND - ANGUISH",mind,main,colch,1,5
ANGUISH,"MIND - ANGUISH",mind,main,crot-c,1,5
ANGUISH,"MIND - ANGUISH",mind,main,crot-h,1,5
ANGUISH,"MIND - ANGUISH",mind,main,cupr,1,5
ANGUISH,"MIND - ANGUISH",mind,main,der,1,5
ANGUISH,"MIND - ANGUISH",mind,main,hyos,1,5
ANGUISH,"MIND - ANGUISH",mind,main,kali-ar,1,5
ANGUISH,"MIND - ANGUISH",mind,main,kali-i,1,5
ANGUISH,"MIND - ANGUISH",mind,main,mur-ac,1,5
ANGUISH,"MIND - ANGUISH",mind,main,naja,1,5
ANGUISH,"MIND - ANGUISH",mind,main,nat-c,1,5
ANGUISH,"MIND - ANGUISH",mind,main,puls,1,5
ANGUISH,"MIND - ANGUISH",mind,main,sep,1,5
ANGUISH,"MIND - ANGUISH",mind,main,tarent,1,5
ANGUISH,"MIND - ANGUISH",mind,main,tril,1,5
ANGUISH,"MIND - ANGUISH",mind,main,verat,1,5
ANGUISH,"MIND - ANGUISH",mind,main,vip,1,5
ANGUISH,"MIND - ANGUISH",mind,main,æth,1,5
"ANGUISH, 4 a.m","MIND - ANGUISH - 4 a.m",mind,sub,alum,1,5
"ANGUISH, 5 a.m. to 5 p.m","MIND - ANGUISH - 5 a.m. to 5 p.m",mind,sub,psor,1,5
"ANGUISH, chill, during","MIND - ANGUISH - chill, during",mind,sub,arn,1,5
"ANGUISH, daytime","MIND - ANGUISH - daytime",mind,sub,graph,1,5
"ANGUISH, daytime","MIND - ANGUISH - daytime",mind,sub,mag-c,1,5
"ANGUISH, daytime","MIND - ANGUISH - daytime",mind,sub,merc,1,5
"ANGUISH, daytime","MIND - ANGUISH - daytime",mind,sub,murx,1,5
"ANGUISH, daytime","MIND - ANGUISH - daytime",mind,sub,nat-c,1,5
"ANGUISH, daytime","MIND - ANGUISH - daytime",mind,sub,psor,1,5
"ANGUISH, daytime","MIND - ANGUISH - daytime",mind,sub,puls,1,5
"ANGUISH, daytime","MIND - ANGUISH - daytime",mind,sub,stann,1,5
"ANGUISH, driving from place to place","MIND - ANGUISH - driving from place to place",mind,sub,ars,3,5
"ANGUISH, eating, while","MIND - ANGUISH - eating, while",mind,sub,sep,1,5
"ANGUISH, evening","MIND - ANGUISH - evening",mind,sub,ambr,2,5
"ANGUISH, evening","MIND - ANGUISH - evening",mind,sub,phos,2,5
"ANGUISH, evening","MIND - ANGUISH - evening",mind,sub,carb-v,1,5
"ANGUISH, evening","MIND - ANGUISH - evening",mind,sub,mur-ac,1,5
"ANGUISH, forenoon","MIND - ANGUISH - forenoon",mind,sub,nicc,1,5
"ANGUISH, forenoon","MIND - ANGUISH - forenoon",mind,sub,ran-b,1,5
"ANGUISH, forenoon","MIND - ANGUISH - forenoon",mind,sub,rhus-t,1,5
"ANGUISH, heat, during","MIND - ANGUISH - heat, during",mind,sub,graph,1,5
"ANGUISH, menses, before","MIND - ANGUISH - menses, before",mind,sub,graph,2,5
"ANGUISH, menses, during","MIND - ANGUISH - menses, during",mind,sub,bell,2,5
"ANGUISH, menses, during","MIND - ANGUISH - menses, during",mind,sub,plat,2,5
"ANGUISH, menses, during","MIND - ANGUISH - menses, during",mind,sub,calc,1,5
"ANGUISH, menses, during","MIND - ANGUISH - menses, during",mind,sub,coff,1,5
"ANGUISH, menses, during","MIND - ANGUISH - menses, during",mind,sub,ign,1,5
"ANGUISH, menses, during","MIND - ANGUISH - menses, during",mind,sub,merc,1,5
"ANGUISH, menses, during","MIND - ANGUISH - menses, during",mind,sub,nit-ac,1,5
"ANGUISH, menses, during","MIND - ANGUISH - menses, during",mind,sub,phos,1,5
"ANGUISH, menses, during","MIND - ANGUISH - menses, during",mind,sub,stann,1,5
"ANGUISH, menses, during","MIND - ANGUISH - menses, during",mind,sub,xan,1,5
"ANGUISH, morning","MIND - ANGUISH - morning",mind,sub,alum,2,5
"ANGUISH, morning","MIND - ANGUISH - morning",mind,sub,calc,1,5
"ANGUISH, morning","MIND - ANGUISH - morning",mind,sub,nux-v,1,5
"ANGUISH, morning","MIND - ANGUISH - morning",mind,sub,puls,1,5
"ANGUISH, morning","MIND - ANGUISH - morning",mind,sub,verat,1,5
"ANGUISH, night","MIND - ANGUISH - night",mind,sub,ambr,1,5
"ANGUISH, night","MIND - ANGUISH - night",mind,sub,arn,1,5
"ANGUISH, night","MIND - ANGUISH - night",mind,sub,nat-s,1,5
"ANGUISH, night","MIND - ANGUISH - night",mind,sub,nux-v,1,5
"ANGUISH, night","MIND - ANGUISH - night",mind,sub,plan,1,5
"ANGUISH, open air amel","MIND - ANGUISH - open air amel",mind,sub,cann-i,3,5
"ANGUISH, perspiration during","MIND - ANGUISH - perspiration during",mind,sub,arn,1,5
"ANGUISH, stool, before","MIND - ANGUISH - stool, before",mind,sub,acon,1,5
"ANGUISH, stool, before","MIND - ANGUISH - stool, before",mind,sub,merc,1,5
"ANGUISH, stool, before","MIND - ANGUISH - stool, before",mind,sub,poth,1,5
"ANGUISH, stool, before","MIND - ANGUISH - stool, before",mind,sub,verat,1,5
"ANGUISH, stool, during","MIND - ANGUISH - stool, during",mind,sub,verat,2,5
"ANGUISH, stool, during","MIND - ANGUISH - stool, during",mind,sub,merc,1,5
"ANGUISH, walking in open air","MIND - ANGUISH - walking in open air",mind,sub,arg-m,1,5
"ANGUISH, walking in open air","MIND - ANGUISH - walking in open air",mind,sub,arg-n,1,5
"ANGUISH, walking in open air","MIND - ANGUISH - walking in open air",mind,sub,bell,1,5
"ANGUISH, walking in open air","MIND - ANGUISH - walking in open air",mind,sub,canth,1,5
"ANGUISH, walking in open air","MIND - ANGUISH - walking in open air",mind,sub,cina,1,5
"ANGUISH, walking in open air","MIND - ANGUISH - walking in open air",mind,sub,plat,1,5
"ANGUISH, walking in open air","MIND - ANGUISH - walking in open air",mind,sub,tab,1,5
"ANSWERS, ""no"" to all questions","MIND - ANSWERS - ""no"" to all questions",mind,sub,crot-c,1,6
"ANSWERS, ""no"" to all questions","MIND - ANSWERS - ""no"" to all questions",mind,sub,hyos,1,6
"ANSWERS, ""no"" to all questions","MIND - ANSWERS - ""no"" to all questions",mind,sub,kali-br,1,6
"ANSWERS, ANTAGONISM with herself","MIND - ANSWERS - ANTAGONISM with herself",mind,sub,anac,1,6
"ANSWERS, ANTAGONISM with herself","MIND - ANSWERS - ANTAGONISM with herself",mind,sub,aur,1,6
"ANSWERS, ANTAGONISM with herself","MIND - ANSWERS - ANTAGONISM with herself",mind,sub,nat-m,1,6
"ANSWERS, abruptly, shortly, curtly","MIND - ANSWERS - abruptly, shortly, curtly",mind,sub,cic,2,6
"ANSWERS, abruptly, shortly, curtly","MIND - ANSWERS - abruptly, shortly, curtly",mind,sub,phos,2,6
"ANSWERS, abruptly, shortly, curtly","MIND - ANSWERS - abruptly, shortly, curtly",mind,sub,stann,2,6
"ANSWERS, abruptly, shortly, curtly","MIND - ANSWERS - abruptly, shortly, curtly",mind,sub,ars,1,6
"ANSWERS, abruptly, shortly, curtly","MIND - ANSWERS - abruptly, shortly, curtly",mind,sub,ars-h,1,6
"ANSWERS, abruptly, shortly, curtly","MIND - ANSWERS - abruptly, shortly, curtly",mind,sub,coff,1,6
"ANSWERS, abruptly, shortly, curtly","MIND - ANSWERS - abruptly, shortly, curtly",mind,sub,gels,1,6
"ANSWERS, abruptly, shortly, curtly","MIND - ANSWERS - abruptly, shortly, curtly",mind,sub,hyos,1,6
"ANSWERS, abruptly, shortly, curtly","MIND - ANSWERS - abruptly, shortly, curtly",mind,sub,jatr,1,6
"ANSWERS, abruptly, shortly, curtly","MIND - ANSWERS - abruptly, shortly, curtly",mind,sub,mur-ac,1,6
"ANSWERS, abruptly, shortly, curtly","MIND - ANSWERS - abruptly, shortly, curtly",mind,sub,plb,1,6
"ANSWERS, abruptly, shortly, curtly","MIND - ANSWERS - abruptly, shortly, curtly",mind,sub,rhus-t,1,6
"ANSWERS, abruptly, shortly, curtly","MIND - ANSWERS - abruptly, shortly, curtly",mind,sub,sep,1,6
"ANSWERS, abruptly, shortly, curtly","MIND - ANSWERS - abruptly, shortly, curtly",mind,sub,sin-a,1,6
"ANSWERS, abruptly, shortly, curtly","MIND - ANSWERS - abruptly, shortly, curtly",mind,sub,sulph,1,6
"ANSWERS, abruptly, shortly, curtly","MIND - ANSWERS - abruptly, shortly, curtly",mind,sub,tarent,1,6
"ANSWERS, aversion to","MIND - ANSWERS - aversion to",mind,sub,glon,3,6
"ANSWERS, aversion to","MIND - ANSWERS - aversion to",mind,sub,hyos,3,6
"ANSWERS, aversion to","MIND - ANSWERS - aversion to",mind,sub,nux-v,3,6
"ANSWERS, aversion to","MIND - ANSWERS - aversion to",mind,sub,ph-ac,2,6
"ANSWERS, aversion to","MIND - ANSWERS - aversion to",mind,sub,agar,1,6
"ANSWERS, aversion to","MIND - ANSWERS - aversion to",mind,sub,alum,1,6
"ANSWERS, aversion to","MIND - ANSWERS - aversion to",mind,sub,am-c,1,6
"ANSWERS, aversion to","MIND - ANSWERS - aversion to",mind,sub,ambr,1,6
"ANSWERS, aversion to","MIND - ANSWERS - aversion to",mind,sub,anac,1,6
"ANSWERS, aversion to","MIND - ANSWERS - aversion to",mind,sub,ang,1,6
"ANSWERS, aversion to","MIND - ANSWERS - aversion to",mind,sub,ars-i,1,6
"ANSWERS, aversion to","MIND - ANSWERS - aversion to",mind,sub,atro,1,6
"ANSWERS, aversion to","MIND - ANSWERS - aversion to",mind,sub,aur,1,6
"ANSWERS, aversion to","MIND - ANSWERS - aversion to",mind,sub,cact,1,6
"ANSWERS, aversion to","MIND - ANSWERS - aversion to",mind,sub,calc-s,1,6
"ANSWERS, aversion to","MIND - ANSWERS - aversion to",mind,sub,carb-h,1,6
"ANSWERS, aversion to","MIND - ANSWERS - aversion to",mind,sub,caust,1,6
"ANSWERS, aversion to","MIND - ANSWERS - aversion to",mind,sub,chin,1,6
"ANSWERS, aversion to","MIND - ANSWERS - aversion to",mind,sub,chin-t,1,6
"ANSWERS, aversion to","MIND - ANSWERS - aversion to",mind,sub,cimic,1,6
"ANSWERS, aversion to","MIND - ANSWERS - aversion to",mind,sub,cocc,1,6
"ANSWERS, aversion to","MIND - ANSWERS - aversion to",mind,sub,coff,1,6
"ANSWERS, aversion to","MIND - ANSWERS - aversion to",mind,sub,coloc,1,6
"ANSWERS, aversion to","MIND - ANSWERS - aversion to",mind,sub,con,1,6
"ANSWERS, aversion to","MIND - ANSWERS - aversion to",mind,sub,cupr,1,6
"ANSWERS, aversion to","MIND - ANSWERS - aversion to",mind,sub,euphr,1,6
"ANSWERS, aversion to","MIND - ANSWERS - aversion to",mind,sub,iod,1,6
"ANSWERS, aversion to","MIND - ANSWERS - aversion to",mind,sub,kali-ar,1,6
"ANSWERS, aversion to","MIND - ANSWERS - aversion to",mind,sub,kali-c,1,6
"ANSWERS, aversion to","MIND - ANSWERS - aversion to",mind,sub,kali-i,1,6
"ANSWERS, aversion to","MIND - ANSWERS - aversion to",mind,sub,lach,1,6
"ANSWERS, aversion to","MIND - ANSWERS - aversion to",mind,sub,lyc,1,6
"ANSWERS, aversion to","MIND - ANSWERS - aversion to",mind,sub,mag-c,1,6
"ANSWERS, aversion to","MIND - ANSWERS - aversion to",mind,sub,mez,1,6
"ANSWERS, aversion to","MIND - ANSWERS - aversion to",mind,sub,op,1,6
"ANSWERS, aversion to","MIND - ANSWERS - aversion to",mind,sub,phos,1,6
"ANSWERS, aversion to","MIND - ANSWERS - aversion to",mind,sub,puls,1,6
"ANSWERS, aversion to","MIND - ANSWERS - aversion to",mind,sub,rhus-t,1,6
"ANSWERS, aversion to","MIND - ANSWERS - aversion to",mind,sub,sabad,1,6
"ANSWERS, aversion to","MIND - ANSWERS - aversion to",mind,sub,sec,1,6
"ANSWERS, aversion to","MIND - ANSWERS - aversion to",mind,sub,spong,1,6
"ANSWERS, aversion to","MIND - ANSWERS - aversion to",mind,sub,stann,1,6
"ANSWERS, aversion to","MIND - ANSWERS - aversion to",mind,sub,stram,1,6
"ANSWERS, aversion to","MIND - ANSWERS - aversion to",mind,sub,stry,1,6
"ANSWERS, aversion to","MIND - ANSWERS - aversion to",mind,sub,sul-ac,1,6
"ANSWERS, aversion to","MIND - ANSWERS - aversion to",mind,sub,sulph,1,6
"ANSWERS, aversion to","MIND - ANSWERS - aversion to",mind,sub,tab,1,6
"ANSWERS, aversion to","MIND - ANSWERS - aversion to",mind,sub,tarent,1,6
"ANSWERS, aversion to","MIND - ANSWERS - aversion to",mind,sub,verat,1,6
"ANSWERS, aversion to","MIND - ANSWERS - aversion to",mind,sub,vib,1,6
"ANSWERS, confusedly as though thinking of something else","MIND - ANSWERS - confusedly as though thinking of something else",mind,sub,hell,2,6
"ANSWERS, confusedly as though thinking of something else","MIND - ANSWERS - confusedly as though thinking of something else",mind,sub,bar-m,1,6
"ANSWERS, confusedly as though thinking of something else","MIND - ANSWERS - confusedly as though thinking of something else",mind,sub,mosch,1,6
"ANSWERS, difficult","MIND - ANSWERS - difficult",mind,sub,chlol,1,6
"ANSWERS, difficult","MIND - ANSWERS - difficult",mind,sub,phos,1,6
"ANSWERS, difficult","MIND - ANSWERS - difficult",mind,sub,sul-ac,1,6
"ANSWERS, difficult","MIND - ANSWERS - difficult",mind,sub,sulph,1,6
"ANSWERS, difficult","MIND - ANSWERS - difficult",mind,sub,verat,1,6
"ANSWERS, disconnected","MIND - ANSWERS - disconnected",mind,sub,coff,1,6
"ANSWERS, disconnected","MIND - ANSWERS - disconnected",mind,sub,crot-h,1,6
"ANSWERS, disconnected","MIND - ANSWERS - disconnected",mind,sub,kali-br,1,6
"ANSWERS, disconnected","MIND - ANSWERS - disconnected",mind,sub,phos,1,6
"ANSWERS, disconnected","MIND - ANSWERS - disconnected",mind,sub,stram,1,6
"ANSWERS, disconnected","MIND - ANSWERS - disconnected",mind,sub,strych,1,6
"ANSWERS, foolish","MIND - ANSWERS - foolish",mind,sub,ars,1,6
"ANSWERS, foolish","MIND - ANSWERS - foolish",mind,sub,bell,1,6
"ANSWERS, hastily","MIND - ANSWERS - hastily",mind,sub,lyc,2,6
"ANSWERS, hastily","MIND - ANSWERS - hastily",mind,sub,ars,1,6
"ANSWERS, hastily","MIND - ANSWERS - hastily",mind,sub,bell,1,6
"ANSWERS, hastily","MIND - ANSWERS - hastily",mind,sub,bry,1,6
"ANSWERS, hastily","MIND - ANSWERS - hastily",mind,sub,cimic,1,6
"ANSWERS, hastily","MIND - ANSWERS - hastily",mind,sub,cocc,1,6
"ANSWERS, hastily","MIND - ANSWERS - hastily",mind,sub,hep,1,6
"ANSWERS, hastily","MIND - ANSWERS - hastily",mind,sub,lach,1,6
"ANSWERS, hastily","MIND - ANSWERS - hastily",mind,sub,rhus-t,1,6
"ANSWERS, hastily","MIND - ANSWERS - hastily",mind,sub,strych,1,6
"ANSWERS, imaginary questions","MIND - ANSWERS - imaginary questions",mind,sub,hyos,2,6
"ANSWERS, imaginary questions","MIND - ANSWERS - imaginary questions",mind,sub,atro,1,6
"ANSWERS, imaginary questions","MIND - ANSWERS - imaginary questions",mind,sub,plb,1,6
"ANSWERS, imaginary questions","MIND - ANSWERS - imaginary questions",mind,sub,stram,1,6
"ANSWERS, imaginary questions","MIND - ANSWERS - imaginary questions",mind,sub,verat,1,6
"ANSWERS, incoherently","MIND - ANSWERS - incoherently",mind,sub,bell,1,6
"ANSWERS, incoherently","MIND - ANSWERS - incoherently",mind,sub,cann-i,1,6
"ANSWERS, incoherently","MIND - ANSWERS - incoherently",mind,sub,chlol,1,6
"ANSWERS, incoherently","MIND - ANSWERS - incoherently",mind,sub,coff-t,1,6
"ANSWERS, incoherently","MIND - ANSWERS - incoherently",mind,sub,cycl,1,6
"ANSWERS, incoherently","MIND - ANSWERS - incoherently",mind,sub,hyos,1,6
"ANSWERS, incoherently","MIND - ANSWERS - incoherently",mind,sub,stram,1,6
"ANSWERS, incoherently","MIND - ANSWERS - incoherently",mind,sub,valer,1,6
"ANSWERS, incorrectly","MIND - ANSWERS - incorrectly",mind,sub,bell,1,6
"ANSWERS, incorrectly","MIND - ANSWERS - incorrectly",mind,sub,carb-v,1,6
"ANSWERS, incorrectly","MIND - ANSWERS - incorrectly",mind,sub,cham,1,6
"ANSWERS, incorrectly","MIND - ANSWERS - incorrectly",mind,sub,hyos,1,6
"ANSWERS, incorrectly","MIND - ANSWERS - incorrectly",mind,sub,merc,1,6
"ANSWERS, incorrectly","MIND - ANSWERS - incorrectly",mind,sub,phos,1,6
"ANSWERS, incorrectly","MIND - ANSWERS - incorrectly",mind,sub,spong,1,6
"ANSWERS, incorrectly","MIND - ANSWERS - incorrectly",mind,sub,verat,1,6
"ANSWERS, irrelevantly","MIND - ANSWERS - irrelevantly",mind,sub,phos,3,6
"ANSWERS, irrelevantly","MIND - ANSWERS - irrelevantly",mind,sub,sulph,3,6
"ANSWERS, irrelevantly","MIND - ANSWERS - irrelevantly",mind,sub,bell,1,6
"ANSWERS, irrelevantly","MIND - ANSWERS - irrelevantly",mind,sub,carb-v,1,6
"ANSWERS, irrelevantly","MIND - ANSWERS - irrelevantly",mind,sub,cimic,1,6
"ANSWERS, irrelevantly","MIND - ANSWERS - irrelevantly",mind,sub,hyos,1,6
"ANSWERS, irrelevantly","MIND - ANSWERS - irrelevantly",mind,sub,led,1,6
"ANSWERS, irrelevantly","MIND - ANSWERS - irrelevantly",mind,sub,lyss,1,6
"ANSWERS, irrelevantly","MIND - ANSWERS - irrelevantly",mind,sub,nux-m,1,6
"ANSWERS, irrelevantly","MIND - ANSWERS - irrelevantly",mind,sub,nux-v,1,6
"ANSWERS, irrelevantly","MIND - ANSWERS - irrelevantly",mind,sub,petr,1,6
"ANSWERS, irrelevantly","MIND - ANSWERS - irrelevantly",mind,sub,ph-ac,1,6
"ANSWERS, irrelevantly","MIND - ANSWERS - irrelevantly",mind,sub,sabad,1,6
"ANSWERS, irrelevantly","MIND - ANSWERS - irrelevantly",mind,sub,sec,1,6
"ANSWERS, irrelevantly","MIND - ANSWERS - irrelevantly",mind,sub,stram,1,6
"ANSWERS, irrelevantly","MIND - ANSWERS - irrelevantly",mind,sub,sul-ac,1,6
"ANSWERS, irrelevantly","MIND - ANSWERS - irrelevantly",mind,sub,tarent,1,6
"ANSWERS, irrelevantly","MIND - ANSWERS - irrelevantly",mind,sub,valer,1,6
"ANSWERS, loquacious at other times","MIND - ANSWERS - loquacious at other times",mind,sub,cimic,1,6
"ANSWERS, monosyllable","MIND - ANSWERS - monosyllable",mind,sub,calc,1,6
"ANSWERS, monosyllable","MIND - ANSWERS - monosyllable",mind,sub,carb-h,1,6
"ANSWERS, monosyllable","MIND - ANSWERS - monosyllable",mind,sub,gels,1,6
"ANSWERS, monosyllable","MIND - ANSWERS - monosyllable",mind,sub,kali-br,1,6
"ANSWERS, monosyllable","MIND - ANSWERS - monosyllable",mind,sub,ph-ac,1,6
"ANSWERS, monosyllable","MIND - ANSWERS - monosyllable",mind,sub,plb,1,6
"ANSWERS, monosyllable","MIND - ANSWERS - monosyllable",mind,sub,puls,1,6
"ANSWERS, monosyllable","MIND - ANSWERS - monosyllable",mind,sub,sep,1,6
"ANSWERS, morning","MIND - ANSWERS - morning",mind,sub,mag-m,1,6
"ANSWERS, reflects long","MIND - ANSWERS - reflects long",mind,sub,hell,3,6
"ANSWERS, reflects long","MIND - ANSWERS - reflects long",mind,sub,nux-m,2,6
"ANSWERS, reflects long","MIND - ANSWERS - reflects long",mind,sub,anac,1,6
"ANSWERS, reflects long","MIND - ANSWERS - reflects long",mind,sub,cocc,1,6
"ANSWERS, reflects long","MIND - ANSWERS - reflects long",mind,sub,cupr,1,6
"ANSWERS, reflects long","MIND - ANSWERS - reflects long",mind,sub,grat,1,6
"ANSWERS, reflects long","MIND - ANSWERS - reflects long",mind,sub,phos,1,6
"ANSWERS, reflects long","MIND - ANSWERS - reflects long",mind,sub,stry,1,6
"ANSWERS, reflects long","MIND - ANSWERS - reflects long",mind,sub,zinc,1,6
"ANSWERS, refuses to","MIND - ANSWERS - refuses to",mind,sub,phos,3,6
"ANSWERS, refuses to","MIND - ANSWERS - refuses to",mind,sub,arn,2,6
"ANSWERS, refuses to","MIND - ANSWERS - refuses to",mind,sub,hell,2,6
"ANSWERS, refuses to","MIND - ANSWERS - refuses to",mind,sub,sul-ac,2,6
"ANSWERS, refuses to","MIND - ANSWERS - refuses to",mind,sub,agar,1,6
"ANSWERS, refuses to","MIND - ANSWERS - refuses to",mind,sub,ambr,1,6
"ANSWERS, refuses to","MIND - ANSWERS - refuses to",mind,sub,ars,1,6
"ANSWERS, refuses to","MIND - ANSWERS - refuses to",mind,sub,bell,1,6
"ANSWERS, refuses to","MIND - ANSWERS - refuses to",mind,sub,camph,1,6
"ANSWERS, refuses to","MIND - ANSWERS - refuses to",mind,sub,caust,1,6
"ANSWERS, refuses to","MIND - ANSWERS - refuses to",mind,sub,chin,1,6
"ANSWERS, refuses to","MIND - ANSWERS - refuses to",mind,sub,chin-a,1,6
"ANSWERS, refuses to","MIND - ANSWERS - refuses to",mind,sub,cimic,1,6
"ANSWERS, refuses to","MIND - ANSWERS - refuses to",mind,sub,hyos,1,6
"ANSWERS, refuses to","MIND - ANSWERS - refuses to",mind,sub,lach,1,6
"ANSWERS, refuses to","MIND - ANSWERS - refuses to",mind,sub,led,1,6
"ANSWERS, refuses to","MIND - ANSWERS - refuses to",mind,sub,lyss,1,6
"ANSWERS, refuses to","MIND - ANSWERS - refuses to",mind,sub,nux-m,1,6
"ANSWERS, refuses to","MIND - ANSWERS - refuses to",mind,sub,nux-v,1,6
"ANSWERS, refuses to","MIND - ANSWERS - refuses to",mind,sub,petr,1,6
"ANSWERS, refuses to","MIND - ANSWERS - refuses to",mind,sub,ph-ac,1,6
"ANSWERS, refuses to","MIND - ANSWERS - refuses to",mind,sub,sabad,1,6
"ANSWERS, refuses to","MIND - ANSWERS - refuses to",mind,sub,sec,1,6
"ANSWERS, refuses to","MIND - ANSWERS - refuses to",mind,sub,stram,1,6
"ANSWERS, refuses to","MIND - ANSWERS - refuses to",mind,sub,verat,1,6
"ANSWERS, repeats the question first","MIND - ANSWERS - repeats the question first",mind,sub,ambr,1,6
"ANSWERS, repeats the question first","MIND - ANSWERS - repeats the question first",mind,sub,caust,1,6
"ANSWERS, repeats the question first","MIND - ANSWERS - repeats the question first",mind,sub,kali-br,1,6
"ANSWERS, repeats the question first","MIND - ANSWERS - repeats the question first",mind,sub,sulph,1,6
"ANSWERS, repeats the question first","MIND - ANSWERS - repeats the question first",mind,sub,zinc,1,6
"ANSWERS, sings, talks, but will not answer questions","MIND - ANSWERS - sings, talks, but will not answer questions",mind,sub,agar,1,6
"ANSWERS, slowly","MIND - ANSWERS - slowly",mind,sub,hell,3,6
"ANSWERS, slowly","MIND - ANSWERS - slowly",mind,sub,merc,3,6
"ANSWERS, slowly","MIND - ANSWERS - slowly",mind,sub,ph-ac,3,6
"ANSWERS, slowly","MIND - ANSWERS - slowly",mind,sub,phos,3,6
"ANSWERS, slowly","MIND - ANSWERS - slowly",mind,sub,kali-br,2,6
"ANSWERS, slowly","MIND - ANSWERS - slowly",mind,sub,sulph,2,6
"ANSWERS, slowly","MIND - ANSWERS - slowly",mind,sub,agar-ph,1,6
"ANSWERS, slowly","MIND - ANSWERS - slowly",mind,sub,anac,1,6
"ANSWERS, slowly","MIND - ANSWERS - slowly",mind,sub,ars,1,6
"ANSWERS, slowly","MIND - ANSWERS - slowly",mind,sub,carb-h,1,6
"ANSWERS, slowly","MIND - ANSWERS - slowly",mind,sub,carb-s,1,6
"ANSWERS, slowly","MIND - ANSWERS - slowly",mind,sub,cocc,1,6
"ANSWERS, slowly","MIND - ANSWERS - slowly",mind,sub,con,1,6
"ANSWERS, slowly","MIND - ANSWERS - slowly",mind,sub,cupr,1,6
"ANSWERS, slowly","MIND - ANSWERS - slowly",mind,sub,nux-m,1,6
"ANSWERS, slowly","MIND - ANSWERS - slowly",mind,sub,op,1,6
"ANSWERS, slowly","MIND - ANSWERS - slowly",mind,sub,ox-ac,1,6
"ANSWERS, slowly","MIND - ANSWERS - slowly",mind,sub,plb,1,6
"ANSWERS, slowly","MIND - ANSWERS - slowly",mind,sub,rhus-t,1,6
"ANSWERS, slowly","MIND - ANSWERS - slowly",mind,sub,sep,1,6
"ANSWERS, slowly","MIND - ANSWERS - slowly",mind,sub,sul-ac,1,6
"ANSWERS, slowly","MIND - ANSWERS - slowly",mind,sub,thuj,1,6
"ANSWERS, slowly","MIND - ANSWERS - slowly",mind,sub,zinc,1,6
"ANSWERS, spoken to, when yet knows no one","MIND - ANSWERS - spoken to, when yet knows no one",mind,sub,cic,1,6
"ANSWERS, stupor returns quickly after","MIND - ANSWERS - stupor returns quickly after",mind,sub,hyos,3,6
"ANSWERS, stupor returns quickly after","MIND - ANSWERS - stupor returns quickly after",mind,sub,arn,1,6
"ANSWERS, stupor returns quickly after","MIND - ANSWERS - stupor returns quickly after",mind,sub,bapt,1,6
"ANSWERS, stupor returns quickly after","MIND - ANSWERS - stupor returns quickly after",mind,sub,plb,1,6
"ANSWERS, unintelligibly","MIND - ANSWERS - unintelligibly",mind,sub,chin,1,6
"ANSWERS, unintelligibly","MIND - ANSWERS - unintelligibly",mind,sub,coff-t,1,6
"ANSWERS, unintelligibly","MIND - ANSWERS - unintelligibly",mind,sub,hyos,1,6
"ANSWERS, unintelligibly","MIND - ANSWERS - unintelligibly",mind,sub,phos,1,6
"ANTHROPOPHOBIA, ANTICIPATION, complaints from","MIND - ANTHROPOPHOBIA - ANTICIPATION, complaints from",mind,sub,arg-n,1,6
"ANTHROPOPHOBIA, ANTICIPATION, complaints from","MIND - ANTHROPOPHOBIA - ANTICIPATION, complaints from",mind,sub,ars,1,6
"ANTHROPOPHOBIA, ANTICIPATION, complaints from","MIND - ANTHROPOPHOBIA - ANTICIPATION, complaints from",mind,sub,gels,1,6
"ANTHROPOPHOBIA, ANTICIPATION, complaints from","MIND - ANTHROPOPHOBIA - ANTICIPATION, complaints from",mind,sub,lyc,1,6
"ANTHROPOPHOBIA, ANTICIPATION, complaints from","MIND - ANTHROPOPHOBIA - ANTICIPATION, complaints from",mind,sub,med,1,6
"ANTHROPOPHOBIA, ANTICIPATION, complaints from","MIND - ANTHROPOPHOBIA - ANTICIPATION, complaints from",mind,sub,ph-ac,1,6
"ANTHROPOPHOBIA, ANTICS, plays","MIND - ANTHROPOPHOBIA - ANTICS, plays",mind,sub,hyos,3,6
"ANTHROPOPHOBIA, ANTICS, plays","MIND - ANTHROPOPHOBIA - ANTICS, plays",mind,sub,bell,1,6
"ANTHROPOPHOBIA, ANTICS, plays","MIND - ANTHROPOPHOBIA - ANTICS, plays",mind,sub,cupr,1,6
"ANTHROPOPHOBIA, ANTICS, plays","MIND - ANTHROPOPHOBIA - ANTICS, plays",mind,sub,lact,1,6
"ANTHROPOPHOBIA, ANTICS, plays","MIND - ANTHROPOPHOBIA - ANTICS, plays",mind,sub,merc,1,6
"ANTHROPOPHOBIA, ANTICS, plays","MIND - ANTHROPOPHOBIA - ANTICS, plays",mind,sub,op,1,6
"ANTHROPOPHOBIA, ANTICS, plays","MIND - ANTHROPOPHOBIA - ANTICS, plays",mind,sub,phos,1,6
"ANTHROPOPHOBIA, ANTICS, plays","MIND - ANTHROPOPHOBIA - ANTICS, plays",mind,sub,plb,1,6
"ANTHROPOPHOBIA, ANTICS, plays","MIND - ANTHROPOPHOBIA - ANTICS, plays",mind,sub,stram,1,6
ANXIETY,"MIND - ANXIETY",mind,main,acon,3,7
ANXIETY,"MIND - ANXIETY",mind,main,arg-n,3,7
ANXIETY,"MIND - ANXIETY",mind,main,ars,3,7
ANXIETY,"MIND - ANXIETY",mind,main,ars-i,3,7
ANXIETY,"MIND - ANXIETY",mind,main,aur,3,7
ANXIETY,"MIND - ANXIETY",mind,main,bell,3,7
ANXIETY,"MIND - ANXIETY",mind,main,bor,3,7
ANXIETY,"MIND - ANXIETY",mind,main,bry,3,7
ANXIETY,"MIND - ANXIETY",mind,main,cact,3,7
ANXIETY,"MIND - ANXIETY",mind,main,calc-p,3,7
ANXIETY,"MIND - ANXIETY",mind,main,calc-s,3,7
ANXIETY,"MIND - ANXIETY",mind,main,camph,3,7
ANXIETY,"MIND - ANXIETY",mind,main,cann-i,3,7
ANXIETY,"MIND - ANXIETY",mind,main,carb-s,3,7
ANXIETY,"MIND - ANXIETY",mind,main,caust,3,7
ANXIETY,"MIND - ANXIETY",mind,main,dig,3,7
ANXIETY,"MIND - ANXIETY",mind,main,gels,3,7
ANXIETY,"MIND - ANXIETY",mind,main,hyos,3,7
ANXIETY,"MIND - ANXIETY",mind,main,ign,3,7
ANXIETY,"MIND - ANXIETY",mind,main,iod,3,7
ANXIETY,"MIND - ANXIETY",mind,main,kali-ar,3,7
ANXIETY,"MIND - ANXIETY",mind,main,kali-c,3,7
ANXIETY,"MIND - ANXIETY",mind,main,kali-i,3,7
ANXIETY,"MIND - ANXIETY",mind,main,kali-p,3,7
ANXIETY,"MIND - ANXIETY",mind,main,kali-s,3,7
ANXIETY,"MIND - ANXIETY",mind,main,lyc,3,7
ANXIETY,"MIND - ANXIETY",mind,main,nat-c,3,7
ANXIETY,"MIND - ANXIETY",mind,main,nit-ac,3,7
ANXIETY,"MIND - ANXIETY",mind,main,nux-v,3,7
ANXIETY,"MIND - ANXIETY",mind,main,phos,3,7
ANXIETY,"MIND - ANXIETY",mind,main,psor,3,7
ANXIETY,"MIND - ANXIETY",mind,main,puls,3,7
ANXIETY,"MIND - ANXIETY",mind,main,rhus-t,3,7
ANXIETY,"MIND - ANXIETY",mind,main,sec,3,7
ANXIETY,"MIND - ANXIETY",mind,main,staph,3,7
ANXIETY,"MIND - ANXIETY",mind,main,sulph,3,7
ANXIETY,"MIND - ANXIETY",mind,main,verat,3,7
ANXIETY,"MIND - ANXIETY",mind,main,acon-f,2,7
ANXIETY,"MIND - ANXIETY",mind,main,arn,2,7
ANXIETY,"MIND - ANXIETY",mind,main,ars-h,2,7
ANXIETY,"MIND - ANXIETY",mind,main,benz-ac,2,7
ANXIETY,"MIND - ANXIETY",mind,main,cann-s,2,7
ANXIETY,"MIND - ANXIETY",mind,main,canth,2,7
ANXIETY,"MIND - ANXIETY",mind,main,cast,2,7
ANXIETY,"MIND - ANXIETY",mind,main,mag-c,2,7
ANXIETY,"MIND - ANXIETY",mind,main,mag-m,2,7
ANXIETY,"MIND - ANXIETY",mind,main,nat-m,2,7
ANXIETY,"MIND - ANXIETY",mind,main,nat-p,2,7
ANXIETY,"MIND - ANXIETY",mind,main,abrot,1,7
ANXIETY,"MIND - ANXIETY",mind,main,act-s,1,7
ANXIETY,"MIND - ANXIETY",mind,main,act-sp,1,7
ANXIETY,"MIND - ANXIETY",mind,main,agar,1,7
ANXIETY,"MIND - ANXIETY",mind,main,agn,1,7
ANXIETY,"MIND - ANXIETY",mind,main,all-c,1,7
ANXIETY,"MIND - ANXIETY",mind,main,aloe,1,7
ANXIETY,"MIND - ANXIETY",mind,main,alum,1,7
ANXIETY,"MIND - ANXIETY",mind,main,alumn,1,7
ANXIETY,"MIND - ANXIETY",mind,main,am-c,1,7
ANXIETY,"MIND - ANXIETY",mind,main,am-m,1,7
ANXIETY,"MIND - ANXIETY",mind,main,ambr,1,7
ANXIETY,"MIND - ANXIETY",mind,main,ang,1,7
ANXIETY,"MIND - ANXIETY",mind,main,ant-c,1,7
ANXIETY,"MIND - ANXIETY",mind,main,ant-t,1,7
ANXIETY,"MIND - ANXIETY",mind,main,apis,1,7
ANXIETY,"MIND - ANXIETY",mind,main,asaf,1,7
ANXIETY,"MIND - ANXIETY",mind,main,asar,1,7
ANXIETY,"MIND - ANXIETY",mind,main,aster,1,7
ANXIETY,"MIND - ANXIETY",mind,main,aur-m,1,7
ANXIETY,"MIND - ANXIETY",mind,main,aur-s,1,7
ANXIETY,"MIND - ANXIETY",mind,main,berb,1,7
ANXIETY,"MIND - ANXIETY",mind,main,bism,1,7
ANXIETY,"MIND - ANXIETY",mind,main,bov,1,7
ANXIETY,"MIND - ANXIETY",mind,main,bufo,1,7
ANXIETY,"MIND - ANXIETY",mind,main,cadm,1,7
ANXIETY,"MIND - ANXIETY",mind,main,calad,1,7
ANXIETY,"MIND - ANXIETY",mind,main,calc,1,7
ANXIETY,"MIND - ANXIETY",mind,main,caps,1,7
ANXIETY,"MIND - ANXIETY",mind,main,carb-an,1,7
ANXIETY,"MIND - ANXIETY",mind,main,carb-v,1,7
ANXIETY,"MIND - ANXIETY",mind,main,cedr,1,7
ANXIETY,"MIND - ANXIETY",mind,main,cham,1,7
ANXIETY,"MIND - ANXIETY",mind,main,chel,1,7
ANXIETY,"MIND - ANXIETY",mind,main,chin,1,7
ANXIETY,"MIND - ANXIETY",mind,main,chin-a,1,7
ANXIETY,"MIND - ANXIETY",mind,main,chin-s,1,7
ANXIETY,"MIND - ANXIETY",mind,main,chlol,1,7
ANXIETY,"MIND - ANXIETY",mind,main,chlor,1,7
ANXIETY,"MIND - ANXIETY",mind,main,cic,1,7
ANXIETY,"MIND - ANXIETY",mind,main,cimex,1,7
ANXIETY,"MIND - ANXIETY",mind,main,cimic,1,7
ANXIETY,"MIND - ANXIETY",mind,main,cina,1,7
ANXIETY,"MIND - ANXIETY",mind,main,clem,1,7
ANXIETY,"MIND - ANXIETY",mind,main,cocc,1,7
ANXIETY,"MIND - ANXIETY",mind,main,coff,1,7
ANXIETY,"MIND - ANXIETY",mind,main,colch,1,7
ANXIETY,"MIND - ANXIETY",mind,main,coloc,1,7
ANXIETY,"MIND - ANXIETY",mind,main,con,1,7
ANXIETY,"MIND - ANXIETY",mind,main,cop,1,7
ANXIETY,"MIND - ANXIETY",mind,main,crot-c,1,7
ANXIETY,"MIND - ANXIETY",mind,main,crot-h,1,7
ANXIETY,"MIND - ANXIETY",mind,main,crot-t,1,7
ANXIETY,"MIND - ANXIETY",mind,main,cub,1,7
ANXIETY,"MIND - ANXIETY",mind,main,cupr,1,7
ANXIETY,"MIND - ANXIETY",mind,main,cupr-ar,1,7
ANXIETY,"MIND - ANXIETY",mind,main,cur,1,7
ANXIETY,"MIND - ANXIETY",mind,main,cycl,1,7
ANXIETY,"MIND - ANXIETY",mind,main,dros,1,7
ANXIETY,"MIND - ANXIETY",mind,main,dulc,1,7
ANXIETY,"MIND - ANXIETY",mind,main,elaps,1,7
ANXIETY,"MIND - ANXIETY",mind,main,euph,1,7
ANXIETY,"MIND - ANXIETY",mind,main,euphr,1,7
ANXIETY,"MIND - ANXIETY",mind,main,ferr,1,7
ANXIETY,"MIND - ANXIETY",mind,main,ferr-ar,1,7
ANXIETY,"MIND - ANXIETY",mind,main,ferr-i,1,7
ANXIETY,"MIND - ANXIETY",mind,main,ferr-p,1,7
ANXIETY,"MIND - ANXIETY",mind,main,fl-ac,1,7
ANXIETY,"MIND - ANXIETY",mind,main,glon,1,7
ANXIETY,"MIND - ANXIETY",mind,main,grat,1,7
ANXIETY,"MIND - ANXIETY",mind,main,hell,1,7
ANXIETY,"MIND - ANXIETY",mind,main,hep,1,7
ANXIETY,"MIND - ANXIETY",mind,main,hura,1,7
ANXIETY,"MIND - ANXIETY",mind,main,hydr,1,7
ANXIETY,"MIND - ANXIETY",mind,main,hydr-ac,1,7
ANXIETY,"MIND - ANXIETY",mind,main,indg,1,7
ANXIETY,"MIND - ANXIETY",mind,main,ip,1,7
ANXIETY,"MIND - ANXIETY",mind,main,jatr,1,7
ANXIETY,"MIND - ANXIETY",mind,main,kali-n,1,7
ANXIETY,"MIND - ANXIETY",mind,main,kreos,1,7
ANXIETY,"MIND - ANXIETY",mind,main,lac-c,1,7
ANXIETY,"MIND - ANXIETY",mind,main,lac-d,1,7
ANXIETY,"MIND - ANXIETY",mind,main,lach,1,7
ANXIETY,"MIND - ANXIETY",mind,main,lact-ac,1,7
ANXIETY,"MIND - ANXIETY",mind,main,laur,1,7
ANXIETY,"MIND - ANXIETY",mind,main,led,1,7
ANXIETY,"MIND - ANXIETY",mind,main,lil-t,1,7
ANXIETY,"MIND - ANXIETY",mind,main,lyss,1,7
ANXIETY,"MIND - ANXIETY",mind,main,mag-s,1,7
ANXIETY,"MIND - ANXIETY",mind,main,mang,1,7
ANXIETY,"MIND - ANXIETY",mind,main,meny,1,7
ANXIETY,"MIND - ANXIETY",mind,main,merc,1,7
ANXIETY,"MIND - ANXIETY",mind,main,mez,1,7
ANXIETY,"MIND - ANXIETY",mind,main,mosch,1,7
ANXIETY,"MIND - ANXIETY",mind,main,mur-ac,1,7
ANXIETY,"MIND - ANXIETY",mind,main,mygal,1,7
ANXIETY,"MIND - ANXIETY",mind,main,naja,1,7
ANXIETY,"MIND - ANXIETY",mind,main,nat-s,1,7
ANXIETY,"MIND - ANXIETY",mind,main,nicc,1,7
ANXIETY,"MIND - ANXIETY",mind,main,nit-m-ac,1,7
ANXIETY,"MIND - ANXIETY",mind,main,nux-m,1,7
ANXIETY,"MIND - ANXIETY",mind,main,op,1,7
ANXIETY,"MIND - ANXIETY",mind,main,ox-ac,1,7
ANXIETY,"MIND - ANXIETY",mind,main,par,1,7
ANXIETY,"MIND - ANXIETY",mind,main,petr,1,7
ANXIETY,"MIND - ANXIETY",mind,main,phys,1,7
ANXIETY,"MIND - ANXIETY",mind,main,pic-ac,1,7
ANXIETY,"MIND - ANXIETY",mind,main,plat,1,7
ANXIETY,"MIND - ANXIETY",mind,main,plb,1,7
ANXIETY,"MIND - ANXIETY",mind,main,pyrog,1,7
ANXIETY,"MIND - ANXIETY",mind,main,ran-b,1,7
ANXIETY,"MIND - ANXIETY",mind,main,raph,1,7
ANXIETY,"MIND - ANXIETY",mind,main,rib,1,7
ANXIETY,"MIND - ANXIETY",mind,main,sabad,1,7
ANXIETY,"MIND - ANXIETY",mind,main,sabin,1,7
ANXIETY,"MIND - ANXIETY",mind,main,samb,1,7
ANXIETY,"MIND - ANXIETY",mind,main,samp,1,7
ANXIETY,"MIND - ANXIETY",mind,main,sang,1,7
ANXIETY,"MIND - ANXIETY",mind,main,seneg,1,7
ANXIETY,"MIND - ANXIETY",mind,main,sep,1,7
ANXIETY,"MIND - ANXIETY",mind,main,sil,1,7
ANXIETY,"MIND - ANXIETY",mind,main,spig,1,7
ANXIETY,"MIND - ANXIETY",mind,main,spong,1,7
ANXIETY,"MIND - ANXIETY",mind,main,squil,1,7
ANXIETY,"MIND - ANXIETY",mind,main,stann,1,7
ANXIETY,"MIND - ANXIETY",mind,main,stront,1,7
ANXIETY,"MIND - ANXIETY",mind,main,sul-ac,1,7
ANXIETY,"MIND - ANXIETY",mind,main,sumb,1,7
ANXIETY,"MIND - ANXIETY",mind,main,tab,1,7
ANXIETY,"MIND - ANXIETY",mind,main,tarent,1,7
ANXIETY,"MIND - ANXIETY",mind,main,thuj,1,7
ANXIETY,"MIND - ANXIETY",mind,main,valer,1,7
ANXIETY,"MIND - ANXIETY",mind,main,viol-o,1,7
ANXIETY,"MIND - ANXIETY",mind,main,viol-t,1,7
ANXIETY,"MIND - ANXIETY",mind,main,zinc,1,7
ANXIETY,"MIND - ANXIETY",mind,main,æth,1,7
"ANXIETY, 11 a.m","MIND - ANXIETY - 11 a.m",mind,sub,sulph,1,7
"ANXIETY, 3 to 6 p.m","MIND - ANXIETY - 3 to 6 p.m",mind,sub,con,1,7
"ANXIETY, 4 p.m","MIND - ANXIETY - 4 p.m",mind,sub,lyc,2,7
"ANXIETY, 4 p.m","MIND - ANXIETY - 4 p.m",mind,sub,tab,1,7
"ANXIETY, 4 to 5 p.m","MIND - ANXIETY - 4 to 5 p.m",mind,sub,thuj,1,7
"ANXIETY, 5 a.m. to 5 p.m","MIND - ANXIETY - 5 a.m. to 5 p.m",mind,sub,psor,1,7
"ANXIETY, 5 to 6 p.m","MIND - ANXIETY - 5 to 6 p.m",mind,sub,carb-v,1,7
"ANXIETY, afternoon","MIND - ANXIETY - afternoon",mind,sub,am-c,1,7
"ANXIETY, afternoon","MIND - ANXIETY - afternoon",mind,sub,arg-n,1,7
"ANXIETY, afternoon","MIND - ANXIETY - afternoon",mind,sub,bell,1,7
"ANXIETY, afternoon","MIND - ANXIETY - afternoon",mind,sub,bov,1,7
"ANXIETY, afternoon","MIND - ANXIETY - afternoon",mind,sub,calc,1,7
"ANXIETY, afternoon","MIND - ANXIETY - afternoon",mind,sub,calc-p,1,7
"ANXIETY, afternoon","MIND - ANXIETY - afternoon",mind,sub,carb-v,1,7
"ANXIETY, afternoon","MIND - ANXIETY - afternoon",mind,sub,crot-t,1,7
"ANXIETY, afternoon","MIND - ANXIETY - afternoon",mind,sub,cupr,1,7
"ANXIETY, afternoon","MIND - ANXIETY - afternoon",mind,sub,gamb,1,7
"ANXIETY, afternoon","MIND - ANXIETY - afternoon",mind,sub,kali-n,1,7
"ANXIETY, afternoon","MIND - ANXIETY - afternoon",mind,sub,mag-c,1,7
"ANXIETY, afternoon","MIND - ANXIETY - afternoon",mind,sub,merc,1,7
"ANXIETY, afternoon","MIND - ANXIETY - afternoon",mind,sub,nat-c,1,7
"ANXIETY, afternoon","MIND - ANXIETY - afternoon",mind,sub,nat-m,1,7
"ANXIETY, afternoon","MIND - ANXIETY - afternoon",mind,sub,nat-s,1,7
"ANXIETY, afternoon","MIND - ANXIETY - afternoon",mind,sub,nux-v,1,7
"ANXIETY, afternoon","MIND - ANXIETY - afternoon",mind,sub,ph-ac,1,7
"ANXIETY, afternoon","MIND - ANXIETY - afternoon",mind,sub,phel,1,7
"ANXIETY, afternoon","MIND - ANXIETY - afternoon",mind,sub,phos,1,7
"ANXIETY, afternoon","MIND - ANXIETY - afternoon",mind,sub,puls,1,7
"ANXIETY, afternoon","MIND - ANXIETY - afternoon",mind,sub,rhus-t,1,7
"ANXIETY, afternoon","MIND - ANXIETY - afternoon",mind,sub,ruta,1,7
"ANXIETY, afternoon","MIND - ANXIETY - afternoon",mind,sub,stront,1,7
"ANXIETY, afternoon","MIND - ANXIETY - afternoon",mind,sub,tab,1,7
"ANXIETY, afternoon","MIND - ANXIETY - afternoon",mind,sub,zinc,1,7
"ANXIETY, afternoon","MIND - ANXIETY - afternoon",mind,sub,æth,1,7
"ANXIETY, daytime","MIND - ANXIETY - daytime",mind,sub,bell,2,7
"ANXIETY, daytime","MIND - ANXIETY - daytime",mind,sub,ambr,1,7
"ANXIETY, daytime","MIND - ANXIETY - daytime",mind,sub,ant-c,1,7
"ANXIETY, daytime","MIND - ANXIETY - daytime",mind,sub,caust,1,7
"ANXIETY, daytime","MIND - ANXIETY - daytime",mind,sub,chin-a,1,7
"ANXIETY, daytime","MIND - ANXIETY - daytime",mind,sub,laur,1,7
"ANXIETY, daytime","MIND - ANXIETY - daytime",mind,sub,mag-c,1,7
"ANXIETY, daytime","MIND - ANXIETY - daytime",mind,sub,mang,1,7
"ANXIETY, daytime","MIND - ANXIETY - daytime",mind,sub,merc,1,7
"ANXIETY, daytime","MIND - ANXIETY - daytime",mind,sub,nat-c,1,7
"ANXIETY, daytime","MIND - ANXIETY - daytime",mind,sub,nat-m,1,7
"ANXIETY, daytime","MIND - ANXIETY - daytime",mind,sub,ph-ac,1,7
"ANXIETY, daytime","MIND - ANXIETY - daytime",mind,sub,phyt,1,7
"ANXIETY, daytime","MIND - ANXIETY - daytime",mind,sub,plat,1,7
"ANXIETY, daytime","MIND - ANXIETY - daytime",mind,sub,psor,1,7
"ANXIETY, daytime","MIND - ANXIETY - daytime",mind,sub,puls,1,7
"ANXIETY, daytime","MIND - ANXIETY - daytime",mind,sub,ruta,1,7
"ANXIETY, daytime","MIND - ANXIETY - daytime",mind,sub,sul-ac,1,7
"ANXIETY, daytime","MIND - ANXIETY - daytime",mind,sub,zinc,1,7
"ANXIETY, evening","MIND - ANXIETY - evening",mind,sub,ars,3,7
"ANXIETY, evening","MIND - ANXIETY - evening",mind,sub,calc,3,7
"ANXIETY, evening","MIND - ANXIETY - evening",mind,sub,calc-s,3,7
"ANXIETY, evening","MIND - ANXIETY - evening",mind,sub,dig,3,7
"ANXIETY, evening","MIND - ANXIETY - evening",mind,sub,merc,3,7
"ANXIETY, evening","MIND - ANXIETY - evening",mind,sub,sep,3,7
"ANXIETY, evening","MIND - ANXIETY - evening",mind,sub,sulph,3,7
"ANXIETY, evening","MIND - ANXIETY - evening",mind,sub,acon,1,7
"ANXIETY, evening","MIND - ANXIETY - evening",mind,sub,agar,1,7
"ANXIETY, evening","MIND - ANXIETY - evening",mind,sub,am-c,1,7
"ANXIETY, evening","MIND - ANXIETY - evening",mind,sub,bar-c,1,7
"ANXIETY, evening","MIND - ANXIETY - evening",mind,sub,bar-m,1,7
"ANXIETY, evening","MIND - ANXIETY - evening",mind,sub,bell,1,7
"ANXIETY, evening","MIND - ANXIETY - evening",mind,sub,bry,1,7
"ANXIETY, evening","MIND - ANXIETY - evening",mind,sub,calad,1,7
"ANXIETY, evening","MIND - ANXIETY - evening",mind,sub,carb-an,1,7
"ANXIETY, evening","MIND - ANXIETY - evening",mind,sub,carb-v,1,7
"ANXIETY, evening","MIND - ANXIETY - evening",mind,sub,caust,1,7
"ANXIETY, evening","MIND - ANXIETY - evening",mind,sub,chel,1,7
"ANXIETY, evening","MIND - ANXIETY - evening",mind,sub,chin,1,7
"ANXIETY, evening","MIND - ANXIETY - evening",mind,sub,chin-a,1,7
"ANXIETY, evening","MIND - ANXIETY - evening",mind,sub,cina,1,7
"ANXIETY, evening","MIND - ANXIETY - evening",mind,sub,cocc,1,7
"ANXIETY, evening","MIND - ANXIETY - evening",mind,sub,dros,1,7
"ANXIETY, evening","MIND - ANXIETY - evening",mind,sub,gamb,1,7
"ANXIETY, evening","MIND - ANXIETY - evening",mind,sub,gels,1,7
"ANXIETY, evening","MIND - ANXIETY - evening",mind,sub,graph,1,7
"ANXIETY, evening","MIND - ANXIETY - evening",mind,sub,hep,1,7
"ANXIETY, evening","MIND - ANXIETY - evening",mind,sub,hipp,1,7
"ANXIETY, evening","MIND - ANXIETY - evening",mind,sub,hura,1,7
"ANXIETY, evening","MIND - ANXIETY - evening",mind,sub,kali-ar,1,7
"ANXIETY, evening","MIND - ANXIETY - evening",mind,sub,kali-c,1,7
"ANXIETY, evening","MIND - ANXIETY - evening",mind,sub,kali-i,1,7
"ANXIETY, evening","MIND - ANXIETY - evening",mind,sub,kali-n,1,7
"ANXIETY, evening","MIND - ANXIETY - evening",mind,sub,kali-s,1,7
"ANXIETY, evening","MIND - ANXIETY - evening",mind,sub,lach,1,7
"ANXIETY, evening","MIND - ANXIETY - evening",mind,sub,laur,1,7
"ANXIETY, evening","MIND - ANXIETY - evening",mind,sub,lyc,1,7
"ANXIETY, evening","MIND - ANXIETY - evening",mind,sub,mez,1,7
"ANXIETY, evening","MIND - ANXIETY - evening",mind,sub,mur-ac,1,7
"ANXIETY, evening","MIND - ANXIETY - evening",mind,sub,nat-ar,1,7
"ANXIETY, evening","MIND - ANXIETY - evening",mind,sub,nat-c,1,7
"ANXIETY, evening","MIND - ANXIETY - evening",mind,sub,nat-m,1,7
"ANXIETY, evening","MIND - ANXIETY - evening",mind,sub,nicc,1,7
"ANXIETY, evening","MIND - ANXIETY - evening",mind,sub,nit-ac,1,7
"ANXIETY, evening","MIND - ANXIETY - evening",mind,sub,nux-v,1,7
"ANXIETY, evening","MIND - ANXIETY - evening",mind,sub,op,1,7
"ANXIETY, evening","MIND - ANXIETY - evening",mind,sub,petr,1,7
"ANXIETY, evening","MIND - ANXIETY - evening",mind,sub,ph-ac,1,7
"ANXIETY, evening","MIND - ANXIETY - evening",mind,sub,phos,1,7
"ANXIETY, evening","MIND - ANXIETY - evening",mind,sub,plb,1,7
"ANXIETY, evening","MIND - ANXIETY - evening",mind,sub,puls,1,7
"ANXIETY, evening","MIND - ANXIETY - evening",mind,sub,rhus-t,1,7
"ANXIETY, evening","MIND - ANXIETY - evening",mind,sub,ruta,1,7
"ANXIETY, evening","MIND - ANXIETY - evening",mind,sub,sabin,1,7
"ANXIETY, evening","MIND - ANXIETY - evening",mind,sub,sil,1,7
"ANXIETY, evening","MIND - ANXIETY - evening",mind,sub,spig,1,7
"ANXIETY, evening","MIND - ANXIETY - evening",mind,sub,stann,1,7
"ANXIETY, evening","MIND - ANXIETY - evening",mind,sub,stront,1,7
"ANXIETY, evening","MIND - ANXIETY - evening",mind,sub,sul-ac,1,7
"ANXIETY, evening","MIND - ANXIETY - evening",mind,sub,tab,1,7
"ANXIETY, evening, amel","MIND - ANXIETY - evening, amel",mind,sub,am-c,1,7
"ANXIETY, evening, amel","MIND - ANXIETY - evening, amel",mind,sub,chel,1,7
"ANXIETY, evening, amel","MIND - ANXIETY - evening, amel",mind,sub,mag-c,1,7
"ANXIETY, evening, amel","MIND - ANXIETY - evening, amel",mind,sub,sul-ac,1,7
"ANXIETY, evening, amel","MIND - ANXIETY - evening, amel",mind,sub,zinc,1,7
"ANXIETY, forenoon","MIND - ANXIETY - forenoon",mind,sub,acon,1,7
"ANXIETY, forenoon","MIND - ANXIETY - forenoon",mind,sub,alum,1,7
"ANXIETY, forenoon","MIND - ANXIETY - forenoon",mind,sub,am-c,1,7
"ANXIETY, forenoon","MIND - ANXIETY - forenoon",mind,sub,bar-c,1,7
"ANXIETY, forenoon","MIND - ANXIETY - forenoon",mind,sub,calc,1,7
"ANXIETY, forenoon","MIND - ANXIETY - forenoon",mind,sub,cann-i,1,7
"ANXIETY, forenoon","MIND - ANXIETY - forenoon",mind,sub,chel,1,7
"ANXIETY, forenoon","MIND - ANXIETY - forenoon",mind,sub,clem,1,7
"ANXIETY, forenoon","MIND - ANXIETY - forenoon",mind,sub,lac-c,1,7
"ANXIETY, forenoon","MIND - ANXIETY - forenoon",mind,sub,nat-m,1,7
"ANXIETY, forenoon","MIND - ANXIETY - forenoon",mind,sub,plat,1,7
"ANXIETY, forenoon","MIND - ANXIETY - forenoon",mind,sub,pæon,1,7
"ANXIETY, forenoon","MIND - ANXIETY - forenoon",mind,sub,ran-b,1,7
"ANXIETY, forenoon","MIND - ANXIETY - forenoon",mind,sub,sars,1,7
"ANXIETY, forenoon","MIND - ANXIETY - forenoon",mind,sub,sulph,1,7
"ANXIETY, morning","MIND - ANXIETY - morning",mind,sub,ars,3,7
"ANXIETY, morning","MIND - ANXIETY - morning",mind,sub,graph,3,7
"ANXIETY, morning","MIND - ANXIETY - morning",mind,sub,lach,3,7
"ANXIETY, morning","MIND - ANXIETY - morning",mind,sub,phos,3,7
"ANXIETY, morning","MIND - ANXIETY - morning",mind,sub,ail,2,7
"ANXIETY, morning","MIND - ANXIETY - morning",mind,sub,alum,2,7
"ANXIETY, morning","MIND - ANXIETY - morning",mind,sub,am-c,1,7
"ANXIETY, morning","MIND - ANXIETY - morning",mind,sub,am-m,1,7
"ANXIETY, morning","MIND - ANXIETY - morning",mind,sub,canth,1,7
"ANXIETY, morning","MIND - ANXIETY - morning",mind,sub,carb-an,1,7
"ANXIETY, morning","MIND - ANXIETY - morning",mind,sub,carb-s,1,7
"ANXIETY, morning","MIND - ANXIETY - morning",mind,sub,carb-v,1,7
"ANXIETY, morning","MIND - ANXIETY - morning",mind,sub,caust,1,7
"ANXIETY, morning","MIND - ANXIETY - morning",mind,sub,chin,1,7
"ANXIETY, morning","MIND - ANXIETY - morning",mind,sub,cocc,1,7
"ANXIETY, morning","MIND - ANXIETY - morning",mind,sub,con,1,7
"ANXIETY, morning","MIND - ANXIETY - morning",mind,sub,ign,1,7
"ANXIETY, morning","MIND - ANXIETY - morning",mind,sub,ip,1,7
"ANXIETY, morning","MIND - ANXIETY - morning",mind,sub,kali-c,1,7
"ANXIETY, morning","MIND - ANXIETY - morning",mind,sub,led,1,7
"ANXIETY, morning","MIND - ANXIETY - morning",mind,sub,lyc,1,7
"ANXIETY, morning","MIND - ANXIETY - morning",mind,sub,mag-c,1,7
"ANXIETY, morning","MIND - ANXIETY - morning",mind,sub,mag-m,1,7
"ANXIETY, morning","MIND - ANXIETY - morning",mind,sub,merc,1,7
"ANXIETY, morning","MIND - ANXIETY - morning",mind,sub,mez,1,7
"ANXIETY, morning","MIND - ANXIETY - morning",mind,sub,nat-m,1,7
"ANXIETY, morning","MIND - ANXIETY - morning",mind,sub,nit-ac,1,7
"ANXIETY, morning","MIND - ANXIETY - morning",mind,sub,plat,1,7
"ANXIETY, morning","MIND - ANXIETY - morning",mind,sub,puls,1,7
"ANXIETY, morning","MIND - ANXIETY - morning",mind,sub,rhus-t,1,7
"ANXIETY, morning","MIND - ANXIETY - morning",mind,sub,sep,1,7
"ANXIETY, morning","MIND - ANXIETY - morning",mind,sub,sul-ac,1,7
"ANXIETY, morning","MIND - ANXIETY - morning",mind,sub,sulph,1,7
"ANXIETY, morning","MIND - ANXIETY - morning",mind,sub,verat,1,7
"ANXIETY, morning","MIND - ANXIETY - morning",mind,sub,zinc,1,7
"ANXIETY, morning, amel","MIND - ANXIETY - morning, amel",mind,sub,calc-s,1,7
"ANXIETY, morning, amel","MIND - ANXIETY - morning, amel",mind,sub,carb-an,1,7
"ANXIETY, morning, amel","MIND - ANXIETY - morning, amel",mind,sub,cast,1,7
"ANXIETY, morning, amel","MIND - ANXIETY - morning, amel",mind,sub,nux-v,1,7
"ANXIETY, morning, amel","MIND - ANXIETY - morning, amel",mind,sub,rhus-t,1,7
"ANXIETY, morning, amel","MIND - ANXIETY - morning, amel",mind,sub,sep,1,7
"ANXIETY, morning, rising, on","MIND - ANXIETY - morning, rising, on",mind,sub,arg-n,1,7
"ANXIETY, morning, rising, on","MIND - ANXIETY - morning, rising, on",mind,sub,mag-c,1,7
"ANXIETY, morning, rising, on","MIND - ANXIETY - morning, rising, on",mind,sub,rhus-t,1,7
"ANXIETY, till 5 p.m","MIND - ANXIETY - till 5 p.m",mind,sub,aster,1,7
"ANXIETY, until 11 p.m","MIND - ANXIETY - until 11 p.m",mind,sub,bor,1,7
"ANXIETY, until evening","MIND - ANXIETY - until evening",mind,sub,con,1,7
"ANXIETY, until evening","MIND - ANXIETY - until evening",mind,sub,kali-n,1,7
"ANXIETY, until evening","MIND - ANXIETY - until evening",mind,sub,mag-m,1,7
"ANXIETY, waking, on","MIND - ANXIETY - waking, on",mind,sub,graph,3,7
"ANXIETY, waking, on","MIND - ANXIETY - waking, on",mind,sub,lach,3,7
"ANXIETY, waking, on","MIND - ANXIETY - waking, on",mind,sub,phos,3,7
"ANXIETY, waking, on","MIND - ANXIETY - waking, on",mind,sub,anac,1,7
"ANXIETY, waking, on","MIND - ANXIETY - waking, on",mind,sub,carb-an,1,7
"ANXIETY, waking, on","MIND - ANXIETY - waking, on",mind,sub,carb-v,1,7
"ANXIETY, waking, on","MIND - ANXIETY - waking, on",mind,sub,caust,1,7
"ANXIETY, waking, on","MIND - ANXIETY - waking, on",mind,sub,chel,1,7
"ANXIETY, waking, on","MIND - ANXIETY - waking, on",mind,sub,cocc,1,7
"ANXIETY, waking, on","MIND - ANXIETY - waking, on",mind,sub,ign,1,7
"ANXIETY, waking, on","MIND - ANXIETY - waking, on",mind,sub,ip,1,7
"ANXIETY, waking, on","MIND - ANXIETY - waking, on",mind,sub,lyc,1,7
"ANXIETY, waking, on","MIND - ANXIETY - waking, on",mind,sub,mag-c,1,7
"ANXIETY, waking, on","MIND - ANXIETY - waking, on",mind,sub,mag-m,1,7
"ANXIETY, waking, on","MIND - ANXIETY - waking, on",mind,sub,nat-m,1,7
"ANXIETY, waking, on","MIND - ANXIETY - waking, on",mind,sub,nat-p,1,7
"ANXIETY, waking, on","MIND - ANXIETY - waking, on",mind,sub,plat,1,7
"ANXIETY, waking, on","MIND - ANXIETY - waking, on",mind,sub,puls,1,7
"ANXIETY, waking, on","MIND - ANXIETY - waking, on",mind,sub,rhus-t,1,7
"ANXIETY, waking, on","MIND - ANXIETY - waking, on",mind,sub,sep,1,7
"ANXIETY, waking, on","MIND - ANXIETY - waking, on",mind,sub,squil,1,7
"ANXIETY, 1 to 3 a.m","MIND - ANXIETY - 1 to 3 a.m",mind,sub,hep,1,8
"ANXIETY, 11 p.m","MIND - ANXIETY - 11 p.m",mind,sub,ruta,1,8
"ANXIETY, 2 a.m","MIND - ANXIETY - 2 a.m",mind,sub,nat-m,1,8
"ANXIETY, 3 a.m","MIND - ANXIETY - 3 a.m",mind,sub,ars,3,8
"ANXIETY, 3 a.m., after","MIND - ANXIETY - 3 a.m., after",mind,sub,ars,1,8
"ANXIETY, 3 a.m., after","MIND - ANXIETY - 3 a.m., after",mind,sub,rhus-t,1,8
"ANXIETY, 3 a.m., after","MIND - ANXIETY - 3 a.m., after",mind,sub,verat,1,8
"ANXIETY, 4 a.m","MIND - ANXIETY - 4 a.m",mind,sub,alum,1,8
"ANXIETY, air, in open","MIND - ANXIETY - air, in open",mind,sub,acon,1,8
"ANXIETY, air, in open","MIND - ANXIETY - air, in open",mind,sub,anac,1,8
"ANXIETY, air, in open","MIND - ANXIETY - air, in open",mind,sub,ant-c,1,8
"ANXIETY, air, in open","MIND - ANXIETY - air, in open",mind,sub,arg-m,1,8
"ANXIETY, air, in open","MIND - ANXIETY - air, in open",mind,sub,bar-c,1,8
"ANXIETY, air, in open","MIND - ANXIETY - air, in open",mind,sub,bell,1,8
"ANXIETY, air, in open","MIND - ANXIETY - air, in open",mind,sub,cina,1,8
"ANXIETY, air, in open","MIND - ANXIETY - air, in open",mind,sub,hep,1,8
"ANXIETY, air, in open","MIND - ANXIETY - air, in open",mind,sub,ign,1,8
"ANXIETY, air, in open","MIND - ANXIETY - air, in open",mind,sub,lach,1,8
"ANXIETY, air, in open","MIND - ANXIETY - air, in open",mind,sub,plat,1,8
"ANXIETY, air, in open","MIND - ANXIETY - air, in open",mind,sub,spig,1,8
"ANXIETY, air, in open","MIND - ANXIETY - air, in open",mind,sub,tab,1,8
"ANXIETY, air, in open, amel","MIND - ANXIETY - air, in open, amel",mind,sub,cann-i,3,8
"ANXIETY, air, in open, amel","MIND - ANXIETY - air, in open, amel",mind,sub,kali-s,3,8
"ANXIETY, air, in open, amel","MIND - ANXIETY - air, in open, amel",mind,sub,lyc,2,8
"ANXIETY, air, in open, amel","MIND - ANXIETY - air, in open, amel",mind,sub,ambr,1,8
"ANXIETY, air, in open, amel","MIND - ANXIETY - air, in open, amel",mind,sub,arund,1,8
"ANXIETY, air, in open, amel","MIND - ANXIETY - air, in open, amel",mind,sub,bry,1,8
"ANXIETY, air, in open, amel","MIND - ANXIETY - air, in open, amel",mind,sub,calc,1,8
"ANXIETY, air, in open, amel","MIND - ANXIETY - air, in open, amel",mind,sub,carb-v,1,8
"ANXIETY, air, in open, amel","MIND - ANXIETY - air, in open, amel",mind,sub,carl,1,8
"ANXIETY, air, in open, amel","MIND - ANXIETY - air, in open, amel",mind,sub,grat,1,8
"ANXIETY, air, in open, amel","MIND - ANXIETY - air, in open, amel",mind,sub,laur,1,8
"ANXIETY, air, in open, amel","MIND - ANXIETY - air, in open, amel",mind,sub,mag-m,1,8
"ANXIETY, air, in open, amel","MIND - ANXIETY - air, in open, amel",mind,sub,puls,1,8
"ANXIETY, air, in open, amel","MIND - ANXIETY - air, in open, amel",mind,sub,rhus-t,1,8
"ANXIETY, air, in open, amel","MIND - ANXIETY - air, in open, amel",mind,sub,spong,1,8
"ANXIETY, air, in open, amel","MIND - ANXIETY - air, in open, amel",mind,sub,tab,1,8
"ANXIETY, air, in open, amel","MIND - ANXIETY - air, in open, amel",mind,sub,valer,1,8
"ANXIETY, air, in open, amel","MIND - ANXIETY - air, in open, amel",mind,sub,verat,1,8
"ANXIETY, alone, when","MIND - ANXIETY - alone, when",mind,sub,phos,3,8
"ANXIETY, alone, when","MIND - ANXIETY - alone, when",mind,sub,ars,1,8
"ANXIETY, alone, when","MIND - ANXIETY - alone, when",mind,sub,cadm,1,8
"ANXIETY, alone, when","MIND - ANXIETY - alone, when",mind,sub,dros,1,8
"ANXIETY, alone, when","MIND - ANXIETY - alone, when",mind,sub,mez,1,8
"ANXIETY, alone, when","MIND - ANXIETY - alone, when",mind,sub,rat,1,8
"ANXIETY, alone, when","MIND - ANXIETY - alone, when",mind,sub,tab,1,8
"ANXIETY, alone, when","MIND - ANXIETY - alone, when",mind,sub,zinc,1,8
"ANXIETY, alternating with indifference","MIND - ANXIETY - alternating with indifference",mind,sub,nat-m,1,8
"ANXIETY, anger, during","MIND - ANXIETY - anger, during",mind,sub,sep,1,8
"ANXIETY, anticipating an engagement","MIND - ANXIETY - anticipating an engagement",mind,sub,arg-n,3,8
"ANXIETY, anticipating an engagement","MIND - ANXIETY - anticipating an engagement",mind,sub,gels,1,8
"ANXIETY, anticipating an engagement","MIND - ANXIETY - anticipating an engagement",mind,sub,med,1,8
"ANXIETY, apparition, from horrible, while awake","MIND - ANXIETY - apparition, from horrible, while awake",mind,sub,zinc,1,8
"ANXIETY, ascending steps, on","MIND - ANXIETY - ascending steps, on",mind,sub,nit-ac,1,8
"ANXIETY, bathing the feet, after","MIND - ANXIETY - bathing the feet, after",mind,sub,nat-c,1,8
"ANXIETY, evening, 6 p.m","MIND - ANXIETY - evening, 6 p.m",mind,sub,dig,3,8
"ANXIETY, evening, 7 to 8 p.m","MIND - ANXIETY - evening, 7 to 8 p.m",mind,sub,am-c,1,8
"ANXIETY, evening, 7 to 8 p.m","MIND - ANXIETY - evening, 7 to 8 p.m",mind,sub,dros,1,8
"ANXIETY, evening, 8 p.m","MIND - ANXIETY - evening, 8 p.m",mind,sub,mur-ac,1,8
"ANXIETY, evening, bed in","MIND - ANXIETY - evening, bed in",mind,sub,ambr,3,8
"ANXIETY, evening, bed in","MIND - ANXIETY - evening, bed in",mind,sub,ars,3,8
"ANXIETY, evening, bed in","MIND - ANXIETY - evening, bed in",mind,sub,carb-s,3,8
"ANXIETY, evening, bed in","MIND - ANXIETY - evening, bed in",mind,sub,puls,3,8
"ANXIETY, evening, bed in","MIND - ANXIETY - evening, bed in",mind,sub,sulph,3,8
"ANXIETY, evening, bed in","MIND - ANXIETY - evening, bed in",mind,sub,lyc,2,8
"ANXIETY, evening, bed in","MIND - ANXIETY - evening, bed in",mind,sub,mag-c,2,8
"ANXIETY, evening, bed in","MIND - ANXIETY - evening, bed in",mind,sub,mag-m,2,8
"ANXIETY, evening, bed in","MIND - ANXIETY - evening, bed in",mind,sub,nux-v,2,8
"ANXIETY, evening, bed in","MIND - ANXIETY - evening, bed in",mind,sub,am-c,1,8
"ANXIETY, evening, bed in","MIND - ANXIETY - evening, bed in",mind,sub,anac,1,8
"ANXIETY, evening, bed in","MIND - ANXIETY - evening, bed in",mind,sub,ant-c,1,8
"ANXIETY, evening, bed in","MIND - ANXIETY - evening, bed in",mind,sub,bar-c,1,8
"ANXIETY, evening, bed in","MIND - ANXIETY - evening, bed in",mind,sub,bry,1,8
"ANXIETY, evening, bed in","MIND - ANXIETY - evening, bed in",mind,sub,calad,1,8
"ANXIETY, evening, bed in","MIND - ANXIETY - evening, bed in",mind,sub,calc,1,8
"ANXIETY, evening, bed in","MIND - ANXIETY - evening, bed in",mind,sub,calc-s,1,8
"ANXIETY, evening, bed in","MIND - ANXIETY - evening, bed in",mind,sub,carb-an,1,8
"ANXIETY, evening, bed in","MIND - ANXIETY - evening, bed in",mind,sub,carb-v,1,8
"ANXIETY, evening, bed in","MIND - ANXIETY - evening, bed in",mind,sub,caust,1,8
"ANXIETY, evening, bed in","MIND - ANXIETY - evening, bed in",mind,sub,cench,1,8
"ANXIETY, evening, bed in","MIND - ANXIETY - evening, bed in",mind,sub,cham,1,8
"ANXIETY, evening, bed in","MIND - ANXIETY - evening, bed in",mind,sub,cocc,1,8
"ANXIETY, evening, bed in","MIND - ANXIETY - evening, bed in",mind,sub,graph,1,8
"ANXIETY, evening, bed in","MIND - ANXIETY - evening, bed in",mind,sub,hep,1,8
"ANXIETY, evening, bed in","MIND - ANXIETY - evening, bed in",mind,sub,kali-ar,1,8
"ANXIETY, evening, bed in","MIND - ANXIETY - evening, bed in",mind,sub,kali-c,1,8
"ANXIETY, evening, bed in","MIND - ANXIETY - evening, bed in",mind,sub,kali-n,1,8
"ANXIETY, evening, bed in","MIND - ANXIETY - evening, bed in",mind,sub,kali-p,1,8
"ANXIETY, evening, bed in","MIND - ANXIETY - evening, bed in",mind,sub,kali-s,1,8
"ANXIETY, evening, bed in","MIND - ANXIETY - evening, bed in",mind,sub,laur,1,8
"ANXIETY, evening, bed in","MIND - ANXIETY - evening, bed in",mind,sub,lil-t,1,8
"ANXIETY, evening, bed in","MIND - ANXIETY - evening, bed in",mind,sub,mez,1,8
"ANXIETY, evening, bed in","MIND - ANXIETY - evening, bed in",mind,sub,mur-ac,1,8
"ANXIETY, evening, bed in","MIND - ANXIETY - evening, bed in",mind,sub,nat-c,1,8
"ANXIETY, evening, bed in","MIND - ANXIETY - evening, bed in",mind,sub,nat-m,1,8
"ANXIETY, evening, bed in","MIND - ANXIETY - evening, bed in",mind,sub,nit-ac,1,8
"ANXIETY, evening, bed in","MIND - ANXIETY - evening, bed in",mind,sub,phos,1,8
"ANXIETY, evening, bed in","MIND - ANXIETY - evening, bed in",mind,sub,sabin,1,8
"ANXIETY, evening, bed in","MIND - ANXIETY - evening, bed in",mind,sub,sep,1,8
"ANXIETY, evening, bed in","MIND - ANXIETY - evening, bed in",mind,sub,sil,1,8
"ANXIETY, evening, bed in","MIND - ANXIETY - evening, bed in",mind,sub,stront,1,8
"ANXIETY, evening, bed in","MIND - ANXIETY - evening, bed in",mind,sub,ter,1,8
"ANXIETY, evening, bed in","MIND - ANXIETY - evening, bed in",mind,sub,verat,1,8
"ANXIETY, evening, bed in, amel","MIND - ANXIETY - evening, bed in, amel",mind,sub,mag-c,2,8
"ANXIETY, evening, closing the eyes, on","MIND - ANXIETY - evening, closing the eyes, on",mind,sub,mag-m,1,8
"ANXIETY, evening, twilight, in the","MIND - ANXIETY - evening, twilight, in the",mind,sub,ambr,1,8
"ANXIETY, evening, twilight, in the","MIND - ANXIETY - evening, twilight, in the",mind,sub,ars,1,8
"ANXIETY, evening, twilight, in the","MIND - ANXIETY - evening, twilight, in the",mind,sub,calc,1,8
"ANXIETY, evening, twilight, in the","MIND - ANXIETY - evening, twilight, in the",mind,sub,carb-v,1,8
"ANXIETY, evening, twilight, in the","MIND - ANXIETY - evening, twilight, in the",mind,sub,caust,1,8
"ANXIETY, evening, twilight, in the","MIND - ANXIETY - evening, twilight, in the",mind,sub,dig,1,8
"ANXIETY, evening, twilight, in the","MIND - ANXIETY - evening, twilight, in the",mind,sub,laur,1,8
"ANXIETY, evening, twilight, in the","MIND - ANXIETY - evening, twilight, in the",mind,sub,nux-v,1,8
"ANXIETY, evening, twilight, in the","MIND - ANXIETY - evening, twilight, in the",mind,sub,phos,1,8
"ANXIETY, evening, twilight, in the","MIND - ANXIETY - evening, twilight, in the",mind,sub,rhus-t,1,8
"ANXIETY, evening, twilight, in the","MIND - ANXIETY - evening, twilight, in the",mind,sub,sep,1,8
"ANXIETY, evening, uneasiness and anxiety, must uncover","MIND - ANXIETY - evening, uneasiness and anxiety, must uncover",mind,sub,puls,2,8
"ANXIETY, evening, uneasiness and anxiety, must uncover","MIND - ANXIETY - evening, uneasiness and anxiety, must uncover",mind,sub,bar-c,1,8
"ANXIETY, evening, uneasiness and anxiety, must uncover","MIND - ANXIETY - evening, uneasiness and anxiety, must uncover",mind,sub,mag-c,1,8
"ANXIETY, evening, uneasiness and anxiety, must uncover","MIND - ANXIETY - evening, uneasiness and anxiety, must uncover",mind,sub,nat-m,1,8
"ANXIETY, evening, violent exercise, from","MIND - ANXIETY - evening, violent exercise, from",mind,sub,ox-ac,1,8
"ANXIETY, midnight, after","MIND - ANXIETY - midnight, after",mind,sub,ars,3,8
"ANXIETY, midnight, after","MIND - ANXIETY - midnight, after",mind,sub,nux-v,3,8
"ANXIETY, midnight, after","MIND - ANXIETY - midnight, after",mind,sub,ambr,1,8
"ANXIETY, midnight, after","MIND - ANXIETY - midnight, after",mind,sub,ant-c,1,8
"ANXIETY, midnight, after","MIND - ANXIETY - midnight, after",mind,sub,calc,1,8
"ANXIETY, midnight, after","MIND - ANXIETY - midnight, after",mind,sub,caust,1,8
"ANXIETY, midnight, after","MIND - ANXIETY - midnight, after",mind,sub,cench,1,8
"ANXIETY, midnight, after","MIND - ANXIETY - midnight, after",mind,sub,chin,1,8
"ANXIETY, midnight, after","MIND - ANXIETY - midnight, after",mind,sub,colch,1,8
"ANXIETY, midnight, after","MIND - ANXIETY - midnight, after",mind,sub,dulc,1,8
"ANXIETY, midnight, after","MIND - ANXIETY - midnight, after",mind,sub,graph,1,8
"ANXIETY, midnight, after","MIND - ANXIETY - midnight, after",mind,sub,hep,1,8
"ANXIETY, midnight, after","MIND - ANXIETY - midnight, after",mind,sub,lyc,1,8
"ANXIETY, midnight, after","MIND - ANXIETY - midnight, after",mind,sub,rhus-t,1,8
"ANXIETY, midnight, after","MIND - ANXIETY - midnight, after",mind,sub,squil,1,8
"ANXIETY, midnight, before","MIND - ANXIETY - midnight, before",mind,sub,lyc,2,8
"ANXIETY, midnight, before","MIND - ANXIETY - midnight, before",mind,sub,mag-c,2,8
"ANXIETY, midnight, before","MIND - ANXIETY - midnight, before",mind,sub,nat-m,2,8
"ANXIETY, midnight, before","MIND - ANXIETY - midnight, before",mind,sub,puls,2,8
"ANXIETY, midnight, before","MIND - ANXIETY - midnight, before",mind,sub,sulph,2,8
"ANXIETY, midnight, before","MIND - ANXIETY - midnight, before",mind,sub,am-c,1,8
"ANXIETY, midnight, before","MIND - ANXIETY - midnight, before",mind,sub,ambr,1,8
"ANXIETY, midnight, before","MIND - ANXIETY - midnight, before",mind,sub,ars,1,8
"ANXIETY, midnight, before","MIND - ANXIETY - midnight, before",mind,sub,bar-c,1,8
"ANXIETY, midnight, before","MIND - ANXIETY - midnight, before",mind,sub,bry,1,8
"ANXIETY, midnight, before","MIND - ANXIETY - midnight, before",mind,sub,carb-s,1,8
"ANXIETY, midnight, before","MIND - ANXIETY - midnight, before",mind,sub,carb-v,1,8
"ANXIETY, midnight, before","MIND - ANXIETY - midnight, before",mind,sub,caust,1,8
"ANXIETY, midnight, before","MIND - ANXIETY - midnight, before",mind,sub,cench,1,8
"ANXIETY, midnight, before","MIND - ANXIETY - midnight, before",mind,sub,gels,1,8
"ANXIETY, midnight, before","MIND - ANXIETY - midnight, before",mind,sub,graph,1,8
"ANXIETY, midnight, before","MIND - ANXIETY - midnight, before",mind,sub,hep,1,8
"ANXIETY, midnight, before","MIND - ANXIETY - midnight, before",mind,sub,kali-c,1,8
"ANXIETY, midnight, before","MIND - ANXIETY - midnight, before",mind,sub,laur,1,8
"ANXIETY, midnight, before","MIND - ANXIETY - midnight, before",mind,sub,mag-m,1,8
"ANXIETY, midnight, before","MIND - ANXIETY - midnight, before",mind,sub,merc,1,8
"ANXIETY, midnight, before","MIND - ANXIETY - midnight, before",mind,sub,mur-ac,1,8
"ANXIETY, midnight, before","MIND - ANXIETY - midnight, before",mind,sub,nat-p,1,8
"ANXIETY, midnight, before","MIND - ANXIETY - midnight, before",mind,sub,nux-v,1,8
"ANXIETY, midnight, before","MIND - ANXIETY - midnight, before",mind,sub,phos,1,8
"ANXIETY, midnight, before","MIND - ANXIETY - midnight, before",mind,sub,sabin,1,8
"ANXIETY, midnight, before","MIND - ANXIETY - midnight, before",mind,sub,sil,1,8
"ANXIETY, midnight, before","MIND - ANXIETY - midnight, before",mind,sub,stront,1,8
"ANXIETY, midnight, before","MIND - ANXIETY - midnight, before",mind,sub,verat,1,8
"ANXIETY, midnight, before, on waking, amel., on rising","MIND - ANXIETY - midnight, before, on waking, amel., on rising",mind,sub,sil,1,8
"ANXIETY, midnight, on waking","MIND - ANXIETY - midnight, on waking",mind,sub,ign,1,8
"ANXIETY, midnight, on waking","MIND - ANXIETY - midnight, on waking",mind,sub,lyc,1,8
"ANXIETY, midnight, on waking","MIND - ANXIETY - midnight, on waking",mind,sub,ph-ac,1,8
"ANXIETY, night","MIND - ANXIETY - night",mind,sub,ars,3,8
"ANXIETY, night","MIND - ANXIETY - night",mind,sub,mag-c,3,8
"ANXIETY, night","MIND - ANXIETY - night",mind,sub,nux-v,3,8
"ANXIETY, night","MIND - ANXIETY - night",mind,sub,puls,3,8
"ANXIETY, night","MIND - ANXIETY - night",mind,sub,lach,2,8
"ANXIETY, night","MIND - ANXIETY - night",mind,sub,nat-m,2,8
"ANXIETY, night","MIND - ANXIETY - night",mind,sub,acon,1,8
"ANXIETY, night","MIND - ANXIETY - night",mind,sub,agar,1,8
"ANXIETY, night","MIND - ANXIETY - night",mind,sub,alum,1,8
"ANXIETY, night","MIND - ANXIETY - night",mind,sub,am,1,8
"ANXIETY, night","MIND - ANXIETY - night",mind,sub,am-c,1,8
"ANXIETY, night","MIND - ANXIETY - night",mind,sub,am-m,1,8
"ANXIETY, night","MIND - ANXIETY - night",mind,sub,ambr,1,8
"ANXIETY, night","MIND - ANXIETY - night",mind,sub,ant-c,1,8
"ANXIETY, night","MIND - ANXIETY - night",mind,sub,arg-n,1,8
"ANXIETY, night","MIND - ANXIETY - night",mind,sub,arn,1,8
"ANXIETY, night","MIND - ANXIETY - night",mind,sub,aster,1,8
"ANXIETY, night","MIND - ANXIETY - night",mind,sub,bar-c,1,8
"ANXIETY, night","MIND - ANXIETY - night",mind,sub,bell,1,8
"ANXIETY, night","MIND - ANXIETY - night",mind,sub,bor,1,8
"ANXIETY, night","MIND - ANXIETY - night",mind,sub,bov,1,8
"ANXIETY, night","MIND - ANXIETY - night",mind,sub,bry,1,8
"ANXIETY, night","MIND - ANXIETY - night",mind,sub,cact,1,8
"ANXIETY, night","MIND - ANXIETY - night",mind,sub,calc,1,8
"ANXIETY, night","MIND - ANXIETY - night",mind,sub,calc-s,1,8
"ANXIETY, night","MIND - ANXIETY - night",mind,sub,camph,1,8
"ANXIETY, night","MIND - ANXIETY - night",mind,sub,cann-s,1,8
"ANXIETY, night","MIND - ANXIETY - night",mind,sub,canth,1,8
"ANXIETY, night","MIND - ANXIETY - night",mind,sub,carb-an,1,8
"ANXIETY, night","MIND - ANXIETY - night",mind,sub,carb-s,1,8
"ANXIETY, night","MIND - ANXIETY - night",mind,sub,carb-v,1,8
"ANXIETY, night","MIND - ANXIETY - night",mind,sub,castor,1,8
"ANXIETY, night","MIND - ANXIETY - night",mind,sub,caust,1,8
"ANXIETY, night","MIND - ANXIETY - night",mind,sub,cham,1,8
"ANXIETY, night","MIND - ANXIETY - night",mind,sub,chin,1,8
"ANXIETY, night","MIND - ANXIETY - night",mind,sub,chin-a,1,8
"ANXIETY, night","MIND - ANXIETY - night",mind,sub,cina,1,8
"ANXIETY, night","MIND - ANXIETY - night",mind,sub,cocc,1,8
"ANXIETY, night","MIND - ANXIETY - night",mind,sub,coff,1,8
"ANXIETY, night","MIND - ANXIETY - night",mind,sub,colch,1,8
"ANXIETY, night","MIND - ANXIETY - night",mind,sub,con,1,8
"ANXIETY, night","MIND - ANXIETY - night",mind,sub,cycl,1,8
"ANXIETY, night","MIND - ANXIETY - night",mind,sub,dig,1,8
"ANXIETY, night","MIND - ANXIETY - night",mind,sub,dros,1,8
"ANXIETY, night","MIND - ANXIETY - night",mind,sub,dulc,1,8
"ANXIETY, night","MIND - ANXIETY - night",mind,sub,ferr,1,8
"ANXIETY, night","MIND - ANXIETY - night",mind,sub,ferr-ar,1,8
"ANXIETY, night","MIND - ANXIETY - night",mind,sub,ferr-p,1,8
"ANXIETY, night","MIND - ANXIETY - night",mind,sub,graph,1,8
"ANXIETY, night","MIND - ANXIETY - night",mind,sub,ham,1,8
"ANXIETY, night","MIND - ANXIETY - night",mind,sub,hep,1,8
"ANXIETY, night","MIND - ANXIETY - night",mind,sub,hyos,1,8
"ANXIETY, night","MIND - ANXIETY - night",mind,sub,ign,1,8
"ANXIETY, night","MIND - ANXIETY - night",mind,sub,jatr,1,8
"ANXIETY, night","MIND - ANXIETY - night",mind,sub,kali-ar,1,8
"ANXIETY, night","MIND - ANXIETY - night",mind,sub,kali-bi,1,8
"ANXIETY, night","MIND - ANXIETY - night",mind,sub,kali-p,1,8
"ANXIETY, night","MIND - ANXIETY - night",mind,sub,kali-s,1,8
"ANXIETY, night","MIND - ANXIETY - night",mind,sub,lac-ac,1,8
"ANXIETY, night","MIND - ANXIETY - night",mind,sub,lact,1,8
"ANXIETY, night","MIND - ANXIETY - night",mind,sub,lil-t,1,8
"ANXIETY, night","MIND - ANXIETY - night",mind,sub,lith,1,8
"ANXIETY, night","MIND - ANXIETY - night",mind,sub,lyc,1,8
"ANXIETY, night","MIND - ANXIETY - night",mind,sub,mag-m,1,8
"ANXIETY, night","MIND - ANXIETY - night",mind,sub,mang,1,8
"ANXIETY, night","MIND - ANXIETY - night",mind,sub,merc,1,8
"ANXIETY, night","MIND - ANXIETY - night",mind,sub,merc-c,1,8
"ANXIETY, night","MIND - ANXIETY - night",mind,sub,nat-ar,1,8
"ANXIETY, night","MIND - ANXIETY - night",mind,sub,nat-c,1,8
"ANXIETY, night","MIND - ANXIETY - night",mind,sub,nat-p,1,8
"ANXIETY, night","MIND - ANXIETY - night",mind,sub,nicc,1,8
"ANXIETY, night","MIND - ANXIETY - night",mind,sub,nit-ac,1,8
"ANXIETY, night","MIND - ANXIETY - night",mind,sub,op,1,8
"ANXIETY, night","MIND - ANXIETY - night",mind,sub,pall,1,8
"ANXIETY, night","MIND - ANXIETY - night",mind,sub,petr,1,8
"ANXIETY, night","MIND - ANXIETY - night",mind,sub,ph-ac,1,8
"ANXIETY, night","MIND - ANXIETY - night",mind,sub,phos,1,8
"ANXIETY, night","MIND - ANXIETY - night",mind,sub,plat,1,8
"ANXIETY, night","MIND - ANXIETY - night",mind,sub,plb,1,8
"ANXIETY, night","MIND - ANXIETY - night",mind,sub,ran-b,1,8
"ANXIETY, night","MIND - ANXIETY - night",mind,sub,rhus-t,1,8
"ANXIETY, night","MIND - ANXIETY - night",mind,sub,sabad,1,8
"ANXIETY, night","MIND - ANXIETY - night",mind,sub,samb,1,8
"ANXIETY, night","MIND - ANXIETY - night",mind,sub,sec,1,8
"ANXIETY, night","MIND - ANXIETY - night",mind,sub,sep,1,8
"ANXIETY, night","MIND - ANXIETY - night",mind,sub,sil,1,8
"ANXIETY, night","MIND - ANXIETY - night",mind,sub,spong,1,8
"ANXIETY, night","MIND - ANXIETY - night",mind,sub,squil,1,8
"ANXIETY, night","MIND - ANXIETY - night",mind,sub,stram,1,8
"ANXIETY, night","MIND - ANXIETY - night",mind,sub,sulph,1,8
"ANXIETY, night","MIND - ANXIETY - night",mind,sub,tab,1,8
"ANXIETY, night","MIND - ANXIETY - night",mind,sub,thuj,1,8
"ANXIETY, night","MIND - ANXIETY - night",mind,sub,verat,1,8
"ANXIETY, night","MIND - ANXIETY - night",mind,sub,zinc,1,8
"ANXIETY, night, waking, on","MIND - ANXIETY - night, waking, on",mind,sub,sulph,3,8
"ANXIETY, night, waking, on","MIND - ANXIETY - night, waking, on",mind,sub,nat-m,2,8
"ANXIETY, night, waking, on","MIND - ANXIETY - night, waking, on",mind,sub,alum,1,8
"ANXIETY, night, waking, on","MIND - ANXIETY - night, waking, on",mind,sub,arg-n,1,8
"ANXIETY, night, waking, on","MIND - ANXIETY - night, waking, on",mind,sub,ars,1,8
"ANXIETY, night, waking, on","MIND - ANXIETY - night, waking, on",mind,sub,carb-v,1,8
"ANXIETY, night, waking, on","MIND - ANXIETY - night, waking, on",mind,sub,chel,1,8
"ANXIETY, night, waking, on","MIND - ANXIETY - night, waking, on",mind,sub,con,1,8
"ANXIETY, night, waking, on","MIND - ANXIETY - night, waking, on",mind,sub,dros,1,8
"ANXIETY, night, waking, on","MIND - ANXIETY - night, waking, on",mind,sub,graph,1,8
"ANXIETY, night, waking, on","MIND - ANXIETY - night, waking, on",mind,sub,lac-ac,1,8
"ANXIETY, night, waking, on","MIND - ANXIETY - night, waking, on",mind,sub,lyc,1,8
"ANXIETY, night, waking, on","MIND - ANXIETY - night, waking, on",mind,sub,nit-ac,1,8
"ANXIETY, night, waking, on","MIND - ANXIETY - night, waking, on",mind,sub,phos,1,8
"ANXIETY, night, waking, on","MIND - ANXIETY - night, waking, on",mind,sub,puls,1,8
"ANXIETY, night, waking, on","MIND - ANXIETY - night, waking, on",mind,sub,rhus-t,1,8
"ANXIETY, night, waking, on","MIND - ANXIETY - night, waking, on",mind,sub,sil,1,8
"ANXIETY, night, waking, on","MIND - ANXIETY - night, waking, on",mind,sub,zinc,1,8
"ANXIETY, until 2 a.m","MIND - ANXIETY - until 2 a.m",mind,sub,carb-an,1,8
"ANXIETY, bed, in","MIND - ANXIETY - bed, in",mind,sub,ars,3,9
"ANXIETY, bed, in","MIND - ANXIETY - bed, in",mind,sub,camph,3,9
"ANXIETY, bed, in","MIND - ANXIETY - bed, in",mind,sub,rhus-t,3,9
"ANXIETY, bed, in","MIND - ANXIETY - bed, in",mind,sub,lyc,2,9
"ANXIETY, bed, in","MIND - ANXIETY - bed, in",mind,sub,mag-c,2,9
"ANXIETY, bed, in","MIND - ANXIETY - bed, in",mind,sub,mag-m,2,9
"ANXIETY, bed, in","MIND - ANXIETY - bed, in",mind,sub,puls,2,9
"ANXIETY, bed, in","MIND - ANXIETY - bed, in",mind,sub,am-c,1,9
"ANXIETY, bed, in","MIND - ANXIETY - bed, in",mind,sub,ambr,1,9
"ANXIETY, bed, in","MIND - ANXIETY - bed, in",mind,sub,anac,1,9
"ANXIETY, bed, in","MIND - ANXIETY - bed, in",mind,sub,ant-c,1,9
"ANXIETY, bed, in","MIND - ANXIETY - bed, in",mind,sub,berb,1,9
"ANXIETY, bed, in","MIND - ANXIETY - bed, in",mind,sub,bry,1,9
"ANXIETY, bed, in","MIND - ANXIETY - bed, in",mind,sub,calad,1,9
"ANXIETY, bed, in","MIND - ANXIETY - bed, in",mind,sub,calc,1,9
"ANXIETY, bed, in","MIND - ANXIETY - bed, in",mind,sub,carb-an,1,9
"ANXIETY, bed, in","MIND - ANXIETY - bed, in",mind,sub,carb-s,1,9
"ANXIETY, bed, in","MIND - ANXIETY - bed, in",mind,sub,carb-v,1,9
"ANXIETY, bed, in","MIND - ANXIETY - bed, in",mind,sub,ferr,1,9
"ANXIETY, bed, in","MIND - ANXIETY - bed, in",mind,sub,graph,1,9
"ANXIETY, bed, in","MIND - ANXIETY - bed, in",mind,sub,hep,1,9
"ANXIETY, bed, in","MIND - ANXIETY - bed, in",mind,sub,ign,1,9
"ANXIETY, bed, in","MIND - ANXIETY - bed, in",mind,sub,kali-ar,1,9
"ANXIETY, bed, in","MIND - ANXIETY - bed, in",mind,sub,kali-bi,1,9
"ANXIETY, bed, in","MIND - ANXIETY - bed, in",mind,sub,laur,1,9
"ANXIETY, bed, in","MIND - ANXIETY - bed, in",mind,sub,mez,1,9
"ANXIETY, bed, in","MIND - ANXIETY - bed, in",mind,sub,nat-ar,1,9
"ANXIETY, bed, in","MIND - ANXIETY - bed, in",mind,sub,nat-c,1,9
"ANXIETY, bed, in","MIND - ANXIETY - bed, in",mind,sub,nat-m,1,9
"ANXIETY, bed, in","MIND - ANXIETY - bed, in",mind,sub,nit-ac,1,9
"ANXIETY, bed, in","MIND - ANXIETY - bed, in",mind,sub,nux-v,1,9
"ANXIETY, bed, in","MIND - ANXIETY - bed, in",mind,sub,phos,1,9
"ANXIETY, bed, in","MIND - ANXIETY - bed, in",mind,sub,sabin,1,9
"ANXIETY, bed, in","MIND - ANXIETY - bed, in",mind,sub,sep,1,9
"ANXIETY, bed, in","MIND - ANXIETY - bed, in",mind,sub,sil,1,9
"ANXIETY, bed, in","MIND - ANXIETY - bed, in",mind,sub,spong,1,9
"ANXIETY, bed, in","MIND - ANXIETY - bed, in",mind,sub,tereb,1,9
"ANXIETY, bed, in","MIND - ANXIETY - bed, in",mind,sub,verat,1,9
"ANXIETY, breakfast, after","MIND - ANXIETY - breakfast, after",mind,sub,con,1,9
"ANXIETY, breakfast, after","MIND - ANXIETY - breakfast, after",mind,sub,kali-c,1,9
"ANXIETY, breathing deeply, on","MIND - ANXIETY - breathing deeply, on",mind,sub,spig,2,9
"ANXIETY, breathing deeply, on","MIND - ANXIETY - breathing deeply, on",mind,sub,acon,1,9
"ANXIETY, breathing deeply, on, amel","MIND - ANXIETY - breathing deeply, on, amel",mind,sub,agar,1,9
"ANXIETY, breathing deeply, on, amel","MIND - ANXIETY - breathing deeply, on, amel",mind,sub,rhus-t,1,9
"ANXIETY, business, about","MIND - ANXIETY - business, about",mind,sub,anac,1,9
"ANXIETY, business, about","MIND - ANXIETY - business, about",mind,sub,puls,1,9
"ANXIETY, chagrin, after","MIND - ANXIETY - chagrin, after",mind,sub,lyc,1,9
"ANXIETY, children, about his","MIND - ANXIETY - children, about his",mind,sub,acet-ac,1,9
"ANXIETY, children, in","MIND - ANXIETY - children, in",mind,sub,bor,1,9
"ANXIETY, children, in","MIND - ANXIETY - children, in",mind,sub,calc,1,9
"ANXIETY, children, in","MIND - ANXIETY - children, in",mind,sub,calc-p,1,9
"ANXIETY, children, in","MIND - ANXIETY - children, in",mind,sub,gels,1,9
"ANXIETY, children, in","MIND - ANXIETY - children, in",mind,sub,kali-c,1,9
"ANXIETY, children, when lifted from the cradle","MIND - ANXIETY - children, when lifted from the cradle",mind,sub,calc-p,1,9
"ANXIETY, chill, before","MIND - ANXIETY - chill, before",mind,sub,chin,3,9
"ANXIETY, chill, before","MIND - ANXIETY - chill, before",mind,sub,ars,1,9
"ANXIETY, chill, before","MIND - ANXIETY - chill, before",mind,sub,ars-h,1,9
"ANXIETY, before attack of whooping cough","MIND - ANXIETY - before attack of whooping cough",mind,sub,cupr,1,10
"ANXIETY, chill, after","MIND - ANXIETY - chill, after",mind,sub,chel,1,10
"ANXIETY, chill, after","MIND - ANXIETY - chill, after",mind,sub,kali-c,1,10
"ANXIETY, chill, during","MIND - ANXIETY - chill, during",mind,sub,acon,3,10
"ANXIETY, chill, during","MIND - ANXIETY - chill, during",mind,sub,ars,3,10
"ANXIETY, chill, during","MIND - ANXIETY - chill, during",mind,sub,calc,3,10
"ANXIETY, chill, during","MIND - ANXIETY - chill, during",mind,sub,camph,3,10
"ANXIETY, chill, during","MIND - ANXIETY - chill, during",mind,sub,puls,3,10
"ANXIETY, chill, during","MIND - ANXIETY - chill, during",mind,sub,cocc,2,10
"ANXIETY, chill, during","MIND - ANXIETY - chill, during",mind,sub,arn,1,10
"ANXIETY, chill, during","MIND - ANXIETY - chill, during",mind,sub,ars-h,1,10
"ANXIETY, chill, during","MIND - ANXIETY - chill, during",mind,sub,caps,1,10
"ANXIETY, chill, during","MIND - ANXIETY - chill, during",mind,sub,carb-v,1,10
"ANXIETY, chill, during","MIND - ANXIETY - chill, during",mind,sub,chin,1,10
"ANXIETY, chill, during","MIND - ANXIETY - chill, during",mind,sub,chin-a,1,10
"ANXIETY, chill, during","MIND - ANXIETY - chill, during",mind,sub,cimx,1,10
"ANXIETY, chill, during","MIND - ANXIETY - chill, during",mind,sub,cycl,1,10
"ANXIETY, chill, during","MIND - ANXIETY - chill, during",mind,sub,gels,1,10
"ANXIETY, chill, during","MIND - ANXIETY - chill, during",mind,sub,hura,1,10
"ANXIETY, chill, during","MIND - ANXIETY - chill, during",mind,sub,ign,1,10
"ANXIETY, chill, during","MIND - ANXIETY - chill, during",mind,sub,lam,1,10
"ANXIETY, chill, during","MIND - ANXIETY - chill, during",mind,sub,laur,1,10
"ANXIETY, chill, during","MIND - ANXIETY - chill, during",mind,sub,nat-m,1,10
"ANXIETY, chill, during","MIND - ANXIETY - chill, during",mind,sub,nux-v,1,10
"ANXIETY, chill, during","MIND - ANXIETY - chill, during",mind,sub,phos,1,10
"ANXIETY, chill, during","MIND - ANXIETY - chill, during",mind,sub,plat,1,10
"ANXIETY, chill, during","MIND - ANXIETY - chill, during",mind,sub,rhus-t,1,10
"ANXIETY, chill, during","MIND - ANXIETY - chill, during",mind,sub,sec,1,10
"ANXIETY, chill, during","MIND - ANXIETY - chill, during",mind,sub,sep,1,10
"ANXIETY, chill, during","MIND - ANXIETY - chill, during",mind,sub,verat,1,10
"ANXIETY, church bells, from hearing","MIND - ANXIETY - church bells, from hearing",mind,sub,lyss,1,10
"ANXIETY, closing eyes, on","MIND - ANXIETY - closing eyes, on",mind,sub,carb-v,3,10
"ANXIETY, closing eyes, on","MIND - ANXIETY - closing eyes, on",mind,sub,calc,1,10
"ANXIETY, closing eyes, on","MIND - ANXIETY - closing eyes, on",mind,sub,mag-m,1,10
"ANXIETY, coffee, after","MIND - ANXIETY - coffee, after",mind,sub,cham,1,10
"ANXIETY, coffee, after","MIND - ANXIETY - coffee, after",mind,sub,ign,1,10
"ANXIETY, coffee, after","MIND - ANXIETY - coffee, after",mind,sub,nux-v,1,10
"ANXIETY, coffee, after","MIND - ANXIETY - coffee, after",mind,sub,stram,1,10
"ANXIETY, coition, after","MIND - ANXIETY - coition, after",mind,sub,sep,1,10
"ANXIETY, coition, thought of","MIND - ANXIETY - coition, thought of",mind,sub,kreos,1,10
"ANXIETY, cold drinks, amel","MIND - ANXIETY - cold drinks, amel",mind,sub,agar-em,2,10
"ANXIETY, cold drinks, amel","MIND - ANXIETY - cold drinks, amel",mind,sub,acon,1,10
"ANXIETY, cold drinks, amel","MIND - ANXIETY - cold drinks, amel",mind,sub,sulph,1,10
"ANXIETY, cold, becoming, from","MIND - ANXIETY - cold, becoming, from",mind,sub,manc,1,10
"ANXIETY, company, when in","MIND - ANXIETY - company, when in",mind,sub,am,1,10
"ANXIETY, company, when in","MIND - ANXIETY - company, when in",mind,sub,ambr,1,10
"ANXIETY, company, when in","MIND - ANXIETY - company, when in",mind,sub,bell,1,10
"ANXIETY, company, when in","MIND - ANXIETY - company, when in",mind,sub,cadm,1,10
"ANXIETY, company, when in","MIND - ANXIETY - company, when in",mind,sub,lyc,1,10
"ANXIETY, company, when in","MIND - ANXIETY - company, when in",mind,sub,petr,1,10
"ANXIETY, company, when in","MIND - ANXIETY - company, when in",mind,sub,plat,1,10
"ANXIETY, company, when in","MIND - ANXIETY - company, when in",mind,sub,stram,1,10
"ANXIETY, conscience, of","MIND - ANXIETY - conscience, of",mind,sub,ars,3,10
"ANXIETY, conscience, of","MIND - ANXIETY - conscience, of",mind,sub,aur,3,10
"ANXIETY, conscience, of","MIND - ANXIETY - conscience, of",mind,sub,chel,3,10
"ANXIETY, conscience, of","MIND - ANXIETY - conscience, of",mind,sub,dig,3,10
"ANXIETY, conscience, of","MIND - ANXIETY - conscience, of",mind,sub,psor,3,10
"ANXIETY, conscience, of","MIND - ANXIETY - conscience, of",mind,sub,lyc,2,10
"ANXIETY, conscience, of","MIND - ANXIETY - conscience, of",mind,sub,mag-c,2,10
"ANXIETY, conscience, of","MIND - ANXIETY - conscience, of",mind,sub,nat-m,2,10
"ANXIETY, conscience, of","MIND - ANXIETY - conscience, of",mind,sub,sulph,2,10
"ANXIETY, conscience, of","MIND - ANXIETY - conscience, of",mind,sub,thuj,2,10
"ANXIETY, conscience, of","MIND - ANXIETY - conscience, of",mind,sub,alum,1,10
"ANXIETY, conscience, of","MIND - ANXIETY - conscience, of",mind,sub,am-c,1,10
"ANXIETY, conscience, of","MIND - ANXIETY - conscience, of",mind,sub,cact,1,10
"ANXIETY, conscience, of","MIND - ANXIETY - conscience, of",mind,sub,canth,1,10
"ANXIETY, conscience, of","MIND - ANXIETY - conscience, of",mind,sub,carb-s,1,10
"ANXIETY, conscience, of","MIND - ANXIETY - conscience, of",mind,sub,carb-v,1,10
"ANXIETY, conscience, of","MIND - ANXIETY - conscience, of",mind,sub,caust,1,10
"ANXIETY, conscience, of","MIND - ANXIETY - conscience, of",mind,sub,cina,1,10
"ANXIETY, conscience, of","MIND - ANXIETY - conscience, of",mind,sub,cocc,1,10
"ANXIETY, conscience, of","MIND - ANXIETY - conscience, of",mind,sub,coff,1,10
"ANXIETY, conscience, of","MIND - ANXIETY - conscience, of",mind,sub,con,1,10
"ANXIETY, conscience, of","MIND - ANXIETY - conscience, of",mind,sub,cupr,1,10
"ANXIETY, conscience, of","MIND - ANXIETY - conscience, of",mind,sub,cycl,1,10
"ANXIETY, conscience, of","MIND - ANXIETY - conscience, of",mind,sub,ferr,1,10
"ANXIETY, conscience, of","MIND - ANXIETY - conscience, of",mind,sub,ferr-ar,1,10
"ANXIETY, conscience, of","MIND - ANXIETY - conscience, of",mind,sub,ferr-p,1,10
"ANXIETY, conscience, of","MIND - ANXIETY - conscience, of",mind,sub,graph,1,10
"ANXIETY, conscience, of","MIND - ANXIETY - conscience, of",mind,sub,hyos,1,10
"ANXIETY, conscience, of","MIND - ANXIETY - conscience, of",mind,sub,ign,1,10
"ANXIETY, conscience, of","MIND - ANXIETY - conscience, of",mind,sub,jatr,1,10
"ANXIETY, conscience, of","MIND - ANXIETY - conscience, of",mind,sub,kali-bi,1,10
"ANXIETY, conscience, of","MIND - ANXIETY - conscience, of",mind,sub,kali-c,1,10
"ANXIETY, conscience, of","MIND - ANXIETY - conscience, of",mind,sub,merc,1,10
"ANXIETY, conscience, of","MIND - ANXIETY - conscience, of",mind,sub,merc-c,1,10
"ANXIETY, conscience, of","MIND - ANXIETY - conscience, of",mind,sub,nat-ar,1,10
"ANXIETY, conscience, of","MIND - ANXIETY - conscience, of",mind,sub,nat-c,1,10
"ANXIETY, conscience, of","MIND - ANXIETY - conscience, of",mind,sub,nat-p,1,10
"ANXIETY, conscience, of","MIND - ANXIETY - conscience, of",mind,sub,nit-ac,1,10
"ANXIETY, conscience, of","MIND - ANXIETY - conscience, of",mind,sub,nux-m,1,10
"ANXIETY, conscience, of","MIND - ANXIETY - conscience, of",mind,sub,nux-v,1,10
"ANXIETY, conscience, of","MIND - ANXIETY - conscience, of",mind,sub,phos,1,10
"ANXIETY, conscience, of","MIND - ANXIETY - conscience, of",mind,sub,puls,1,10
"ANXIETY, conscience, of","MIND - ANXIETY - conscience, of",mind,sub,rheum,1,10
"ANXIETY, conscience, of","MIND - ANXIETY - conscience, of",mind,sub,rhus-t,1,10
"ANXIETY, conscience, of","MIND - ANXIETY - conscience, of",mind,sub,ruta,1,10
"ANXIETY, conscience, of","MIND - ANXIETY - conscience, of",mind,sub,sabad,1,10
"ANXIETY, conscience, of","MIND - ANXIETY - conscience, of",mind,sub,sil,1,10
"ANXIETY, conscience, of","MIND - ANXIETY - conscience, of",mind,sub,stram,1,10
"ANXIETY, conscience, of","MIND - ANXIETY - conscience, of",mind,sub,verat,1,10
"ANXIETY, conscience, of","MIND - ANXIETY - conscience, of",mind,sub,zinc,1,10
"ANXIETY, continence prolonged, from","MIND - ANXIETY - continence prolonged, from",mind,sub,con,1,10
"ANXIETY, conversation, from","MIND - ANXIETY - conversation, from",mind,sub,ambr,2,10
"ANXIETY, conversation, from","MIND - ANXIETY - conversation, from",mind,sub,alum,1,10
"ANXIETY, conversation, from","MIND - ANXIETY - conversation, from",mind,sub,plat,1,10
"ANXIETY, conversation, from","MIND - ANXIETY - conversation, from",mind,sub,stram,1,10
"ANXIETY, cough, before","MIND - ANXIETY - cough, before",mind,sub,cupr,2,10
"ANXIETY, cough, before","MIND - ANXIETY - cough, before",mind,sub,ars,1,10
"ANXIETY, cough, before","MIND - ANXIETY - cough, before",mind,sub,iod,1,10
"ANXIETY, cough, before","MIND - ANXIETY - cough, before",mind,sub,lach,1,10
"ANXIETY, coughing, from","MIND - ANXIETY - coughing, from",mind,sub,arund,1,10
"ANXIETY, coughing, from","MIND - ANXIETY - coughing, from",mind,sub,merc-c,1,10
"ANXIETY, coughing, from","MIND - ANXIETY - coughing, from",mind,sub,nit-ac,1,10
"ANXIETY, coughing, from","MIND - ANXIETY - coughing, from",mind,sub,stram,1,10
"ANXIETY, crowd, in a","MIND - ANXIETY - crowd, in a",mind,sub,acon,2,10
"ANXIETY, crowd, in a","MIND - ANXIETY - crowd, in a",mind,sub,ambr,2,10
"ANXIETY, crowd, in a","MIND - ANXIETY - crowd, in a",mind,sub,petr,2,10
"ANXIETY, crowd, in a","MIND - ANXIETY - crowd, in a",mind,sub,bell,1,10
"ANXIETY, crowd, in a","MIND - ANXIETY - crowd, in a",mind,sub,lyc,1,10
"ANXIETY, crowd, in a","MIND - ANXIETY - crowd, in a",mind,sub,plat,1,10
"ANXIETY, crowd, in a","MIND - ANXIETY - crowd, in a",mind,sub,stram,1,10
"ANXIETY, cruelties, after hearing of","MIND - ANXIETY - cruelties, after hearing of",mind,sub,calc,1,10
"ANXIETY, dark, in","MIND - ANXIETY - dark, in",mind,sub,puls,2,10
"ANXIETY, dark, in","MIND - ANXIETY - dark, in",mind,sub,nat-m,1,10
"ANXIETY, dark, in","MIND - ANXIETY - dark, in",mind,sub,phos,1,10
"ANXIETY, dark, in","MIND - ANXIETY - dark, in",mind,sub,rhus-t,1,10
"ANXIETY, dark, in","MIND - ANXIETY - dark, in",mind,sub,stram,1,10
"ANXIETY, dark, in","MIND - ANXIETY - dark, in",mind,sub,æth,1,10
"ANXIETY, dinner, after","MIND - ANXIETY - dinner, after",mind,sub,phos,2,10
"ANXIETY, dinner, after","MIND - ANXIETY - dinner, after",mind,sub,ambr,1,10
"ANXIETY, dinner, after","MIND - ANXIETY - dinner, after",mind,sub,canth,1,10
"ANXIETY, dinner, after","MIND - ANXIETY - dinner, after",mind,sub,gins,1,10
"ANXIETY, dinner, after","MIND - ANXIETY - dinner, after",mind,sub,hyos,1,10
"ANXIETY, dinner, after","MIND - ANXIETY - dinner, after",mind,sub,nat-m,1,10
"ANXIETY, dinner, after","MIND - ANXIETY - dinner, after",mind,sub,sil,1,10
"ANXIETY, dinner, after","MIND - ANXIETY - dinner, after",mind,sub,verat,1,10
"ANXIETY, dinner, after, amel","MIND - ANXIETY - dinner, after, amel",mind,sub,sulph,1,10
"ANXIETY, dinner, during","MIND - ANXIETY - dinner, during",mind,sub,mag-m,1,10
"ANXIETY, dreams, on waking from frightful","MIND - ANXIETY - dreams, on waking from frightful",mind,sub,nat-m,2,10
"ANXIETY, dreams, on waking from frightful","MIND - ANXIETY - dreams, on waking from frightful",mind,sub,ars,1,10
"ANXIETY, dreams, on waking from frightful","MIND - ANXIETY - dreams, on waking from frightful",mind,sub,chin,1,10
"ANXIETY, dreams, on waking from frightful","MIND - ANXIETY - dreams, on waking from frightful",mind,sub,graph,1,10
"ANXIETY, dreams, on waking from frightful","MIND - ANXIETY - dreams, on waking from frightful",mind,sub,nicc,1,10
"ANXIETY, dreams, on waking from frightful","MIND - ANXIETY - dreams, on waking from frightful",mind,sub,stram,1,10
"ANXIETY, drinking, after","MIND - ANXIETY - drinking, after",mind,sub,cimx,1,10
"ANXIETY, eating, after","MIND - ANXIETY - eating, after",mind,sub,nux-v,3,10
"ANXIETY, eating, after","MIND - ANXIETY - eating, after",mind,sub,carb-v,2,10
"ANXIETY, eating, after","MIND - ANXIETY - eating, after",mind,sub,caust,2,10
"ANXIETY, eating, after","MIND - ANXIETY - eating, after",mind,sub,aloe,1,10
"ANXIETY, eating, after","MIND - ANXIETY - eating, after",mind,sub,ambr,1,10
"ANXIETY, eating, after","MIND - ANXIETY - eating, after",mind,sub,arg-n,1,10
"ANXIETY, eating, after","MIND - ANXIETY - eating, after",mind,sub,asaf,1,10
"ANXIETY, eating, after","MIND - ANXIETY - eating, after",mind,sub,bell,1,10
"ANXIETY, eating, after","MIND - ANXIETY - eating, after",mind,sub,canth,1,10
"ANXIETY, eating, after","MIND - ANXIETY - eating, after",mind,sub,cham,1,10
"ANXIETY, eating, after","MIND - ANXIETY - eating, after",mind,sub,con,1,10
"ANXIETY, eating, after","MIND - ANXIETY - eating, after",mind,sub,cupr,1,10
"ANXIETY, eating, after","MIND - ANXIETY - eating, after",mind,sub,cycl,1,10
"ANXIETY, eating, after","MIND - ANXIETY - eating, after",mind,sub,ferr,1,10
"ANXIETY, eating, after","MIND - ANXIETY - eating, after",mind,sub,ferr-m,1,10
"ANXIETY, eating, after","MIND - ANXIETY - eating, after",mind,sub,ferr-p,1,10
"ANXIETY, eating, after","MIND - ANXIETY - eating, after",mind,sub,hyos,1,10
"ANXIETY, eating, after","MIND - ANXIETY - eating, after",mind,sub,kali-c,1,10
"ANXIETY, eating, after","MIND - ANXIETY - eating, after",mind,sub,kreos,1,10
"ANXIETY, eating, after","MIND - ANXIETY - eating, after",mind,sub,lach,1,10
"ANXIETY, eating, after","MIND - ANXIETY - eating, after",mind,sub,laur,1,10
"ANXIETY, eating, after","MIND - ANXIETY - eating, after",mind,sub,mag-m,1,10
"ANXIETY, eating, after","MIND - ANXIETY - eating, after",mind,sub,merc,1,10
"ANXIETY, eating, after","MIND - ANXIETY - eating, after",mind,sub,merc-c,1,10
"ANXIETY, eating, after","MIND - ANXIETY - eating, after",mind,sub,nat-c,1,10
"ANXIETY, eating, after","MIND - ANXIETY - eating, after",mind,sub,nat-m,1,10
"ANXIETY, eating, after","MIND - ANXIETY - eating, after",mind,sub,nit-ac,1,10
"ANXIETY, eating, after","MIND - ANXIETY - eating, after",mind,sub,ph-ac,1,10
"ANXIETY, eating, after","MIND - ANXIETY - eating, after",mind,sub,phos,1,10
"ANXIETY, eating, after","MIND - ANXIETY - eating, after",mind,sub,plat,1,10
"ANXIETY, eating, after","MIND - ANXIETY - eating, after",mind,sub,psor,1,10
"ANXIETY, eating, after","MIND - ANXIETY - eating, after",mind,sub,ran-b,1,10
"ANXIETY, eating, after","MIND - ANXIETY - eating, after",mind,sub,sep,1,10
"ANXIETY, eating, after","MIND - ANXIETY - eating, after",mind,sub,sil,1,10
"ANXIETY, eating, after","MIND - ANXIETY - eating, after",mind,sub,thuj,1,10
"ANXIETY, eating, after","MIND - ANXIETY - eating, after",mind,sub,verat,1,10
"ANXIETY, eating, after","MIND - ANXIETY - eating, after",mind,sub,viol-t,1,10
"ANXIETY, eating, after, amel","MIND - ANXIETY - eating, after, amel",mind,sub,sulph,2,10
"ANXIETY, eating, after, amel","MIND - ANXIETY - eating, after, amel",mind,sub,aur,1,10
"ANXIETY, eating, after, amel","MIND - ANXIETY - eating, after, amel",mind,sub,iod,1,10
"ANXIETY, eating, after, amel","MIND - ANXIETY - eating, after, amel",mind,sub,mez,1,10
"ANXIETY, eating, before","MIND - ANXIETY - eating, before",mind,sub,mez,1,10
"ANXIETY, eating, before","MIND - ANXIETY - eating, before",mind,sub,ran-b,1,10
"ANXIETY, eating, warm food","MIND - ANXIETY - eating, warm food",mind,sub,mag-c,1,10
"ANXIETY, eating, while","MIND - ANXIETY - eating, while",mind,sub,carb-v,2,10
"ANXIETY, eating, while","MIND - ANXIETY - eating, while",mind,sub,mag-c,1,10
"ANXIETY, eating, while","MIND - ANXIETY - eating, while",mind,sub,mez,1,10
"ANXIETY, eating, while","MIND - ANXIETY - eating, while",mind,sub,sabad,1,10
"ANXIETY, eating, while","MIND - ANXIETY - eating, while",mind,sub,sep,1,10
"ANXIETY, emissions, after","MIND - ANXIETY - emissions, after",mind,sub,carb-an,1,10
"ANXIETY, emissions, after","MIND - ANXIETY - emissions, after",mind,sub,petr,1,10
"ANXIETY, eructations amel","MIND - ANXIETY - eructations amel",mind,sub,kali-c,1,10
"ANXIETY, eructations amel","MIND - ANXIETY - eructations amel",mind,sub,mag-m,1,10
"ANXIETY, excitement, from","MIND - ANXIETY - excitement, from",mind,sub,acon,1,10
"ANXIETY, excitement, from","MIND - ANXIETY - excitement, from",mind,sub,phos,1,10
"ANXIETY, exercise amel","MIND - ANXIETY - exercise amel",mind,sub,tarent,1,10
"ANXIETY, expected of him, when anything is","MIND - ANXIETY - expected of him, when anything is",mind,sub,ars,1,10
"ANXIETY, fear, with","MIND - ANXIETY - fear, with",mind,sub,acon,3,10
"ANXIETY, fear, with","MIND - ANXIETY - fear, with",mind,sub,anac,3,10
"ANXIETY, fear, with","MIND - ANXIETY - fear, with",mind,sub,bar-c,3,10
"ANXIETY, fear, with","MIND - ANXIETY - fear, with",mind,sub,caust,3,10
"ANXIETY, fear, with","MIND - ANXIETY - fear, with",mind,sub,ign,3,10
"ANXIETY, fear, with","MIND - ANXIETY - fear, with",mind,sub,sec,3,10
"ANXIETY, fear, with","MIND - ANXIETY - fear, with",mind,sub,cocc,2,10
"ANXIETY, fear, with","MIND - ANXIETY - fear, with",mind,sub,kali-ar,2,10
"ANXIETY, fear, with","MIND - ANXIETY - fear, with",mind,sub,mag-c,2,10
"ANXIETY, fear, with","MIND - ANXIETY - fear, with",mind,sub,puls,2,10
"ANXIETY, fear, with","MIND - ANXIETY - fear, with",mind,sub,spig,2,10
"ANXIETY, fear, with","MIND - ANXIETY - fear, with",mind,sub,alum,1,10
"ANXIETY, fear, with","MIND - ANXIETY - fear, with",mind,sub,am-c,1,10
"ANXIETY, fear, with","MIND - ANXIETY - fear, with",mind,sub,am-m,1,10
"ANXIETY, fear, with","MIND - ANXIETY - fear, with",mind,sub,ant-c,1,10
"ANXIETY, fear, with","MIND - ANXIETY - fear, with",mind,sub,ant-t,1,10
"ANXIETY, fear, with","MIND - ANXIETY - fear, with",mind,sub,ars,1,10
"ANXIETY, fear, with","MIND - ANXIETY - fear, with",mind,sub,asaf,1,10
"ANXIETY, fear, with","MIND - ANXIETY - fear, with",mind,sub,bell,1,10
"ANXIETY, fear, with","MIND - ANXIETY - fear, with",mind,sub,berb,1,10
"ANXIETY, fear, with","MIND - ANXIETY - fear, with",mind,sub,bry,1,10
"ANXIETY, fear, with","MIND - ANXIETY - fear, with",mind,sub,calad,1,10
"ANXIETY, fear, with","MIND - ANXIETY - fear, with",mind,sub,calc,1,10
"ANXIETY, fear, with","MIND - ANXIETY - fear, with",mind,sub,calc-s,1,10
"ANXIETY, fear, with","MIND - ANXIETY - fear, with",mind,sub,canth,1,10
"ANXIETY, fear, with","MIND - ANXIETY - fear, with",mind,sub,carb-h,1,10
"ANXIETY, fear, with","MIND - ANXIETY - fear, with",mind,sub,cench,1,10
"ANXIETY, fear, with","MIND - ANXIETY - fear, with",mind,sub,cham,1,10
"ANXIETY, fear, with","MIND - ANXIETY - fear, with",mind,sub,chin,1,10
"ANXIETY, fear, with","MIND - ANXIETY - fear, with",mind,sub,chin-a,1,10
"ANXIETY, fear, with","MIND - ANXIETY - fear, with",mind,sub,chin-s,1,10
"ANXIETY, fear, with","MIND - ANXIETY - fear, with",mind,sub,cic,1,10
"ANXIETY, fear, with","MIND - ANXIETY - fear, with",mind,sub,cina,1,10
"ANXIETY, fear, with","MIND - ANXIETY - fear, with",mind,sub,coff,1,10
"ANXIETY, fear, with","MIND - ANXIETY - fear, with",mind,sub,con,1,10
"ANXIETY, fear, with","MIND - ANXIETY - fear, with",mind,sub,cupr,1,10
"ANXIETY, fear, with","MIND - ANXIETY - fear, with",mind,sub,dig,1,10
"ANXIETY, fear, with","MIND - ANXIETY - fear, with",mind,sub,dros,1,10
"ANXIETY, fear, with","MIND - ANXIETY - fear, with",mind,sub,dulc,1,10
"ANXIETY, fear, with","MIND - ANXIETY - fear, with",mind,sub,ferr,1,10
"ANXIETY, fear, with","MIND - ANXIETY - fear, with",mind,sub,ferr-p,1,10
"ANXIETY, fear, with","MIND - ANXIETY - fear, with",mind,sub,graph,1,10
"ANXIETY, fear, with","MIND - ANXIETY - fear, with",mind,sub,hell,1,10
"ANXIETY, fear, with","MIND - ANXIETY - fear, with",mind,sub,hep,1,10
"ANXIETY, fear, with","MIND - ANXIETY - fear, with",mind,sub,hyos,1,10
"ANXIETY, fear, with","MIND - ANXIETY - fear, with",mind,sub,kali-c,1,10
"ANXIETY, fear, with","MIND - ANXIETY - fear, with",mind,sub,kali-i,1,10
"ANXIETY, fear, with","MIND - ANXIETY - fear, with",mind,sub,kali-p,1,10
"ANXIETY, fear, with","MIND - ANXIETY - fear, with",mind,sub,kali-s,1,10
"ANXIETY, fear, with","MIND - ANXIETY - fear, with",mind,sub,kreos,1,10
"ANXIETY, fear, with","MIND - ANXIETY - fear, with",mind,sub,lach,1,10
"ANXIETY, fear, with","MIND - ANXIETY - fear, with",mind,sub,lyc,1,10
"ANXIETY, fear, with","MIND - ANXIETY - fear, with",mind,sub,mang,1,10
"ANXIETY, fear, with","MIND - ANXIETY - fear, with",mind,sub,meny,1,10
"ANXIETY, fear, with","MIND - ANXIETY - fear, with",mind,sub,merc,1,10
"ANXIETY, fear, with","MIND - ANXIETY - fear, with",mind,sub,mez,1,10
"ANXIETY, fear, with","MIND - ANXIETY - fear, with",mind,sub,nat-ar,1,10
"ANXIETY, fear, with","MIND - ANXIETY - fear, with",mind,sub,nat-c,1,10
"ANXIETY, fear, with","MIND - ANXIETY - fear, with",mind,sub,nat-m,1,10
"ANXIETY, fear, with","MIND - ANXIETY - fear, with",mind,sub,nat-p,1,10
"ANXIETY, fear, with","MIND - ANXIETY - fear, with",mind,sub,nat-s,1,10
"ANXIETY, fear, with","MIND - ANXIETY - fear, with",mind,sub,nicc,1,10
"ANXIETY, fear, with","MIND - ANXIETY - fear, with",mind,sub,nit-ac,1,10
"ANXIETY, fear, with","MIND - ANXIETY - fear, with",mind,sub,nux-m,1,10
"ANXIETY, fear, with","MIND - ANXIETY - fear, with",mind,sub,nux-v,1,10
"ANXIETY, fear, with","MIND - ANXIETY - fear, with",mind,sub,onos,1,10
"ANXIETY, fear, with","MIND - ANXIETY - fear, with",mind,sub,phel,1,10
"ANXIETY, fear, with","MIND - ANXIETY - fear, with",mind,sub,phos,1,10
"ANXIETY, fear, with","MIND - ANXIETY - fear, with",mind,sub,plat,1,10
"ANXIETY, fear, with","MIND - ANXIETY - fear, with",mind,sub,plb,1,10
"ANXIETY, fear, with","MIND - ANXIETY - fear, with",mind,sub,rat,1,10
"ANXIETY, fear, with","MIND - ANXIETY - fear, with",mind,sub,rhus-t,1,10
"ANXIETY, fear, with","MIND - ANXIETY - fear, with",mind,sub,ruta,1,10
"ANXIETY, fear, with","MIND - ANXIETY - fear, with",mind,sub,sabin,1,10
"ANXIETY, fear, with","MIND - ANXIETY - fear, with",mind,sub,samb,1,10
"ANXIETY, fear, with","MIND - ANXIETY - fear, with",mind,sub,sep,1,10
"ANXIETY, fear, with","MIND - ANXIETY - fear, with",mind,sub,spong,1,10
"ANXIETY, fear, with","MIND - ANXIETY - fear, with",mind,sub,staph,1,10
"ANXIETY, fear, with","MIND - ANXIETY - fear, with",mind,sub,stront,1,10
"ANXIETY, fear, with","MIND - ANXIETY - fear, with",mind,sub,sulph,1,10
"ANXIETY, fear, with","MIND - ANXIETY - fear, with",mind,sub,tab,1,10
"ANXIETY, fear, with","MIND - ANXIETY - fear, with",mind,sub,thuj,1,10
"ANXIETY, fear, with","MIND - ANXIETY - fear, with",mind,sub,til,1,10
"ANXIETY, fear, with","MIND - ANXIETY - fear, with",mind,sub,verat,1,10
"ANXIETY, fever, during","MIND - ANXIETY - fever, during",mind,sub,acon,3,11
"ANXIETY, fever, during","MIND - ANXIETY - fever, during",mind,sub,anac,3,11
"ANXIETY, fever, during","MIND - ANXIETY - fever, during",mind,sub,bar-c,3,11
"ANXIETY, fever, during","MIND - ANXIETY - fever, during",mind,sub,ip,3,11
"ANXIETY, fever, during","MIND - ANXIETY - fever, during",mind,sub,sep,3,11
"ANXIETY, fever, during","MIND - ANXIETY - fever, during",mind,sub,mag-c,2,11
"ANXIETY, fever, during","MIND - ANXIETY - fever, during",mind,sub,puls,2,11
"ANXIETY, fever, during","MIND - ANXIETY - fever, during",mind,sub,alum,1,11
"ANXIETY, fever, during","MIND - ANXIETY - fever, during",mind,sub,ars,1,11
"ANXIETY, fever, during","MIND - ANXIETY - fever, during",mind,sub,asaf,1,11
"ANXIETY, fever, during","MIND - ANXIETY - fever, during",mind,sub,bell,1,11
"ANXIETY, fever, during","MIND - ANXIETY - fever, during",mind,sub,berb,1,11
"ANXIETY, fever, during","MIND - ANXIETY - fever, during",mind,sub,bov,1,11
"ANXIETY, fever, during","MIND - ANXIETY - fever, during",mind,sub,bry,1,11
"ANXIETY, fever, during","MIND - ANXIETY - fever, during",mind,sub,calad,1,11
"ANXIETY, fever, during","MIND - ANXIETY - fever, during",mind,sub,calc,1,11
"ANXIETY, fever, during","MIND - ANXIETY - fever, during",mind,sub,canth,1,11
"ANXIETY, fever, during","MIND - ANXIETY - fever, during",mind,sub,carb-an,1,11
"ANXIETY, fever, during","MIND - ANXIETY - fever, during",mind,sub,carb-s,1,11
"ANXIETY, fever, during","MIND - ANXIETY - fever, during",mind,sub,cham,1,11
"ANXIETY, fever, during","MIND - ANXIETY - fever, during",mind,sub,chin,1,11
"ANXIETY, fever, during","MIND - ANXIETY - fever, during",mind,sub,chin-a,1,11
"ANXIETY, fever, during","MIND - ANXIETY - fever, during",mind,sub,chin-s,1,11
"ANXIETY, fever, during","MIND - ANXIETY - fever, during",mind,sub,coff,1,11
"ANXIETY, fever, during","MIND - ANXIETY - fever, during",mind,sub,crot-h,1,11
"ANXIETY, fever, during","MIND - ANXIETY - fever, during",mind,sub,cycl,1,11
"ANXIETY, fever, during","MIND - ANXIETY - fever, during",mind,sub,dros,1,11
"ANXIETY, fever, during","MIND - ANXIETY - fever, during",mind,sub,ferr,1,11
"ANXIETY, fever, during","MIND - ANXIETY - fever, during",mind,sub,ferr-ar,1,11
"ANXIETY, fever, during","MIND - ANXIETY - fever, during",mind,sub,ferr-p,1,11
"ANXIETY, fever, during","MIND - ANXIETY - fever, during",mind,sub,fl-ac,1,11
"ANXIETY, fever, during","MIND - ANXIETY - fever, during",mind,sub,graph,1,11
"ANXIETY, fever, during","MIND - ANXIETY - fever, during",mind,sub,grat,1,11
"ANXIETY, fever, during","MIND - ANXIETY - fever, during",mind,sub,guare,1,11
"ANXIETY, fever, during","MIND - ANXIETY - fever, during",mind,sub,hep,1,11
"ANXIETY, fever, during","MIND - ANXIETY - fever, during",mind,sub,hyper,1,11
"ANXIETY, fever, during","MIND - ANXIETY - fever, during",mind,sub,ign,1,11
"ANXIETY, fever, during","MIND - ANXIETY - fever, during",mind,sub,kali-c,1,11
"ANXIETY, fever, during","MIND - ANXIETY - fever, during",mind,sub,lach,1,11
"ANXIETY, fever, during","MIND - ANXIETY - fever, during",mind,sub,lact,1,11
"ANXIETY, fever, during","MIND - ANXIETY - fever, during",mind,sub,laur,1,11
"ANXIETY, fever, during","MIND - ANXIETY - fever, during",mind,sub,mag-m,1,11
"ANXIETY, fever, during","MIND - ANXIETY - fever, during",mind,sub,merc,1,11
"ANXIETY, fever, during","MIND - ANXIETY - fever, during",mind,sub,mur-ac,1,11
"ANXIETY, fever, during","MIND - ANXIETY - fever, during",mind,sub,nat-c,1,11
"ANXIETY, fever, during","MIND - ANXIETY - fever, during",mind,sub,nat-m,1,11
"ANXIETY, fever, during","MIND - ANXIETY - fever, during",mind,sub,nat-p,1,11
"ANXIETY, fever, during","MIND - ANXIETY - fever, during",mind,sub,nicc,1,11
"ANXIETY, fever, during","MIND - ANXIETY - fever, during",mind,sub,nux-v,1,11
"ANXIETY, fever, during","MIND - ANXIETY - fever, during",mind,sub,op,1,11
"ANXIETY, fever, during","MIND - ANXIETY - fever, during",mind,sub,par,1,11
"ANXIETY, fever, during","MIND - ANXIETY - fever, during",mind,sub,petr,1,11
"ANXIETY, fever, during","MIND - ANXIETY - fever, during",mind,sub,ph-ac,1,11
"ANXIETY, fever, during","MIND - ANXIETY - fever, during",mind,sub,phos,1,11
"ANXIETY, fever, during","MIND - ANXIETY - fever, during",mind,sub,plat,1,11
"ANXIETY, fever, during","MIND - ANXIETY - fever, during",mind,sub,plb,1,11
"ANXIETY, fever, during","MIND - ANXIETY - fever, during",mind,sub,rheum,1,11
"ANXIETY, fever, during","MIND - ANXIETY - fever, during",mind,sub,rhus-t,1,11
"ANXIETY, fever, during","MIND - ANXIETY - fever, during",mind,sub,ruta,1,11
"ANXIETY, fever, during","MIND - ANXIETY - fever, during",mind,sub,sabin,1,11
"ANXIETY, fever, during","MIND - ANXIETY - fever, during",mind,sub,sec,1,11
"ANXIETY, fever, during","MIND - ANXIETY - fever, during",mind,sub,spig,1,11
"ANXIETY, fever, during","MIND - ANXIETY - fever, during",mind,sub,spong,1,11
"ANXIETY, fever, during","MIND - ANXIETY - fever, during",mind,sub,stann,1,11
"ANXIETY, fever, during","MIND - ANXIETY - fever, during",mind,sub,stram,1,11
"ANXIETY, fever, during","MIND - ANXIETY - fever, during",mind,sub,sulph,1,11
"ANXIETY, fever, during","MIND - ANXIETY - fever, during",mind,sub,tub,1,11
"ANXIETY, fever, during","MIND - ANXIETY - fever, during",mind,sub,valer,1,11
"ANXIETY, fever, during","MIND - ANXIETY - fever, during",mind,sub,verat,1,11
"ANXIETY, fever, during","MIND - ANXIETY - fever, during",mind,sub,viol-t,1,11
"ANXIETY, fever, during","MIND - ANXIETY - fever, during",mind,sub,zinc,1,11
"ANXIETY, fits, with","MIND - ANXIETY - fits, with",mind,sub,hyos,3,11
"ANXIETY, fits, with","MIND - ANXIETY - fits, with",mind,sub,alum,1,11
"ANXIETY, fits, with","MIND - ANXIETY - fits, with",mind,sub,bell,1,11
"ANXIETY, fits, with","MIND - ANXIETY - fits, with",mind,sub,caust,1,11
"ANXIETY, fits, with","MIND - ANXIETY - fits, with",mind,sub,cocc,1,11
"ANXIETY, fits, with","MIND - ANXIETY - fits, with",mind,sub,cupr,1,11
"ANXIETY, fits, with","MIND - ANXIETY - fits, with",mind,sub,ferr,1,11
"ANXIETY, fits, with","MIND - ANXIETY - fits, with",mind,sub,ign,1,11
"ANXIETY, emission of, amel","MIND - ANXIETY - emission of, amel",mind,sub,calc,1,12
"ANXIETY, especially during climacteric period","MIND - ANXIETY - especially during climacteric period",mind,sub,sil,1,12
"ANXIETY, flatus, from","MIND - ANXIETY - flatus, from",mind,sub,coff,1,12
"ANXIETY, flatus, from","MIND - ANXIETY - flatus, from",mind,sub,nux-v,1,12
"ANXIETY, flushes of heat, during","MIND - ANXIETY - flushes of heat, during",mind,sub,am-c,1,12
"ANXIETY, flushes of heat, during","MIND - ANXIETY - flushes of heat, during",mind,sub,ambr,1,12
"ANXIETY, flushes of heat, during","MIND - ANXIETY - flushes of heat, during",mind,sub,calc,1,12
"ANXIETY, flushes of heat, during","MIND - ANXIETY - flushes of heat, during",mind,sub,dros,1,12
"ANXIETY, flushes of heat, during","MIND - ANXIETY - flushes of heat, during",mind,sub,graph,1,12
"ANXIETY, flushes of heat, during","MIND - ANXIETY - flushes of heat, during",mind,sub,ign,1,12
"ANXIETY, flushes of heat, during","MIND - ANXIETY - flushes of heat, during",mind,sub,op,1,12
"ANXIETY, flushes of heat, during","MIND - ANXIETY - flushes of heat, during",mind,sub,phos,1,12
"ANXIETY, flushes of heat, during","MIND - ANXIETY - flushes of heat, during",mind,sub,plat,1,12
"ANXIETY, flushes of heat, during","MIND - ANXIETY - flushes of heat, during",mind,sub,puls,1,12
"ANXIETY, flushes of heat, during","MIND - ANXIETY - flushes of heat, during",mind,sub,sulph,1,12
"ANXIETY, foot bath, after a","MIND - ANXIETY - foot bath, after a",mind,sub,nat-c,1,12
"ANXIETY, friends at home, about","MIND - ANXIETY - friends at home, about",mind,sub,bar-c,1,12
"ANXIETY, friends at home, about","MIND - ANXIETY - friends at home, about",mind,sub,phos,1,12
"ANXIETY, friends at home, about","MIND - ANXIETY - friends at home, about",mind,sub,phys,1,12
"ANXIETY, friends at home, about","MIND - ANXIETY - friends at home, about",mind,sub,sil,1,12
"ANXIETY, fright, after","MIND - ANXIETY - fright, after",mind,sub,acon,1,12
"ANXIETY, fright, after","MIND - ANXIETY - fright, after",mind,sub,gels,1,12
"ANXIETY, fright, after","MIND - ANXIETY - fright, after",mind,sub,lyc,1,12
"ANXIETY, fright, after","MIND - ANXIETY - fright, after",mind,sub,merc,1,12
"ANXIETY, fright, after","MIND - ANXIETY - fright, after",mind,sub,nat-m,1,12
"ANXIETY, fright, after","MIND - ANXIETY - fright, after",mind,sub,op,1,12
"ANXIETY, fright, after","MIND - ANXIETY - fright, after",mind,sub,rob,1,12
"ANXIETY, fright, after","MIND - ANXIETY - fright, after",mind,sub,sil,1,12
"ANXIETY, future, about","MIND - ANXIETY - future, about",mind,sub,calc,3,12
"ANXIETY, future, about","MIND - ANXIETY - future, about",mind,sub,chin-s,3,12
"ANXIETY, future, about","MIND - ANXIETY - future, about",mind,sub,cic,3,12
"ANXIETY, future, about","MIND - ANXIETY - future, about",mind,sub,graph,3,12
"ANXIETY, future, about","MIND - ANXIETY - future, about",mind,sub,nat-m,3,12
"ANXIETY, future, about","MIND - ANXIETY - future, about",mind,sub,phos,3,12
"ANXIETY, future, about","MIND - ANXIETY - future, about",mind,sub,acon,1,12
"ANXIETY, future, about","MIND - ANXIETY - future, about",mind,sub,agar,1,12
"ANXIETY, future, about","MIND - ANXIETY - future, about",mind,sub,alum,1,12
"ANXIETY, future, about","MIND - ANXIETY - future, about",mind,sub,anac,1,12
"ANXIETY, future, about","MIND - ANXIETY - future, about",mind,sub,ant-c,1,12
"ANXIETY, future, about","MIND - ANXIETY - future, about",mind,sub,ant-t,1,12
"ANXIETY, future, about","MIND - ANXIETY - future, about",mind,sub,ars,1,12
"ANXIETY, future, about","MIND - ANXIETY - future, about",mind,sub,bar-c,1,12
"ANXIETY, future, about","MIND - ANXIETY - future, about",mind,sub,bell,1,12
"ANXIETY, future, about","MIND - ANXIETY - future, about",mind,sub,bry,1,12
"ANXIETY, future, about","MIND - ANXIETY - future, about",mind,sub,calad,1,12
"ANXIETY, future, about","MIND - ANXIETY - future, about",mind,sub,calc-ar,1,12
"ANXIETY, future, about","MIND - ANXIETY - future, about",mind,sub,calc-s,1,12
"ANXIETY, future, about","MIND - ANXIETY - future, about",mind,sub,cocc,1,12
"ANXIETY, future, about","MIND - ANXIETY - future, about",mind,sub,con,1,12
"ANXIETY, future, about","MIND - ANXIETY - future, about",mind,sub,cycl,1,12
"ANXIETY, future, about","MIND - ANXIETY - future, about",mind,sub,dig,1,12
"ANXIETY, future, about","MIND - ANXIETY - future, about",mind,sub,elaps,1,12
"ANXIETY, future, about","MIND - ANXIETY - future, about",mind,sub,euph,1,12
"ANXIETY, future, about","MIND - ANXIETY - future, about",mind,sub,ferr,1,12
"ANXIETY, future, about","MIND - ANXIETY - future, about",mind,sub,ferr-p,1,12
"ANXIETY, future, about","MIND - ANXIETY - future, about",mind,sub,fl-ac,1,12
"ANXIETY, future, about","MIND - ANXIETY - future, about",mind,sub,gels,1,12
"ANXIETY, future, about","MIND - ANXIETY - future, about",mind,sub,gins,1,12
"ANXIETY, future, about","MIND - ANXIETY - future, about",mind,sub,hep,1,12
"ANXIETY, future, about","MIND - ANXIETY - future, about",mind,sub,hura,1,12
"ANXIETY, future, about","MIND - ANXIETY - future, about",mind,sub,ign,1,12
"ANXIETY, future, about","MIND - ANXIETY - future, about",mind,sub,kali-bi,1,12
"ANXIETY, future, about","MIND - ANXIETY - future, about",mind,sub,kali-c,1,12
"ANXIETY, future, about","MIND - ANXIETY - future, about",mind,sub,kali-i,1,12
"ANXIETY, future, about","MIND - ANXIETY - future, about",mind,sub,kalm,1,12
"ANXIETY, future, about","MIND - ANXIETY - future, about",mind,sub,laur,1,12
"ANXIETY, future, about","MIND - ANXIETY - future, about",mind,sub,lil-t,1,12
"ANXIETY, future, about","MIND - ANXIETY - future, about",mind,sub,mang,1,12
"ANXIETY, future, about","MIND - ANXIETY - future, about",mind,sub,mez,1,12
"ANXIETY, future, about","MIND - ANXIETY - future, about",mind,sub,nat-ac,1,12
"ANXIETY, future, about","MIND - ANXIETY - future, about",mind,sub,nat-c,1,12
"ANXIETY, future, about","MIND - ANXIETY - future, about",mind,sub,nat-p,1,12
"ANXIETY, future, about","MIND - ANXIETY - future, about",mind,sub,nux-v,1,12
"ANXIETY, future, about","MIND - ANXIETY - future, about",mind,sub,petr,1,12
"ANXIETY, future, about","MIND - ANXIETY - future, about",mind,sub,ph-ac,1,12
"ANXIETY, future, about","MIND - ANXIETY - future, about",mind,sub,psor,1,12
"ANXIETY, future, about","MIND - ANXIETY - future, about",mind,sub,puls,1,12
"ANXIETY, future, about","MIND - ANXIETY - future, about",mind,sub,ran-b,1,12
"ANXIETY, future, about","MIND - ANXIETY - future, about",mind,sub,rhus-t,1,12
"ANXIETY, future, about","MIND - ANXIETY - future, about",mind,sub,sabin,1,12
"ANXIETY, future, about","MIND - ANXIETY - future, about",mind,sub,sang,1,12
"ANXIETY, future, about","MIND - ANXIETY - future, about",mind,sub,sars,1,12
"ANXIETY, future, about","MIND - ANXIETY - future, about",mind,sub,spig,1,12
"ANXIETY, future, about","MIND - ANXIETY - future, about",mind,sub,stann,1,12
"ANXIETY, future, about","MIND - ANXIETY - future, about",mind,sub,staph,1,12
"ANXIETY, future, about","MIND - ANXIETY - future, about",mind,sub,stram,1,12
"ANXIETY, future, about","MIND - ANXIETY - future, about",mind,sub,sulph,1,12
"ANXIETY, future, about","MIND - ANXIETY - future, about",mind,sub,tarent,1,12
"ANXIETY, future, about","MIND - ANXIETY - future, about",mind,sub,thuj,1,12
"ANXIETY, future, about","MIND - ANXIETY - future, about",mind,sub,verat,1,12
"ANXIETY, future, about","MIND - ANXIETY - future, about",mind,sub,xan,1,12
"ANXIETY, headache, with","MIND - ANXIETY - headache, with",mind,sub,acon,1,12
"ANXIETY, headache, with","MIND - ANXIETY - headache, with",mind,sub,am,1,12
"ANXIETY, headache, with","MIND - ANXIETY - headache, with",mind,sub,bell,1,12
"ANXIETY, headache, with","MIND - ANXIETY - headache, with",mind,sub,bov,1,12
"ANXIETY, headache, with","MIND - ANXIETY - headache, with",mind,sub,caust,1,12
"ANXIETY, headache, with","MIND - ANXIETY - headache, with",mind,sub,fl-ac,1,12
"ANXIETY, headache, with","MIND - ANXIETY - headache, with",mind,sub,glon,1,12
"ANXIETY, headache, with","MIND - ANXIETY - headache, with",mind,sub,tub,1,12
"ANXIETY, health, about","MIND - ANXIETY - health, about",mind,sub,kali-ar,3,12
"ANXIETY, health, about","MIND - ANXIETY - health, about",mind,sub,nit-ac,3,12
"ANXIETY, health, about","MIND - ANXIETY - health, about",mind,sub,acet-ac,1,12
"ANXIETY, health, about","MIND - ANXIETY - health, about",mind,sub,acon,1,12
"ANXIETY, health, about","MIND - ANXIETY - health, about",mind,sub,alum,1,12
"ANXIETY, health, about","MIND - ANXIETY - health, about",mind,sub,arg-m,1,12
"ANXIETY, health, about","MIND - ANXIETY - health, about",mind,sub,arg-n,1,12
"ANXIETY, health, about","MIND - ANXIETY - health, about",mind,sub,arn,1,12
"ANXIETY, health, about","MIND - ANXIETY - health, about",mind,sub,ars,1,12
"ANXIETY, health, about","MIND - ANXIETY - health, about",mind,sub,bry,1,12
"ANXIETY, health, about","MIND - ANXIETY - health, about",mind,sub,calad,1,12
"ANXIETY, health, about","MIND - ANXIETY - health, about",mind,sub,calc,1,12
"ANXIETY, health, about","MIND - ANXIETY - health, about",mind,sub,calc-s,1,12
"ANXIETY, health, about","MIND - ANXIETY - health, about",mind,sub,cocc,1,12
"ANXIETY, health, about","MIND - ANXIETY - health, about",mind,sub,grat,1,12
"ANXIETY, health, about","MIND - ANXIETY - health, about",mind,sub,ign,1,12
"ANXIETY, health, about","MIND - ANXIETY - health, about",mind,sub,kali-bi,1,12
"ANXIETY, health, about","MIND - ANXIETY - health, about",mind,sub,kali-p,1,12
"ANXIETY, health, about","MIND - ANXIETY - health, about",mind,sub,lac-c,1,12
"ANXIETY, health, about","MIND - ANXIETY - health, about",mind,sub,lach,1,12
"ANXIETY, health, about","MIND - ANXIETY - health, about",mind,sub,laur,1,12
"ANXIETY, health, about","MIND - ANXIETY - health, about",mind,sub,mag-c,1,12
"ANXIETY, health, about","MIND - ANXIETY - health, about",mind,sub,mez,1,12
"ANXIETY, health, about","MIND - ANXIETY - health, about",mind,sub,nat-ac,1,12
"ANXIETY, health, about","MIND - ANXIETY - health, about",mind,sub,nux-m,1,12
"ANXIETY, health, about","MIND - ANXIETY - health, about",mind,sub,nux-v,1,12
"ANXIETY, health, about","MIND - ANXIETY - health, about",mind,sub,ph-ac,1,12
"ANXIETY, health, about","MIND - ANXIETY - health, about",mind,sub,phos,1,12
"ANXIETY, health, about","MIND - ANXIETY - health, about",mind,sub,psor,1,12
"ANXIETY, health, about","MIND - ANXIETY - health, about",mind,sub,puls,1,12
"ANXIETY, health, about","MIND - ANXIETY - health, about",mind,sub,sep,1,12
"ANXIETY, health, about","MIND - ANXIETY - health, about",mind,sub,sil,1,12
"ANXIETY, health, about","MIND - ANXIETY - health, about",mind,sub,staph,1,12
"ANXIETY, hot air as if in","MIND - ANXIETY - hot air as if in",mind,sub,puls,3,12
"ANXIETY, house, amel., on entering","MIND - ANXIETY - house, amel., on entering",mind,sub,alum,1,12
"ANXIETY, house, amel., on entering","MIND - ANXIETY - house, amel., on entering",mind,sub,rhod,1,12
"ANXIETY, house, in","MIND - ANXIETY - house, in",mind,sub,lyc,3,12
"ANXIETY, house, in","MIND - ANXIETY - house, in",mind,sub,rhus-t,3,12
"ANXIETY, house, in","MIND - ANXIETY - house, in",mind,sub,alum,1,12
"ANXIETY, house, in","MIND - ANXIETY - house, in",mind,sub,ars,1,12
"ANXIETY, house, in","MIND - ANXIETY - house, in",mind,sub,aster,1,12
"ANXIETY, house, in","MIND - ANXIETY - house, in",mind,sub,bry,1,12
"ANXIETY, house, in","MIND - ANXIETY - house, in",mind,sub,carl,1,12
"ANXIETY, house, in","MIND - ANXIETY - house, in",mind,sub,chel,1,12
"ANXIETY, house, in","MIND - ANXIETY - house, in",mind,sub,kali-c,1,12
"ANXIETY, house, in","MIND - ANXIETY - house, in",mind,sub,mag-m,1,12
"ANXIETY, house, in","MIND - ANXIETY - house, in",mind,sub,plat,1,12
"ANXIETY, house, in","MIND - ANXIETY - house, in",mind,sub,spong,1,12
"ANXIETY, house, in","MIND - ANXIETY - house, in",mind,sub,til,1,12
"ANXIETY, house, in","MIND - ANXIETY - house, in",mind,sub,valer,1,12
"ANXIETY, hungry, when","MIND - ANXIETY - hungry, when",mind,sub,iod,1,12
"ANXIETY, hungry, when","MIND - ANXIETY - hungry, when",mind,sub,kali-c,1,12
"ANXIETY, hypochondriacal","MIND - ANXIETY - hypochondriacal",mind,sub,nat-m,3,12
"ANXIETY, hypochondriacal","MIND - ANXIETY - hypochondriacal",mind,sub,phos,3,12
"ANXIETY, hypochondriacal","MIND - ANXIETY - hypochondriacal",mind,sub,am,1,12
"ANXIETY, hypochondriacal","MIND - ANXIETY - hypochondriacal",mind,sub,am-c,1,12
"ANXIETY, hypochondriacal","MIND - ANXIETY - hypochondriacal",mind,sub,anac,1,12
"ANXIETY, hypochondriacal","MIND - ANXIETY - hypochondriacal",mind,sub,ars,1,12
"ANXIETY, hypochondriacal","MIND - ANXIETY - hypochondriacal",mind,sub,asaf,1,12
"ANXIETY, hypochondriacal","MIND - ANXIETY - hypochondriacal",mind,sub,calad,1,12
"ANXIETY, hypochondriacal","MIND - ANXIETY - hypochondriacal",mind,sub,caust,1,12
"ANXIETY, hypochondriacal","MIND - ANXIETY - hypochondriacal",mind,sub,dros,1,12
"ANXIETY, hypochondriacal","MIND - ANXIETY - hypochondriacal",mind,sub,ferr-p,1,12
"ANXIETY, hypochondriacal","MIND - ANXIETY - hypochondriacal",mind,sub,grat,1,12
"ANXIETY, hypochondriacal","MIND - ANXIETY - hypochondriacal",mind,sub,kali-bi,1,12
"ANXIETY, hypochondriacal","MIND - ANXIETY - hypochondriacal",mind,sub,kali-p,1,12
"ANXIETY, hypochondriacal","MIND - ANXIETY - hypochondriacal",mind,sub,mosch,1,12
"ANXIETY, hypochondriacal","MIND - ANXIETY - hypochondriacal",mind,sub,nit-ac,1,12
"ANXIETY, hypochondriacal","MIND - ANXIETY - hypochondriacal",mind,sub,ph-ac,1,12
"ANXIETY, hypochondriacal","MIND - ANXIETY - hypochondriacal",mind,sub,valer,1,12
"ANXIETY, ineffectual desire for stool, from","MIND - ANXIETY - ineffectual desire for stool, from",mind,sub,ambr,1,12
"ANXIETY, looking steadily","MIND - ANXIETY - looking steadily",mind,sub,sep,1,12
"ANXIETY, lying, amel","MIND - ANXIETY - lying, amel",mind,sub,mang,1,12
"ANXIETY, lying, must lie down with anguish","MIND - ANXIETY - lying, must lie down with anguish",mind,sub,mez,1,12
"ANXIETY, lying, must lie down with anguish","MIND - ANXIETY - lying, must lie down with anguish",mind,sub,ph-ac,1,12
"ANXIETY, lying, must lie down with anguish","MIND - ANXIETY - lying, must lie down with anguish",mind,sub,phel,1,12
"ANXIETY, lying, on left","MIND - ANXIETY - lying, on left",mind,sub,phos,3,12
"ANXIETY, lying, on left","MIND - ANXIETY - lying, on left",mind,sub,bar-c,1,12
"ANXIETY, lying, on left","MIND - ANXIETY - lying, on left",mind,sub,rob,1,12
"ANXIETY, lying, on left","MIND - ANXIETY - lying, on left",mind,sub,sil,1,12
"ANXIETY, lying, on side","MIND - ANXIETY - lying, on side",mind,sub,bar-c,1,12
"ANXIETY, lying, on side","MIND - ANXIETY - lying, on side",mind,sub,kali-c,1,12
"ANXIETY, lying, on side","MIND - ANXIETY - lying, on side",mind,sub,puls,1,12
"ANXIETY, lying, right side, from flatulence","MIND - ANXIETY - lying, right side, from flatulence",mind,sub,kali-c,1,12
"ANXIETY, lying, while","MIND - ANXIETY - lying, while",mind,sub,caust,3,12
"ANXIETY, lying, while","MIND - ANXIETY - lying, while",mind,sub,ars,1,12
"ANXIETY, lying, while","MIND - ANXIETY - lying, while",mind,sub,calc-s,1,12
"ANXIETY, lying, while","MIND - ANXIETY - lying, while",mind,sub,cench,1,12
"ANXIETY, lying, while","MIND - ANXIETY - lying, while",mind,sub,nux-v,1,12
"ANXIETY, lying, while","MIND - ANXIETY - lying, while",mind,sub,puls,1,12
"ANXIETY, lying, while","MIND - ANXIETY - lying, while",mind,sub,sil,1,12
"ANXIETY, lying, while","MIND - ANXIETY - lying, while",mind,sub,spong,1,12
"ANXIETY, lying, while","MIND - ANXIETY - lying, while",mind,sub,stann,1,12
"ANXIETY, manual labor, from","MIND - ANXIETY - manual labor, from",mind,sub,iod,1,12
"ANXIETY, menses, after","MIND - ANXIETY - menses, after",mind,sub,agar,1,12
"ANXIETY, menses, after","MIND - ANXIETY - menses, after",mind,sub,phos,1,12
"ANXIETY, menses, after","MIND - ANXIETY - menses, after",mind,sub,sec,1,12
"ANXIETY, menses, amel","MIND - ANXIETY - menses, amel",mind,sub,stann,1,12
"ANXIETY, menses, amel","MIND - ANXIETY - menses, amel",mind,sub,zinc,1,12
"ANXIETY, menses, before","MIND - ANXIETY - menses, before",mind,sub,acon,1,12
"ANXIETY, menses, before","MIND - ANXIETY - menses, before",mind,sub,am-c,1,12
"ANXIETY, menses, before","MIND - ANXIETY - menses, before",mind,sub,carb-an,1,12
"ANXIETY, menses, before","MIND - ANXIETY - menses, before",mind,sub,carb-s,1,12
"ANXIETY, menses, before","MIND - ANXIETY - menses, before",mind,sub,carb-v,1,12
"ANXIETY, menses, before","MIND - ANXIETY - menses, before",mind,sub,cocc,1,12
"ANXIETY, menses, before","MIND - ANXIETY - menses, before",mind,sub,con,1,12
"ANXIETY, menses, before","MIND - ANXIETY - menses, before",mind,sub,graph,1,12
"ANXIETY, menses, before","MIND - ANXIETY - menses, before",mind,sub,ign,1,12
"ANXIETY, menses, before","MIND - ANXIETY - menses, before",mind,sub,kali-bi,1,12
"ANXIETY, menses, before","MIND - ANXIETY - menses, before",mind,sub,mag-ar,1,12
"ANXIETY, menses, before","MIND - ANXIETY - menses, before",mind,sub,mang,1,12
"ANXIETY, menses, before","MIND - ANXIETY - menses, before",mind,sub,merc,1,12
"ANXIETY, menses, before","MIND - ANXIETY - menses, before",mind,sub,nat-m,1,12
"ANXIETY, menses, before","MIND - ANXIETY - menses, before",mind,sub,nit-ac,1,12
"ANXIETY, menses, before","MIND - ANXIETY - menses, before",mind,sub,nux-v,1,12
"ANXIETY, menses, before","MIND - ANXIETY - menses, before",mind,sub,phos,1,12
"ANXIETY, menses, before","MIND - ANXIETY - menses, before",mind,sub,sep,1,12
"ANXIETY, menses, before","MIND - ANXIETY - menses, before",mind,sub,stram,1,12
"ANXIETY, menses, before","MIND - ANXIETY - menses, before",mind,sub,sulph,1,12
"ANXIETY, menses, before","MIND - ANXIETY - menses, before",mind,sub,zinc,1,12
"ANXIETY, menses, during","MIND - ANXIETY - menses, during",mind,sub,sil,3,12
"ANXIETY, menses, during","MIND - ANXIETY - menses, during",mind,sub,acon,1,12
"ANXIETY, menses, during","MIND - ANXIETY - menses, during",mind,sub,bell,1,12
"ANXIETY, menses, during","MIND - ANXIETY - menses, during",mind,sub,calc,1,12
"ANXIETY, menses, during","MIND - ANXIETY - menses, during",mind,sub,canth,1,12
"ANXIETY, menses, during","MIND - ANXIETY - menses, during",mind,sub,cimic,1,12
"ANXIETY, menses, during","MIND - ANXIETY - menses, during",mind,sub,cina,1,12
"ANXIETY, menses, during","MIND - ANXIETY - menses, during",mind,sub,coff,1,12
"ANXIETY, menses, during","MIND - ANXIETY - menses, during",mind,sub,con,1,12
"ANXIETY, menses, during","MIND - ANXIETY - menses, during",mind,sub,ign,1,12
"ANXIETY, menses, during","MIND - ANXIETY - menses, during",mind,sub,kali-bi,1,12
"ANXIETY, menses, during","MIND - ANXIETY - menses, during",mind,sub,merc,1,12
"ANXIETY, menses, during","MIND - ANXIETY - menses, during",mind,sub,nat-m,1,12
"ANXIETY, menses, during","MIND - ANXIETY - menses, during",mind,sub,nit-ac,1,12
"ANXIETY, menses, during","MIND - ANXIETY - menses, during",mind,sub,op,1,12
"ANXIETY, menses, during","MIND - ANXIETY - menses, during",mind,sub,phos,1,12
"ANXIETY, menses, during","MIND - ANXIETY - menses, during",mind,sub,plat,1,12
"ANXIETY, menses, during","MIND - ANXIETY - menses, during",mind,sub,sec,1,12
"ANXIETY, menses, during","MIND - ANXIETY - menses, during",mind,sub,stann,1,12
"ANXIETY, menses, during","MIND - ANXIETY - menses, during",mind,sub,sulph,1,12
"ANXIETY, menses, during","MIND - ANXIETY - menses, during",mind,sub,zinc,1,12
"ANXIETY, menses, which prevents sleep","MIND - ANXIETY - menses, which prevents sleep",mind,sub,agar,1,12
"ANXIETY, mental exertion","MIND - ANXIETY - mental exertion",mind,sub,acon,1,12
"ANXIETY, mental exertion","MIND - ANXIETY - mental exertion",mind,sub,ars,1,12
"ANXIETY, mental exertion","MIND - ANXIETY - mental exertion",mind,sub,calc,1,12
"ANXIETY, mental exertion","MIND - ANXIETY - mental exertion",mind,sub,camph,1,12
"ANXIETY, mental exertion","MIND - ANXIETY - mental exertion",mind,sub,cham,1,12
"ANXIETY, mental exertion","MIND - ANXIETY - mental exertion",mind,sub,cupr,1,12
"ANXIETY, mental exertion","MIND - ANXIETY - mental exertion",mind,sub,iod,1,12
"ANXIETY, mental exertion","MIND - ANXIETY - mental exertion",mind,sub,nat-c,1,12
"ANXIETY, mental exertion","MIND - ANXIETY - mental exertion",mind,sub,nit-ac,1,12
"ANXIETY, mental exertion","MIND - ANXIETY - mental exertion",mind,sub,nux-v,1,12
"ANXIETY, mental exertion","MIND - ANXIETY - mental exertion",mind,sub,phos,1,12
"ANXIETY, mental exertion","MIND - ANXIETY - mental exertion",mind,sub,plan,1,12
"ANXIETY, mental exertion","MIND - ANXIETY - mental exertion",mind,sub,puls,1,12
"ANXIETY, mental exertion","MIND - ANXIETY - mental exertion",mind,sub,rhus-t,1,12
"ANXIETY, mental exertion","MIND - ANXIETY - mental exertion",mind,sub,sec,1,12
"ANXIETY, mental exertion","MIND - ANXIETY - mental exertion",mind,sub,verat,1,12
"ANXIETY, motion, amel","MIND - ANXIETY - motion, amel",mind,sub,puls,2,12
"ANXIETY, motion, amel","MIND - ANXIETY - motion, amel",mind,sub,acon,1,12
"ANXIETY, motion, amel","MIND - ANXIETY - motion, amel",mind,sub,act-s,1,12
"ANXIETY, motion, amel","MIND - ANXIETY - motion, amel",mind,sub,ars,1,12
"ANXIETY, motion, amel","MIND - ANXIETY - motion, amel",mind,sub,naja,1,12
"ANXIETY, motion, amel","MIND - ANXIETY - motion, amel",mind,sub,ph-ac,1,12
"ANXIETY, motion, amel","MIND - ANXIETY - motion, amel",mind,sub,seneg,1,12
"ANXIETY, motion, amel","MIND - ANXIETY - motion, amel",mind,sub,sil,1,12
"ANXIETY, motion, amel","MIND - ANXIETY - motion, amel",mind,sub,tarax,1,12
"ANXIETY, motion, downward","MIND - ANXIETY - motion, downward",mind,sub,bor,3,12
"ANXIETY, motion, downward","MIND - ANXIETY - motion, downward",mind,sub,gels,1,12
"ANXIETY, motion, from","MIND - ANXIETY - motion, from",mind,sub,ars,1,12
"ANXIETY, motion, from","MIND - ANXIETY - motion, from",mind,sub,bell,1,12
"ANXIETY, motion, from","MIND - ANXIETY - motion, from",mind,sub,bry,1,12
"ANXIETY, motion, from","MIND - ANXIETY - motion, from",mind,sub,laur,1,12
"ANXIETY, motion, from","MIND - ANXIETY - motion, from",mind,sub,nicc,1,12
"ANXIETY, motion, from","MIND - ANXIETY - motion, from",mind,sub,rheum,1,12
"ANXIETY, motion, from","MIND - ANXIETY - motion, from",mind,sub,stann,1,12
"ANXIETY, music, from","MIND - ANXIETY - music, from",mind,sub,tarent,1,12
"ANXIETY, night watching, from","MIND - ANXIETY - night watching, from",mind,sub,nit-ac,3,12
"ANXIETY, night watching, from","MIND - ANXIETY - night watching, from",mind,sub,cocc,2,12
"ANXIETY, night watching, from","MIND - ANXIETY - night watching, from",mind,sub,caust,1,12
"ANXIETY, night watching, from","MIND - ANXIETY - night watching, from",mind,sub,cupr,1,12
"ANXIETY, noise, from","MIND - ANXIETY - noise, from",mind,sub,sil,3,13
"ANXIETY, noise, from","MIND - ANXIETY - noise, from",mind,sub,aur,2,13
"ANXIETY, noise, from","MIND - ANXIETY - noise, from",mind,sub,agar,1,13
"ANXIETY, noise, from","MIND - ANXIETY - noise, from",mind,sub,alum,1,13
"ANXIETY, noise, from","MIND - ANXIETY - noise, from",mind,sub,bar-c,1,13
"ANXIETY, noise, from","MIND - ANXIETY - noise, from",mind,sub,caps,1,13
"ANXIETY, noise, from","MIND - ANXIETY - noise, from",mind,sub,caust,1,13
"ANXIETY, noise, from","MIND - ANXIETY - noise, from",mind,sub,chel,1,13
"ANXIETY, noise, from","MIND - ANXIETY - noise, from",mind,sub,nat-c,1,13
"ANXIETY, noise, from","MIND - ANXIETY - noise, from",mind,sub,petr,1,13
"ANXIETY, noise, from","MIND - ANXIETY - noise, from",mind,sub,phos,1,13
"ANXIETY, noise, of rushing water","MIND - ANXIETY - noise, of rushing water",mind,sub,stram,3,13
"ANXIETY, noise, of rushing water","MIND - ANXIETY - noise, of rushing water",mind,sub,lyss,1,13
"ANXIETY, others, for","MIND - ANXIETY - others, for",mind,sub,ars,1,13
"ANXIETY, others, for","MIND - ANXIETY - others, for",mind,sub,bar-c,1,13
"ANXIETY, others, for","MIND - ANXIETY - others, for",mind,sub,cocc,1,13
"ANXIETY, others, for","MIND - ANXIETY - others, for",mind,sub,phos,1,13
"ANXIETY, others, for","MIND - ANXIETY - others, for",mind,sub,sulph,1,13
"ANXIETY, pains, from the","MIND - ANXIETY - pains, from the",mind,sub,acon,1,13
"ANXIETY, pains, from the","MIND - ANXIETY - pains, from the",mind,sub,ars,1,13
"ANXIETY, pains, from the","MIND - ANXIETY - pains, from the",mind,sub,carb-v,1,13
"ANXIETY, pains, from the","MIND - ANXIETY - pains, from the",mind,sub,caust,1,13
"ANXIETY, pains, from the","MIND - ANXIETY - pains, from the",mind,sub,kali-c,1,13
"ANXIETY, paroxysms","MIND - ANXIETY - paroxysms",mind,sub,nit-ac,1,13
"ANXIETY, periodical","MIND - ANXIETY - periodical",mind,sub,ars,1,13
"ANXIETY, periodical","MIND - ANXIETY - periodical",mind,sub,cham,1,13
"ANXIETY, periodical","MIND - ANXIETY - periodical",mind,sub,cocc,1,13
"ANXIETY, periodical","MIND - ANXIETY - periodical",mind,sub,nat-c,1,13
"ANXIETY, periodical","MIND - ANXIETY - periodical",mind,sub,nat-m,1,13
"ANXIETY, periodical","MIND - ANXIETY - periodical",mind,sub,petr,1,13
"ANXIETY, periodical","MIND - ANXIETY - periodical",mind,sub,sep,1,13
"ANXIETY, periodical","MIND - ANXIETY - periodical",mind,sub,spong,1,13
"ANXIETY, periodical","MIND - ANXIETY - periodical",mind,sub,sulph,1,13
"ANXIETY, playing piano, while","MIND - ANXIETY - playing piano, while",mind,sub,nat-c,1,13
"ANXIETY, pressure on the chest","MIND - ANXIETY - pressure on the chest",mind,sub,sulph,3,13
"ANXIETY, pursued when walking, as if","MIND - ANXIETY - pursued when walking, as if",mind,sub,anac,1,13
"ANXIETY, railroad, when about to journey by, amel., while in train","MIND - ANXIETY - railroad, when about to journey by, amel., while in train",mind,sub,ars,1,13
"ANXIETY, reading, while","MIND - ANXIETY - reading, while",mind,sub,mag-m,1,13
"ANXIETY, reading, while","MIND - ANXIETY - reading, while",mind,sub,sep,1,13
"ANXIETY, riding hill","MIND - ANXIETY - riding hill",mind,sub,bor,3,13
"ANXIETY, riding hill","MIND - ANXIETY - riding hill",mind,sub,psor,1,13
"ANXIETY, riding, while","MIND - ANXIETY - riding, while",mind,sub,aur,2,13
"ANXIETY, riding, while","MIND - ANXIETY - riding, while",mind,sub,bor,1,13
"ANXIETY, riding, while","MIND - ANXIETY - riding, while",mind,sub,lach,1,13
"ANXIETY, riding, while","MIND - ANXIETY - riding, while",mind,sub,psor,1,13
"ANXIETY, riding, while","MIND - ANXIETY - riding, while",mind,sub,sep,1,13
"ANXIETY, loss of sleep","MIND - ANXIETY - loss of sleep",mind,sub,cocc,1,14
"ANXIETY, loss of sleep","MIND - ANXIETY - loss of sleep",mind,sub,nit-ac,1,14
"ANXIETY, menses, after","MIND - ANXIETY - menses, after",mind,sub,cocc,3,14
"ANXIETY, menses, after","MIND - ANXIETY - menses, after",mind,sub,aster,1,14
"ANXIETY, menses, after","MIND - ANXIETY - menses, after",mind,sub,kali-i,1,14
"ANXIETY, menses, after","MIND - ANXIETY - menses, after",mind,sub,merc-c,1,14
"ANXIETY, menses, after","MIND - ANXIETY - menses, after",mind,sub,zinc,1,14
"ANXIETY, on starting from","MIND - ANXIETY - on starting from",mind,sub,clem,1,14
"ANXIETY, on starting from","MIND - ANXIETY - on starting from",mind,sub,samb,1,14
"ANXIETY, partial slumbering in the morning, during","MIND - ANXIETY - partial slumbering in the morning, during",mind,sub,junc,1,14
"ANXIETY, rising from a seat, on","MIND - ANXIETY - rising from a seat, on",mind,sub,berb,1,14
"ANXIETY, rising from a seat, on","MIND - ANXIETY - rising from a seat, on",mind,sub,verat,1,14
"ANXIETY, rising, after","MIND - ANXIETY - rising, after",mind,sub,arg-n,1,14
"ANXIETY, rising, after","MIND - ANXIETY - rising, after",mind,sub,carb-an,1,14
"ANXIETY, rising, after","MIND - ANXIETY - rising, after",mind,sub,chel,1,14
"ANXIETY, rising, after","MIND - ANXIETY - rising, after",mind,sub,mag-c,1,14
"ANXIETY, rising, after","MIND - ANXIETY - rising, after",mind,sub,rhus-t,1,14
"ANXIETY, rising, amel","MIND - ANXIETY - rising, amel",mind,sub,mill,1,14
"ANXIETY, salvation, about","MIND - ANXIETY - salvation, about",mind,sub,ars,3,14
"ANXIETY, salvation, about","MIND - ANXIETY - salvation, about",mind,sub,lach,3,14
"ANXIETY, salvation, about","MIND - ANXIETY - salvation, about",mind,sub,lil-t,3,14
"ANXIETY, salvation, about","MIND - ANXIETY - salvation, about",mind,sub,verat,3,14
"ANXIETY, salvation, about","MIND - ANXIETY - salvation, about",mind,sub,cann-i,2,14
"ANXIETY, salvation, about","MIND - ANXIETY - salvation, about",mind,sub,graph,2,14
"ANXIETY, salvation, about","MIND - ANXIETY - salvation, about",mind,sub,aur,1,14
"ANXIETY, salvation, about","MIND - ANXIETY - salvation, about",mind,sub,calc,1,14
"ANXIETY, salvation, about","MIND - ANXIETY - salvation, about",mind,sub,calc-s,1,14
"ANXIETY, salvation, about","MIND - ANXIETY - salvation, about",mind,sub,camph,1,14
"ANXIETY, salvation, about","MIND - ANXIETY - salvation, about",mind,sub,hura,1,14
"ANXIETY, salvation, about","MIND - ANXIETY - salvation, about",mind,sub,ign,1,14
"ANXIETY, salvation, about","MIND - ANXIETY - salvation, about",mind,sub,kali-p,1,14
"ANXIETY, salvation, about","MIND - ANXIETY - salvation, about",mind,sub,lyc,1,14
"ANXIETY, salvation, about","MIND - ANXIETY - salvation, about",mind,sub,med,1,14
"ANXIETY, salvation, about","MIND - ANXIETY - salvation, about",mind,sub,mez,1,14
"ANXIETY, salvation, about","MIND - ANXIETY - salvation, about",mind,sub,nat-m,1,14
"ANXIETY, salvation, about","MIND - ANXIETY - salvation, about",mind,sub,plat,1,14
"ANXIETY, salvation, about","MIND - ANXIETY - salvation, about",mind,sub,psor,1,14
"ANXIETY, salvation, about","MIND - ANXIETY - salvation, about",mind,sub,puls,1,14
"ANXIETY, salvation, about","MIND - ANXIETY - salvation, about",mind,sub,stram,1,14
"ANXIETY, salvation, about","MIND - ANXIETY - salvation, about",mind,sub,sulph,1,14
"ANXIETY, salvation, about","MIND - ANXIETY - salvation, about",mind,sub,thuj,1,14
"ANXIETY, salvation, morning","MIND - ANXIETY - salvation, morning",mind,sub,psor,1,14
"ANXIETY, sedentary employment, from","MIND - ANXIETY - sedentary employment, from",mind,sub,ars,2,14
"ANXIETY, sedentary employment, from","MIND - ANXIETY - sedentary employment, from",mind,sub,graph,1,14
"ANXIETY, sewing","MIND - ANXIETY - sewing",mind,sub,sep,1,14
"ANXIETY, shaving, while","MIND - ANXIETY - shaving, while",mind,sub,calad,1,14
"ANXIETY, shuddering, with","MIND - ANXIETY - shuddering, with",mind,sub,bell,1,14
"ANXIETY, shuddering, with","MIND - ANXIETY - shuddering, with",mind,sub,calc,1,14
"ANXIETY, shuddering, with","MIND - ANXIETY - shuddering, with",mind,sub,carb-v,1,14
"ANXIETY, shuddering, with","MIND - ANXIETY - shuddering, with",mind,sub,nat-c,1,14
"ANXIETY, shuddering, with","MIND - ANXIETY - shuddering, with",mind,sub,plat,1,14
"ANXIETY, shuddering, with","MIND - ANXIETY - shuddering, with",mind,sub,puls,1,14
"ANXIETY, shuddering, with","MIND - ANXIETY - shuddering, with",mind,sub,tab,1,14
"ANXIETY, shuddering, with","MIND - ANXIETY - shuddering, with",mind,sub,verat,1,14
"ANXIETY, sitting, amel","MIND - ANXIETY - sitting, amel",mind,sub,iod,1,14
"ANXIETY, sitting, bent","MIND - ANXIETY - sitting, bent",mind,sub,rhus-t,1,14
"ANXIETY, sitting, while","MIND - ANXIETY - sitting, while",mind,sub,caust,2,14
"ANXIETY, sitting, while","MIND - ANXIETY - sitting, while",mind,sub,graph,2,14
"ANXIETY, sitting, while","MIND - ANXIETY - sitting, while",mind,sub,benz-ac,1,14
"ANXIETY, sitting, while","MIND - ANXIETY - sitting, while",mind,sub,carb-an,1,14
"ANXIETY, sitting, while","MIND - ANXIETY - sitting, while",mind,sub,dig,1,14
"ANXIETY, sitting, while","MIND - ANXIETY - sitting, while",mind,sub,nit-ac,1,14
"ANXIETY, sitting, while","MIND - ANXIETY - sitting, while",mind,sub,phos,1,14
"ANXIETY, sitting, while","MIND - ANXIETY - sitting, while",mind,sub,puls,1,14
"ANXIETY, sitting, while","MIND - ANXIETY - sitting, while",mind,sub,sil,1,14
"ANXIETY, sitting, while","MIND - ANXIETY - sitting, while",mind,sub,tarax,1,14
"ANXIETY, sleep, before","MIND - ANXIETY - sleep, before",mind,sub,mag-c,2,14
"ANXIETY, sleep, before","MIND - ANXIETY - sleep, before",mind,sub,alum,1,14
"ANXIETY, sleep, before","MIND - ANXIETY - sleep, before",mind,sub,ambr,1,14
"ANXIETY, sleep, before","MIND - ANXIETY - sleep, before",mind,sub,berb,1,14
"ANXIETY, sleep, before","MIND - ANXIETY - sleep, before",mind,sub,nat-c,1,14
"ANXIETY, sleep, before","MIND - ANXIETY - sleep, before",mind,sub,sil,1,14
"ANXIETY, sleep, during","MIND - ANXIETY - sleep, during",mind,sub,ars,3,14
"ANXIETY, sleep, during","MIND - ANXIETY - sleep, during",mind,sub,cocc,2,14
"ANXIETY, sleep, during","MIND - ANXIETY - sleep, during",mind,sub,graph,2,14
"ANXIETY, sleep, during","MIND - ANXIETY - sleep, during",mind,sub,nat-m,2,14
"ANXIETY, sleep, during","MIND - ANXIETY - sleep, during",mind,sub,spong,2,14
"ANXIETY, sleep, during","MIND - ANXIETY - sleep, during",mind,sub,acon,1,14
"ANXIETY, sleep, during","MIND - ANXIETY - sleep, during",mind,sub,agar,1,14
"ANXIETY, sleep, during","MIND - ANXIETY - sleep, during",mind,sub,ang,1,14
"ANXIETY, sleep, during","MIND - ANXIETY - sleep, during",mind,sub,arn,1,14
"ANXIETY, sleep, during","MIND - ANXIETY - sleep, during",mind,sub,bell,1,14
"ANXIETY, sleep, during","MIND - ANXIETY - sleep, during",mind,sub,camph,1,14
"ANXIETY, sleep, during","MIND - ANXIETY - sleep, during",mind,sub,castor,1,14
"ANXIETY, sleep, during","MIND - ANXIETY - sleep, during",mind,sub,cham,1,14
"ANXIETY, sleep, during","MIND - ANXIETY - sleep, during",mind,sub,con,1,14
"ANXIETY, sleep, during","MIND - ANXIETY - sleep, during",mind,sub,cycl,1,14
"ANXIETY, sleep, during","MIND - ANXIETY - sleep, during",mind,sub,dig,1,14
"ANXIETY, sleep, during","MIND - ANXIETY - sleep, during",mind,sub,dulc,1,14
"ANXIETY, sleep, during","MIND - ANXIETY - sleep, during",mind,sub,ferr,1,14
"ANXIETY, sleep, during","MIND - ANXIETY - sleep, during",mind,sub,hep,1,14
"ANXIETY, sleep, during","MIND - ANXIETY - sleep, during",mind,sub,kali-c,1,14
"ANXIETY, sleep, during","MIND - ANXIETY - sleep, during",mind,sub,lyc,1,14
"ANXIETY, sleep, during","MIND - ANXIETY - sleep, during",mind,sub,merc,1,14
"ANXIETY, sleep, during","MIND - ANXIETY - sleep, during",mind,sub,nit-ac,1,14
"ANXIETY, sleep, during","MIND - ANXIETY - sleep, during",mind,sub,nux-v,1,14
"ANXIETY, sleep, during","MIND - ANXIETY - sleep, during",mind,sub,op,1,14
"ANXIETY, sleep, during","MIND - ANXIETY - sleep, during",mind,sub,petr,1,14
"ANXIETY, sleep, during","MIND - ANXIETY - sleep, during",mind,sub,phos,1,14
"ANXIETY, sleep, during","MIND - ANXIETY - sleep, during",mind,sub,phys,1,14
"ANXIETY, sleep, during","MIND - ANXIETY - sleep, during",mind,sub,puls,1,14
"ANXIETY, sleep, during","MIND - ANXIETY - sleep, during",mind,sub,rhus-t,1,14
"ANXIETY, sleep, during","MIND - ANXIETY - sleep, during",mind,sub,samb,1,14
"ANXIETY, sleep, during","MIND - ANXIETY - sleep, during",mind,sub,stram,1,14
"ANXIETY, sleep, during","MIND - ANXIETY - sleep, during",mind,sub,verat,1,14
"ANXIETY, sleep, evening","MIND - ANXIETY - sleep, evening",mind,sub,berb,1,14
"ANXIETY, sleep, on going to","MIND - ANXIETY - sleep, on going to",mind,sub,lach,2,14
"ANXIETY, sleep, on going to","MIND - ANXIETY - sleep, on going to",mind,sub,puls,2,14
"ANXIETY, sleep, on going to","MIND - ANXIETY - sleep, on going to",mind,sub,acon,1,14
"ANXIETY, sleep, on going to","MIND - ANXIETY - sleep, on going to",mind,sub,calc,1,14
"ANXIETY, sleep, on going to","MIND - ANXIETY - sleep, on going to",mind,sub,caust,1,14
"ANXIETY, sleep, on going to","MIND - ANXIETY - sleep, on going to",mind,sub,cench,1,14
"ANXIETY, sleep, on going to","MIND - ANXIETY - sleep, on going to",mind,sub,hep,1,14
"ANXIETY, sleep, on going to","MIND - ANXIETY - sleep, on going to",mind,sub,lyc,1,14
"ANXIETY, sleep, on going to","MIND - ANXIETY - sleep, on going to",mind,sub,merc,1,14
"ANXIETY, sleep, on going to","MIND - ANXIETY - sleep, on going to",mind,sub,nat-m,1,14
"ANXIETY, sleep, on going to","MIND - ANXIETY - sleep, on going to",mind,sub,rhus-t,1,14
"ANXIETY, soup, after","MIND - ANXIETY - soup, after",mind,sub,ol-an,1,14
"ANXIETY, soup, after","MIND - ANXIETY - soup, after",mind,sub,æth,1,14
"ANXIETY, speaking in company","MIND - ANXIETY - speaking in company",mind,sub,plat,1,14
"ANXIETY, speaking, when","MIND - ANXIETY - speaking, when",mind,sub,ambr,2,14
"ANXIETY, speaking, when","MIND - ANXIETY - speaking, when",mind,sub,alum,1,14
"ANXIETY, speaking, when","MIND - ANXIETY - speaking, when",mind,sub,nat-m,1,14
"ANXIETY, speaking, when","MIND - ANXIETY - speaking, when",mind,sub,plat,1,14
"ANXIETY, speaking, when","MIND - ANXIETY - speaking, when",mind,sub,stram,1,14
"ANXIETY, standing, amel","MIND - ANXIETY - standing, amel",mind,sub,calc,1,14
"ANXIETY, standing, amel","MIND - ANXIETY - standing, amel",mind,sub,phos,1,14
"ANXIETY, standing, amel","MIND - ANXIETY - standing, amel",mind,sub,tarax,1,14
"ANXIETY, standing, while","MIND - ANXIETY - standing, while",mind,sub,verat,2,14
"ANXIETY, standing, while","MIND - ANXIETY - standing, while",mind,sub,aloe,1,14
"ANXIETY, standing, while","MIND - ANXIETY - standing, while",mind,sub,anac,1,14
"ANXIETY, standing, while","MIND - ANXIETY - standing, while",mind,sub,berb,1,14
"ANXIETY, standing, while","MIND - ANXIETY - standing, while",mind,sub,cina,1,14
"ANXIETY, standing, while","MIND - ANXIETY - standing, while",mind,sub,ph-ac,1,14
"ANXIETY, standing, while","MIND - ANXIETY - standing, while",mind,sub,sil,1,14
"ANXIETY, stool, after","MIND - ANXIETY - stool, after",mind,sub,caust,2,14
"ANXIETY, stool, after","MIND - ANXIETY - stool, after",mind,sub,acon,1,14
"ANXIETY, stool, after","MIND - ANXIETY - stool, after",mind,sub,ars,1,14
"ANXIETY, stool, after","MIND - ANXIETY - stool, after",mind,sub,carb-v,1,14
"ANXIETY, stool, after","MIND - ANXIETY - stool, after",mind,sub,coloc,1,14
"ANXIETY, stool, after","MIND - ANXIETY - stool, after",mind,sub,crot-t,1,14
"ANXIETY, stool, after","MIND - ANXIETY - stool, after",mind,sub,jatr,1,14
"ANXIETY, stool, after","MIND - ANXIETY - stool, after",mind,sub,kali-i,1,14
"ANXIETY, stool, after","MIND - ANXIETY - stool, after",mind,sub,laur,1,14
"ANXIETY, stool, after","MIND - ANXIETY - stool, after",mind,sub,merc,1,14
"ANXIETY, stool, after","MIND - ANXIETY - stool, after",mind,sub,nit-ac,1,14
"ANXIETY, stool, after","MIND - ANXIETY - stool, after",mind,sub,nux-v,1,14
"ANXIETY, stool, after","MIND - ANXIETY - stool, after",mind,sub,plat,1,14
"ANXIETY, stool, after","MIND - ANXIETY - stool, after",mind,sub,rhus-t,1,14
"ANXIETY, stool, before","MIND - ANXIETY - stool, before",mind,sub,ars,2,14
"ANXIETY, stool, before","MIND - ANXIETY - stool, before",mind,sub,acon,1,14
"ANXIETY, stool, before","MIND - ANXIETY - stool, before",mind,sub,ambr,1,14
"ANXIETY, stool, before","MIND - ANXIETY - stool, before",mind,sub,ant-c,1,14
"ANXIETY, stool, before","MIND - ANXIETY - stool, before",mind,sub,bar-c,1,14
"ANXIETY, stool, before","MIND - ANXIETY - stool, before",mind,sub,berb,1,14
"ANXIETY, stool, before","MIND - ANXIETY - stool, before",mind,sub,bor,1,14
"ANXIETY, stool, before","MIND - ANXIETY - stool, before",mind,sub,cadm,1,14
"ANXIETY, stool, before","MIND - ANXIETY - stool, before",mind,sub,calc,1,14
"ANXIETY, stool, before","MIND - ANXIETY - stool, before",mind,sub,canth,1,14
"ANXIETY, stool, before","MIND - ANXIETY - stool, before",mind,sub,caps,1,14
"ANXIETY, stool, before","MIND - ANXIETY - stool, before",mind,sub,caust,1,14
"ANXIETY, stool, before","MIND - ANXIETY - stool, before",mind,sub,cham,1,14
"ANXIETY, stool, before","MIND - ANXIETY - stool, before",mind,sub,crot-t,1,14
"ANXIETY, stool, before","MIND - ANXIETY - stool, before",mind,sub,kali-ar,1,14
"ANXIETY, stool, before","MIND - ANXIETY - stool, before",mind,sub,kali-c,1,14
"ANXIETY, stool, before","MIND - ANXIETY - stool, before",mind,sub,mag-m,1,14
"ANXIETY, stool, before","MIND - ANXIETY - stool, before",mind,sub,merc,1,14
"ANXIETY, stool, before","MIND - ANXIETY - stool, before",mind,sub,mez,1,14
"ANXIETY, stool, before","MIND - ANXIETY - stool, before",mind,sub,rhus-t,1,14
"ANXIETY, stool, before","MIND - ANXIETY - stool, before",mind,sub,sabin,1,14
"ANXIETY, stool, before","MIND - ANXIETY - stool, before",mind,sub,stram,1,14
"ANXIETY, stool, before","MIND - ANXIETY - stool, before",mind,sub,sulph,1,14
"ANXIETY, stool, before","MIND - ANXIETY - stool, before",mind,sub,tab,1,14
"ANXIETY, stool, before","MIND - ANXIETY - stool, before",mind,sub,verat,1,14
"ANXIETY, stool, during","MIND - ANXIETY - stool, during",mind,sub,acon,1,14
"ANXIETY, stool, during","MIND - ANXIETY - stool, during",mind,sub,ars,1,14
"ANXIETY, stool, during","MIND - ANXIETY - stool, during",mind,sub,camph,1,14
"ANXIETY, stool, during","MIND - ANXIETY - stool, during",mind,sub,canth,1,14
"ANXIETY, stool, during","MIND - ANXIETY - stool, during",mind,sub,cham,1,14
"ANXIETY, stool, during","MIND - ANXIETY - stool, during",mind,sub,mag-c,1,14
"ANXIETY, stool, during","MIND - ANXIETY - stool, during",mind,sub,merc,1,14
"ANXIETY, stool, during","MIND - ANXIETY - stool, during",mind,sub,plat,1,14
"ANXIETY, stool, during","MIND - ANXIETY - stool, during",mind,sub,raph,1,14
"ANXIETY, stool, during","MIND - ANXIETY - stool, during",mind,sub,sec,1,14
"ANXIETY, stool, during","MIND - ANXIETY - stool, during",mind,sub,sep,1,14
"ANXIETY, stool, during","MIND - ANXIETY - stool, during",mind,sub,stram,1,14
"ANXIETY, stool, during","MIND - ANXIETY - stool, during",mind,sub,sulph,1,14
"ANXIETY, stool, during","MIND - ANXIETY - stool, during",mind,sub,tab,1,14
"ANXIETY, stool, during","MIND - ANXIETY - stool, during",mind,sub,verat,1,14
"ANXIETY, stooping, amel","MIND - ANXIETY - stooping, amel",mind,sub,bar-m,1,14
"ANXIETY, stooping, when","MIND - ANXIETY - stooping, when",mind,sub,bell,1,14
"ANXIETY, stooping, when","MIND - ANXIETY - stooping, when",mind,sub,rheum,1,14
"ANXIETY, storm, during a thunder","MIND - ANXIETY - storm, during a thunder",mind,sub,phos,3,14
"ANXIETY, storm, during a thunder","MIND - ANXIETY - storm, during a thunder",mind,sub,nat-c,2,14
"ANXIETY, storm, during a thunder","MIND - ANXIETY - storm, during a thunder",mind,sub,gels,1,14
"ANXIETY, storm, during a thunder","MIND - ANXIETY - storm, during a thunder",mind,sub,nat-m,1,14
"ANXIETY, storm, during a thunder","MIND - ANXIETY - storm, during a thunder",mind,sub,nit-ac,1,14
"ANXIETY, storm, during a thunder","MIND - ANXIETY - storm, during a thunder",mind,sub,sep,1,14
"ANXIETY, strangers, in the presence of","MIND - ANXIETY - strangers, in the presence of",mind,sub,carb-v,1,14
"ANXIETY, strangers, in the presence of","MIND - ANXIETY - strangers, in the presence of",mind,sub,stram,1,14
"ANXIETY, sudden","MIND - ANXIETY - sudden",mind,sub,cocc,2,14
"ANXIETY, sudden","MIND - ANXIETY - sudden",mind,sub,bar-c,1,14
"ANXIETY, sudden","MIND - ANXIETY - sudden",mind,sub,plat,1,14
"ANXIETY, sudden","MIND - ANXIETY - sudden",mind,sub,sulph,1,14
"ANXIETY, sudden","MIND - ANXIETY - sudden",mind,sub,thuj,1,14
"ANXIETY, suicidal","MIND - ANXIETY - suicidal",mind,sub,puls,2,14
"ANXIETY, suicidal","MIND - ANXIETY - suicidal",mind,sub,rhus-t,2,14
"ANXIETY, suicidal","MIND - ANXIETY - suicidal",mind,sub,aur,1,14
"ANXIETY, suicidal","MIND - ANXIETY - suicidal",mind,sub,caust,1,14
"ANXIETY, suicidal","MIND - ANXIETY - suicidal",mind,sub,dros,1,14
"ANXIETY, suicidal","MIND - ANXIETY - suicidal",mind,sub,hep,1,14
"ANXIETY, suicidal","MIND - ANXIETY - suicidal",mind,sub,nux-v,1,14
"ANXIETY, suicidal","MIND - ANXIETY - suicidal",mind,sub,plat,1,14
"ANXIETY, suicidal","MIND - ANXIETY - suicidal",mind,sub,staph,1,14
"ANXIETY, supper, after","MIND - ANXIETY - supper, after",mind,sub,mag-c,1,14
"ANXIETY, supper, after","MIND - ANXIETY - supper, after",mind,sub,nux-v,1,14
"ANXIETY, thinking about it, from","MIND - ANXIETY - thinking about it, from",mind,sub,calc,2,14
"ANXIETY, thinking about it, from","MIND - ANXIETY - thinking about it, from",mind,sub,alum,1,14
"ANXIETY, thinking about it, from","MIND - ANXIETY - thinking about it, from",mind,sub,ambr,1,14
"ANXIETY, thinking about it, from","MIND - ANXIETY - thinking about it, from",mind,sub,bry,1,14
"ANXIETY, thinking about it, from","MIND - ANXIETY - thinking about it, from",mind,sub,caust,1,14
"ANXIETY, thinking about it, from","MIND - ANXIETY - thinking about it, from",mind,sub,con,1,14
"ANXIETY, thinking about it, from","MIND - ANXIETY - thinking about it, from",mind,sub,nit-ac,1,14
"ANXIETY, thinking about it, from","MIND - ANXIETY - thinking about it, from",mind,sub,staph,1,14
"ANXIETY, thinking about it, from","MIND - ANXIETY - thinking about it, from",mind,sub,tab,1,14
"ANXIETY, thoughts, from","MIND - ANXIETY - thoughts, from",mind,sub,calc,1,14
"ANXIETY, time is set, if a","MIND - ANXIETY - time is set, if a",mind,sub,arg-n,1,14
"ANXIETY, time is set, if a","MIND - ANXIETY - time is set, if a",mind,sub,gels,1,14
"ANXIETY, time is set, if a","MIND - ANXIETY - time is set, if a",mind,sub,med,1,14
"ANXIETY, tobacco, from smoking","MIND - ANXIETY - tobacco, from smoking",mind,sub,petr,1,14
"ANXIETY, tobacco, from smoking","MIND - ANXIETY - tobacco, from smoking",mind,sub,sep,1,14
"ANXIETY, while straining at","MIND - ANXIETY - while straining at",mind,sub,caust,1,14
"ANXIETY, trifles, about","MIND - ANXIETY - trifles, about",mind,sub,ars,2,15
"ANXIETY, trifles, about","MIND - ANXIETY - trifles, about",mind,sub,anac,1,15
"ANXIETY, trifles, about","MIND - ANXIETY - trifles, about",mind,sub,bar-c,1,15
"ANXIETY, trifles, about","MIND - ANXIETY - trifles, about",mind,sub,bor,1,15
"ANXIETY, trifles, about","MIND - ANXIETY - trifles, about",mind,sub,calc,1,15
"ANXIETY, trifles, about","MIND - ANXIETY - trifles, about",mind,sub,caust,1,15
"ANXIETY, trifles, about","MIND - ANXIETY - trifles, about",mind,sub,chin,1,15
"ANXIETY, trifles, about","MIND - ANXIETY - trifles, about",mind,sub,cocc,1,15
"ANXIETY, trifles, about","MIND - ANXIETY - trifles, about",mind,sub,con,1,15
"ANXIETY, trifles, about","MIND - ANXIETY - trifles, about",mind,sub,ferr,1,15
"ANXIETY, trifles, about","MIND - ANXIETY - trifles, about",mind,sub,graph,1,15
"ANXIETY, trifles, about","MIND - ANXIETY - trifles, about",mind,sub,sil,1,15
"ANXIETY, urination, after","MIND - ANXIETY - urination, after",mind,sub,dig,1,15
"ANXIETY, urination, before","MIND - ANXIETY - urination, before",mind,sub,alum,1,15
"ANXIETY, urination, before","MIND - ANXIETY - urination, before",mind,sub,dig,1,15
"ANXIETY, urination, before","MIND - ANXIETY - urination, before",mind,sub,ph-ac,1,15
"ANXIETY, urination, before","MIND - ANXIETY - urination, before",mind,sub,sep,1,15
"ANXIETY, urination, during","MIND - ANXIETY - urination, during",mind,sub,acon,1,15
"ANXIETY, urination, during","MIND - ANXIETY - urination, during",mind,sub,cham,1,15
"ANXIETY, vexation, after","MIND - ANXIETY - vexation, after",mind,sub,acon,1,15
"ANXIETY, vexation, after","MIND - ANXIETY - vexation, after",mind,sub,lyc,1,15
"ANXIETY, vexation, after","MIND - ANXIETY - vexation, after",mind,sub,phos,1,15
"ANXIETY, vexation, after","MIND - ANXIETY - vexation, after",mind,sub,sep,1,15
"ANXIETY, vexation, after","MIND - ANXIETY - vexation, after",mind,sub,staph,1,15
"ANXIETY, vexation, after","MIND - ANXIETY - vexation, after",mind,sub,verat,1,15
"ANXIETY, voice, on raising the","MIND - ANXIETY - voice, on raising the",mind,sub,cann-s,1,15
"ANXIETY, waking, on","MIND - ANXIETY - waking, on",mind,sub,ars,3,15
"ANXIETY, waking, on","MIND - ANXIETY - waking, on",mind,sub,alum,2,15
"ANXIETY, waking, on","MIND - ANXIETY - waking, on",mind,sub,arn,2,15
"ANXIETY, waking, on","MIND - ANXIETY - waking, on",mind,sub,acon,1,15
"ANXIETY, waking, on","MIND - ANXIETY - waking, on",mind,sub,agar,1,15
"ANXIETY, waking, on","MIND - ANXIETY - waking, on",mind,sub,am-c,1,15
"ANXIETY, waking, on","MIND - ANXIETY - waking, on",mind,sub,am-m,1,15
"ANXIETY, waking, on","MIND - ANXIETY - waking, on",mind,sub,arg-n,1,15
"ANXIETY, waking, on","MIND - ANXIETY - waking, on",mind,sub,aster,1,15
"ANXIETY, waking, on","MIND - ANXIETY - waking, on",mind,sub,bapt,1,15
"ANXIETY, waking, on","MIND - ANXIETY - waking, on",mind,sub,bell,1,15
"ANXIETY, waking, on","MIND - ANXIETY - waking, on",mind,sub,bism,1,15
"ANXIETY, waking, on","MIND - ANXIETY - waking, on",mind,sub,bor,1,15
"ANXIETY, waking, on","MIND - ANXIETY - waking, on",mind,sub,bufo,1,15
"ANXIETY, waking, on","MIND - ANXIETY - waking, on",mind,sub,cact,1,15
"ANXIETY, waking, on","MIND - ANXIETY - waking, on",mind,sub,calc,1,15
"ANXIETY, waking, on","MIND - ANXIETY - waking, on",mind,sub,calc-s,1,15
"ANXIETY, waking, on","MIND - ANXIETY - waking, on",mind,sub,cench,1,15
"ANXIETY, waking, on","MIND - ANXIETY - waking, on",mind,sub,cham,1,15
"ANXIETY, waking, on","MIND - ANXIETY - waking, on",mind,sub,chin-a,1,15
"ANXIETY, waking, on","MIND - ANXIETY - waking, on",mind,sub,cina,1,15
"ANXIETY, waking, on","MIND - ANXIETY - waking, on",mind,sub,con,1,15
"ANXIETY, waking, on","MIND - ANXIETY - waking, on",mind,sub,cub,1,15
"ANXIETY, waking, on","MIND - ANXIETY - waking, on",mind,sub,dig,1,15
"ANXIETY, waking, on","MIND - ANXIETY - waking, on",mind,sub,dios,1,15
"ANXIETY, waking, on","MIND - ANXIETY - waking, on",mind,sub,dros,1,15
"ANXIETY, waking, on","MIND - ANXIETY - waking, on",mind,sub,ferr,1,15
"ANXIETY, waking, on","MIND - ANXIETY - waking, on",mind,sub,gels,1,15
"ANXIETY, waking, on","MIND - ANXIETY - waking, on",mind,sub,gins,1,15
"ANXIETY, waking, on","MIND - ANXIETY - waking, on",mind,sub,gran,1,15
"ANXIETY, waking, on","MIND - ANXIETY - waking, on",mind,sub,grat,1,15
"ANXIETY, waking, on","MIND - ANXIETY - waking, on",mind,sub,guai,1,15
"ANXIETY, waking, on","MIND - ANXIETY - waking, on",mind,sub,hipp,1,15
"ANXIETY, waking, on","MIND - ANXIETY - waking, on",mind,sub,iris,1,15
"ANXIETY, waking, on","MIND - ANXIETY - waking, on",mind,sub,kali-ar,1,15
"ANXIETY, waking, on","MIND - ANXIETY - waking, on",mind,sub,kali-bi,1,15
"ANXIETY, waking, on","MIND - ANXIETY - waking, on",mind,sub,kali-c,1,15
"ANXIETY, waking, on","MIND - ANXIETY - waking, on",mind,sub,kali-p,1,15
"ANXIETY, waking, on","MIND - ANXIETY - waking, on",mind,sub,kali-s,1,15
"ANXIETY, waking, on","MIND - ANXIETY - waking, on",mind,sub,lept,1,15
"ANXIETY, waking, on","MIND - ANXIETY - waking, on",mind,sub,naja,1,15
"ANXIETY, waking, on","MIND - ANXIETY - waking, on",mind,sub,nat-c,1,15
"ANXIETY, waking, on","MIND - ANXIETY - waking, on",mind,sub,nit-ac,1,15
"ANXIETY, waking, on","MIND - ANXIETY - waking, on",mind,sub,nux-v,1,15
"ANXIETY, waking, on","MIND - ANXIETY - waking, on",mind,sub,ol-an,1,15
"ANXIETY, waking, on","MIND - ANXIETY - waking, on",mind,sub,op,1,15
"ANXIETY, waking, on","MIND - ANXIETY - waking, on",mind,sub,phos-ac,1,15
"ANXIETY, waking, on","MIND - ANXIETY - waking, on",mind,sub,phys,1,15
"ANXIETY, waking, on","MIND - ANXIETY - waking, on",mind,sub,pip-m,1,15
"ANXIETY, waking, on","MIND - ANXIETY - waking, on",mind,sub,plb,1,15
"ANXIETY, waking, on","MIND - ANXIETY - waking, on",mind,sub,rat,1,15
"ANXIETY, waking, on","MIND - ANXIETY - waking, on",mind,sub,samb,1,15
"ANXIETY, waking, on","MIND - ANXIETY - waking, on",mind,sub,sil,1,15
"ANXIETY, waking, on","MIND - ANXIETY - waking, on",mind,sub,sol-t-æ,1,15
"ANXIETY, waking, on","MIND - ANXIETY - waking, on",mind,sub,spong,1,15
"ANXIETY, waking, on","MIND - ANXIETY - waking, on",mind,sub,stram,1,15
"ANXIETY, waking, on","MIND - ANXIETY - waking, on",mind,sub,sulph,1,15
"ANXIETY, waking, on","MIND - ANXIETY - waking, on",mind,sub,thuj,1,15
"ANXIETY, waking, on","MIND - ANXIETY - waking, on",mind,sub,tub,1,15
"ANXIETY, walking in open air","MIND - ANXIETY - walking in open air",mind,sub,lyc,3,15
"ANXIETY, walking in open air","MIND - ANXIETY - walking in open air",mind,sub,arg-m,1,15
"ANXIETY, walking in open air","MIND - ANXIETY - walking in open air",mind,sub,arg-n,1,15
"ANXIETY, walking in open air","MIND - ANXIETY - walking in open air",mind,sub,arn,1,15
"ANXIETY, walking in open air","MIND - ANXIETY - walking in open air",mind,sub,bell,1,15
"ANXIETY, walking in open air","MIND - ANXIETY - walking in open air",mind,sub,cina,1,15
"ANXIETY, walking in open air","MIND - ANXIETY - walking in open air",mind,sub,hep,1,15
"ANXIETY, walking in open air","MIND - ANXIETY - walking in open air",mind,sub,ign,1,15
"ANXIETY, walking in open air","MIND - ANXIETY - walking in open air",mind,sub,nux-v,1,15
"ANXIETY, walking in open air","MIND - ANXIETY - walking in open air",mind,sub,plat,1,15
"ANXIETY, walking in open air","MIND - ANXIETY - walking in open air",mind,sub,spong,1,15
"ANXIETY, walking in open air","MIND - ANXIETY - walking in open air",mind,sub,tab,1,15
"ANXIETY, walking, amel","MIND - ANXIETY - walking, amel",mind,sub,puls,2,15
"ANXIETY, walking, amel","MIND - ANXIETY - walking, amel",mind,sub,iod,1,15
"ANXIETY, walking, amel","MIND - ANXIETY - walking, amel",mind,sub,kali-i,1,15
"ANXIETY, walking, amel","MIND - ANXIETY - walking, amel",mind,sub,kali-s,1,15
"ANXIETY, walking, amel","MIND - ANXIETY - walking, amel",mind,sub,rhus-t,1,15
"ANXIETY, walking, rapidly, when","MIND - ANXIETY - walking, rapidly, when",mind,sub,nit-ac,1,15
"ANXIETY, walking, rapidly, when","MIND - ANXIETY - walking, rapidly, when",mind,sub,staph,1,15
"ANXIETY, walking, while","MIND - ANXIETY - walking, while",mind,sub,anac,2,15
"ANXIETY, walking, while","MIND - ANXIETY - walking, while",mind,sub,acon,1,15
"ANXIETY, walking, while","MIND - ANXIETY - walking, while",mind,sub,aloe,1,15
"ANXIETY, walking, while","MIND - ANXIETY - walking, while",mind,sub,am-c,1,15
"ANXIETY, walking, while","MIND - ANXIETY - walking, while",mind,sub,am-m,1,15
"ANXIETY, walking, while","MIND - ANXIETY - walking, while",mind,sub,arg-m,1,15
"ANXIETY, walking, while","MIND - ANXIETY - walking, while",mind,sub,arg-n,1,15
"ANXIETY, walking, while","MIND - ANXIETY - walking, while",mind,sub,bell,1,15
"ANXIETY, walking, while","MIND - ANXIETY - walking, while",mind,sub,cina,1,15
"ANXIETY, walking, while","MIND - ANXIETY - walking, while",mind,sub,hep,1,15
"ANXIETY, walking, while","MIND - ANXIETY - walking, while",mind,sub,ign,1,15
"ANXIETY, walking, while","MIND - ANXIETY - walking, while",mind,sub,manc,1,15
"ANXIETY, walking, while","MIND - ANXIETY - walking, while",mind,sub,mang,1,15
"ANXIETY, walking, while","MIND - ANXIETY - walking, while",mind,sub,nux-v,1,15
"ANXIETY, walking, while","MIND - ANXIETY - walking, while",mind,sub,plat,1,15
"ANXIETY, walking, while","MIND - ANXIETY - walking, while",mind,sub,spong,1,15
"ANXIETY, walking, while","MIND - ANXIETY - walking, while",mind,sub,staph,1,15
"ANXIETY, walking, while","MIND - ANXIETY - walking, while",mind,sub,tab,1,15
"ANXIETY, warm bed yet limbs cold if uncovered","MIND - ANXIETY - warm bed yet limbs cold if uncovered",mind,sub,mag-c,1,15
"ANXIETY, warmth, amel","MIND - ANXIETY - warmth, amel",mind,sub,graph,1,15
"ANXIETY, warmth, amel","MIND - ANXIETY - warmth, amel",mind,sub,phos,1,15
"ANXIETY, warmth, from","MIND - ANXIETY - warmth, from",mind,sub,kali-s,3,15
"ANXIETY, warmth, from","MIND - ANXIETY - warmth, from",mind,sub,gamb,1,15
"ANXIETY, warmth, from","MIND - ANXIETY - warmth, from",mind,sub,puls,1,15
"ANXIETY, weeping, amel","MIND - ANXIETY - weeping, amel",mind,sub,dig,1,15
"ANXIETY, weeping, amel","MIND - ANXIETY - weeping, amel",mind,sub,graph,1,15
"ANXIETY, weeping, amel","MIND - ANXIETY - weeping, amel",mind,sub,tab,1,15
"ANXIETY, weeping, followed by","MIND - ANXIETY - weeping, followed by",mind,sub,acon,1,15
"ANXIETY, weeping, followed by","MIND - ANXIETY - weeping, followed by",mind,sub,am-m,1,15
"ANXIETY, weeping, followed by","MIND - ANXIETY - weeping, followed by",mind,sub,carb-v,1,15
"ANXIETY, which makes him walk faster","MIND - ANXIETY - which makes him walk faster",mind,sub,arg-n,1,15
"ANXIETY, work, during manual","MIND - ANXIETY - work, during manual",mind,sub,anac,1,15
"ANXIETY, work, during manual","MIND - ANXIETY - work, during manual",mind,sub,graph,1,15
"ANXIETY, work, during manual","MIND - ANXIETY - work, during manual",mind,sub,iod,1,15
APHASIA,"MIND - APHASIA",mind,main,both,2,15
APHASIA,"MIND - APHASIA",mind,main,chen-a,1,15
APHASIA,"MIND - APHASIA",mind,main,glon,1,15
APHASIA,"MIND - APHASIA",mind,main,kali-br,1,15
ARDENT,"MIND - ARDENT",mind,main,nux-v,1,15
"ARROGANCE, ASKS for nothing","MIND - ARROGANCE - ASKS for nothing",mind,sub,bry,1,15
"ARROGANCE, ASKS for nothing","MIND - ARROGANCE - ASKS for nothing",mind,sub,op,1,15
"ARROGANCE, ASKS for nothing","MIND - ARROGANCE - ASKS for nothing",mind,sub,puls,1,15
"ARROGANCE, ASKS for nothing","MIND - ARROGANCE - ASKS for nothing",mind,sub,rheum,1,15
"ATTENTION, ATTITUDES, assumes strange","MIND - ATTENTION - ATTITUDES, assumes strange",mind,sub,plb,1,15
AUDACITY,"MIND - AUDACITY",mind,main,agar,1,15
AUDACITY,"MIND - AUDACITY",mind,main,merc,1,15
AUDACITY,"MIND - AUDACITY",mind,main,op,1,15
AVARICE,"MIND - AVARICE",mind,main,puls,3,15
AVARICE,"MIND - AVARICE",mind,main,lyc,2,15
AVARICE,"MIND - AVARICE",mind,main,bry,1,15
AVARICE,"MIND - AVARICE",mind,main,calc,1,15
AVARICE,"MIND - AVARICE",mind,main,calc-f,1,15
AVARICE,"MIND - AVARICE",mind,main,cina,1,15
AVARICE,"MIND - AVARICE",mind,main,coloc,1,15
AVARICE,"MIND - AVARICE",mind,main,meli,1,15
AVARICE,"MIND - AVARICE",mind,main,nat-c,1,15
AVARICE,"MIND - AVARICE",mind,main,sep,1,15
"AVERSION, BAD news, ailments from","MIND - AVERSION - BAD news, ailments from",mind,sub,calc,3,16
"AVERSION, BAD news, ailments from","MIND - AVERSION - BAD news, ailments from",mind,sub,gels,3,16
"AVERSION, BAD news, ailments from","MIND - AVERSION - BAD news, ailments from",mind,sub,kali-c,2,16
"AVERSION, BAD news, ailments from","MIND - AVERSION - BAD news, ailments from",mind,sub,apis,1,16
"AVERSION, BAD news, ailments from","MIND - AVERSION - BAD news, ailments from",mind,sub,calc-p,1,16
"AVERSION, BAD news, ailments from","MIND - AVERSION - BAD news, ailments from",mind,sub,chin,1,16
"AVERSION, BAD news, ailments from","MIND - AVERSION - BAD news, ailments from",mind,sub,cinnb,1,16
"AVERSION, BAD news, ailments from","MIND - AVERSION - BAD news, ailments from",mind,sub,cupr,1,16
"AVERSION, BAD news, ailments from","MIND - AVERSION - BAD news, ailments from",mind,sub,dros,1,16
"AVERSION, BAD news, ailments from","MIND - AVERSION - BAD news, ailments from",mind,sub,form,1,16
"AVERSION, BAD news, ailments from","MIND - AVERSION - BAD news, ailments from",mind,sub,ign,1,16
"AVERSION, BAD news, ailments from","MIND - AVERSION - BAD news, ailments from",mind,sub,kali-p,1,16
"AVERSION, BAD news, ailments from","MIND - AVERSION - BAD news, ailments from",mind,sub,lach,1,16
"AVERSION, BAD news, ailments from","MIND - AVERSION - BAD news, ailments from",mind,sub,lyss,1,16
"AVERSION, BAD news, ailments from","MIND - AVERSION - BAD news, ailments from",mind,sub,med,1,16
"AVERSION, BAD news, ailments from","MIND - AVERSION - BAD news, ailments from",mind,sub,nat-m,1,16
"AVERSION, BAD news, ailments from","MIND - AVERSION - BAD news, ailments from",mind,sub,nat-p,1,16
"AVERSION, BAD news, ailments from","MIND - AVERSION - BAD news, ailments from",mind,sub,pall,1,16
"AVERSION, BAD news, ailments from","MIND - AVERSION - BAD news, ailments from",mind,sub,phos,1,16
"AVERSION, BAD news, ailments from","MIND - AVERSION - BAD news, ailments from",mind,sub,puls,1,16
"AVERSION, BAD news, ailments from","MIND - AVERSION - BAD news, ailments from",mind,sub,pæon,1,16
"AVERSION, BAD news, ailments from","MIND - AVERSION - BAD news, ailments from",mind,sub,stram,1,16
"AVERSION, BAD news, ailments from","MIND - AVERSION - BAD news, ailments from",mind,sub,sulph,1,16
"AVERSION, approached to being","MIND - AVERSION - approached to being",mind,sub,lyc,3,16
"AVERSION, approached to being","MIND - AVERSION - approached to being",mind,sub,iod,2,16
"AVERSION, approached to being","MIND - AVERSION - approached to being",mind,sub,acon,1,16
"AVERSION, approached to being","MIND - AVERSION - approached to being",mind,sub,caj,1,16
"AVERSION, approached to being","MIND - AVERSION - approached to being",mind,sub,hell,1,16
"AVERSION, approached to being","MIND - AVERSION - approached to being",mind,sub,helon,1,16
"AVERSION, approached to being","MIND - AVERSION - approached to being",mind,sub,hipp,1,16
"AVERSION, approached to being","MIND - AVERSION - approached to being",mind,sub,lil-t,1,16
"AVERSION, approached to being","MIND - AVERSION - approached to being",mind,sub,sulph,1,16
"AVERSION, during pregnancy","MIND - AVERSION - during pregnancy",mind,sub,con,1,16
"AVERSION, everything, to","MIND - AVERSION - everything, to",mind,sub,alum,1,16
"AVERSION, everything, to","MIND - AVERSION - everything, to",mind,sub,am-m,1,16
"AVERSION, everything, to","MIND - AVERSION - everything, to",mind,sub,calc,1,16
"AVERSION, everything, to","MIND - AVERSION - everything, to",mind,sub,caps,1,16
"AVERSION, everything, to","MIND - AVERSION - everything, to",mind,sub,cupr,1,16
"AVERSION, everything, to","MIND - AVERSION - everything, to",mind,sub,hyos,1,16
"AVERSION, everything, to","MIND - AVERSION - everything, to",mind,sub,ip,1,16
"AVERSION, everything, to","MIND - AVERSION - everything, to",mind,sub,merc,1,16
"AVERSION, everything, to","MIND - AVERSION - everything, to",mind,sub,mez,1,16
"AVERSION, everything, to","MIND - AVERSION - everything, to",mind,sub,puls,1,16
"AVERSION, everything, to","MIND - AVERSION - everything, to",mind,sub,sulph,1,16
"AVERSION, everything, to","MIND - AVERSION - everything, to",mind,sub,thuj,1,16
"AVERSION, friends, to","MIND - AVERSION - friends, to",mind,sub,cedr,1,16
"AVERSION, friends, to","MIND - AVERSION - friends, to",mind,sub,ferr,1,16
"AVERSION, friends, to","MIND - AVERSION - friends, to",mind,sub,led,1,16
"AVERSION, husband","MIND - AVERSION - husband",mind,sub,sep,3,16
"AVERSION, husband","MIND - AVERSION - husband",mind,sub,glon,1,16
"AVERSION, husband","MIND - AVERSION - husband",mind,sub,kali-p,1,16
"AVERSION, husband","MIND - AVERSION - husband",mind,sub,nat-m,1,16
"AVERSION, husband","MIND - AVERSION - husband",mind,sub,verat,1,16
"AVERSION, in general","MIND - AVERSION - in general",mind,sub,phos,1,16
"AVERSION, members of family, to","MIND - AVERSION - members of family, to",mind,sub,sep,3,16
"AVERSION, members of family, to","MIND - AVERSION - members of family, to",mind,sub,calc,1,16
"AVERSION, members of family, to","MIND - AVERSION - members of family, to",mind,sub,crot-h,1,16
"AVERSION, members of family, to","MIND - AVERSION - members of family, to",mind,sub,fl-ac,1,16
"AVERSION, persons, to certain","MIND - AVERSION - persons, to certain",mind,sub,nat-c,3,16
"AVERSION, persons, to certain","MIND - AVERSION - persons, to certain",mind,sub,am-m,1,16
"AVERSION, persons, to certain","MIND - AVERSION - persons, to certain",mind,sub,aur,1,16
"AVERSION, persons, to certain","MIND - AVERSION - persons, to certain",mind,sub,calc,1,16
"AVERSION, persons, to certain","MIND - AVERSION - persons, to certain",mind,sub,sep,1,16
"AVERSION, persons, to certain","MIND - AVERSION - persons, to certain",mind,sub,sulph,1,16
"AVERSION, religious, to the opposite sex","MIND - AVERSION - religious, to the opposite sex",mind,sub,lyc,1,16
"AVERSION, religious, to the opposite sex","MIND - AVERSION - religious, to the opposite sex",mind,sub,puls,1,16
"AVERSION, religious, to the opposite sex","MIND - AVERSION - religious, to the opposite sex",mind,sub,sulph,1,16
"AVERSION, woman to","MIND - AVERSION - woman to",mind,sub,ars,1,16
BARKING,"MIND - BARKING",mind,main,bell,1,16
BARKING,"MIND - BARKING",mind,main,calc,1,16
BARKING,"MIND - BARKING",mind,main,canth,1,16
BARKING,"MIND - BARKING",mind,main,stram,1,16
"BASHFUL, BATTLES, talks about","MIND - BASHFUL - BATTLES, talks about",mind,sub,bell,1,16
"BASHFUL, BATTLES, talks about","MIND - BASHFUL - BATTLES, talks about",mind,sub,hyos,1,16
"BED, BEGGING, entreating","MIND - BED - BEGGING, entreating",mind,sub,ars,1,16
"BED, BEGGING, entreating","MIND - BED - BEGGING, entreating",mind,sub,stram,1,16
"BED, and runs recklessly about","MIND - BED - and runs recklessly about",mind,sub,sabad,1,16
"BED, aversion to","MIND - BED - aversion to",mind,sub,cedr,2,16
"BED, aversion to","MIND - BED - aversion to",mind,sub,acon,1,16
"BED, aversion to","MIND - BED - aversion to",mind,sub,ars,1,16
"BED, aversion to","MIND - BED - aversion to",mind,sub,bapt,1,16
"BED, aversion to","MIND - BED - aversion to",mind,sub,bar-c,1,16
"BED, aversion to","MIND - BED - aversion to",mind,sub,calc,1,16
"BED, aversion to","MIND - BED - aversion to",mind,sub,camph,1,16
"BED, aversion to","MIND - BED - aversion to",mind,sub,canth,1,16
"BED, aversion to","MIND - BED - aversion to",mind,sub,caust,1,16
"BED, aversion to","MIND - BED - aversion to",mind,sub,cench,1,16
"BED, aversion to","MIND - BED - aversion to",mind,sub,cur,1,16
"BED, aversion to","MIND - BED - aversion to",mind,sub,kali-ar,1,16
"BED, aversion to","MIND - BED - aversion to",mind,sub,lach,1,16
"BED, aversion to","MIND - BED - aversion to",mind,sub,merc,1,16
"BED, aversion to","MIND - BED - aversion to",mind,sub,merc-c,1,16
"BED, aversion to","MIND - BED - aversion to",mind,sub,nat-c,1,16
"BED, aversion to","MIND - BED - aversion to",mind,sub,squil,1,16
"BED, desires to remain in","MIND - BED - desires to remain in",mind,sub,arg-n,2,16
"BED, desires to remain in","MIND - BED - desires to remain in",mind,sub,alum,1,16
"BED, desires to remain in","MIND - BED - desires to remain in",mind,sub,alumn,1,16
"BED, desires to remain in","MIND - BED - desires to remain in",mind,sub,con,1,16
"BED, desires to remain in","MIND - BED - desires to remain in",mind,sub,hyos,1,16
"BED, desires to remain in","MIND - BED - desires to remain in",mind,sub,merc,1,16
"BED, desires to remain in","MIND - BED - desires to remain in",mind,sub,psor,1,16
"BED, desires to remain in","MIND - BED - desires to remain in",mind,sub,rob,1,16
"BED, desires to remain in","MIND - BED - desires to remain in",mind,sub,verat-v,1,16
"BED, jumps out of, wants to destroy himself but lacks courage","MIND - BED - jumps out of, wants to destroy himself but lacks courage",mind,sub,chin,1,16
BELLOWING,"MIND - BELLOWING",mind,main,canth,2,16
BELLOWING,"MIND - BELLOWING",mind,main,bell,1,16
BELLOWING,"MIND - BELLOWING",mind,main,cupr,1,16
BITING,"MIND - BITING",mind,main,stram,3,17
BITING,"MIND - BITING",mind,main,cann-i,2,17
BITING,"MIND - BITING",mind,main,canth,2,17
BITING,"MIND - BITING",mind,main,lyss,2,17
BITING,"MIND - BITING",mind,main,acon,1,17
BITING,"MIND - BITING",mind,main,ant-c,1,17
BITING,"MIND - BITING",mind,main,anthr,1,17
BITING,"MIND - BITING",mind,main,bell,1,17
BITING,"MIND - BITING",mind,main,bufo,1,17
BITING,"MIND - BITING",mind,main,calc,1,17
BITING,"MIND - BITING",mind,main,camph,1,17
BITING,"MIND - BITING",mind,main,carb-s,1,17
BITING,"MIND - BITING",mind,main,carb-v,1,17
BITING,"MIND - BITING",mind,main,cic,1,17
BITING,"MIND - BITING",mind,main,croc,1,17
BITING,"MIND - BITING",mind,main,cub,1,17
BITING,"MIND - BITING",mind,main,cur,1,17
BITING,"MIND - BITING",mind,main,hura,1,17
BITING,"MIND - BITING",mind,main,hydr-ac,1,17
BITING,"MIND - BITING",mind,main,hyos,1,17
BITING,"MIND - BITING",mind,main,lach,1,17
BITING,"MIND - BITING",mind,main,op,1,17
BITING,"MIND - BITING",mind,main,phos,1,17
BITING,"MIND - BITING",mind,main,phyt,1,17
BITING,"MIND - BITING",mind,main,plb,1,17
BITING,"MIND - BITING",mind,main,sec,1,17
BITING,"MIND - BITING",mind,main,verat,1,17
"BITING, BLACK and sombre, everything that is, aversion to","MIND - BITING - BLACK and sombre, everything that is, aversion to",mind,sub,tarent,2,17
"BITING, BLACK and sombre, everything that is, aversion to","MIND - BITING - BLACK and sombre, everything that is, aversion to",mind,sub,rob,1,17
"BITING, BLACK and sombre, everything that is, aversion to","MIND - BITING - BLACK and sombre, everything that is, aversion to",mind,sub,stram,1,17
"BITING, BLINDNESS, pretended","MIND - BITING - BLINDNESS, pretended",mind,sub,verat,1,17
"BITING, BLOOD, cannot look at, or a knife","MIND - BITING - BLOOD, cannot look at, or a knife",mind,sub,alum,1,17
"BITING, convulsions, with","MIND - BITING - convulsions, with",mind,sub,lyss,1,17
"BITING, fingers","MIND - BITING - fingers",mind,sub,arum-t,1,17
"BITING, fingers","MIND - BITING - fingers",mind,sub,op,1,17
"BITING, fingers","MIND - BITING - fingers",mind,sub,plb,1,17
"BITING, hands","MIND - BITING - hands",mind,sub,hura,1,17
"BITING, hands","MIND - BITING - hands",mind,sub,op,1,17
"BITING, himself","MIND - BITING - himself",mind,sub,acon,1,17
"BITING, himself","MIND - BITING - himself",mind,sub,hura,1,17
"BITING, himself","MIND - BITING - himself",mind,sub,lyss,1,17
"BITING, himself","MIND - BITING - himself",mind,sub,op,1,17
"BITING, himself","MIND - BITING - himself",mind,sub,plb,1,17
"BITING, himself","MIND - BITING - himself",mind,sub,tarent,1,17
"BITING, night","MIND - BITING - night",mind,sub,bell,1,17
"BITING, pillow","MIND - BITING - pillow",mind,sub,lyss,1,17
"BITING, pillow","MIND - BITING - pillow",mind,sub,phos,1,17
"BITING, spoons, etc","MIND - BITING - spoons, etc",mind,sub,ars,1,17
"BITING, spoons, etc","MIND - BITING - spoons, etc",mind,sub,bell,1,17
"BITING, spoons, etc","MIND - BITING - spoons, etc",mind,sub,cupr,1,17
"BITING, spoons, etc","MIND - BITING - spoons, etc",mind,sub,lyss,1,17
"BITING, tumblers","MIND - BITING - tumblers",mind,sub,ars,1,17
"BOLDNESS, BREAK things, desire to","MIND - BOLDNESS - BREAK things, desire to",mind,sub,apis,1,17
"BOLDNESS, BREAK things, desire to","MIND - BOLDNESS - BREAK things, desire to",mind,sub,hura,1,17
"BOLDNESS, BREAK things, desire to","MIND - BOLDNESS - BREAK things, desire to",mind,sub,stram,1,17
"BOLDNESS, BREAK things, desire to","MIND - BOLDNESS - BREAK things, desire to",mind,sub,tub,1,17
BROODING,"MIND - BROODING",mind,main,hell,3,17
BROODING,"MIND - BROODING",mind,main,ign,3,17
BROODING,"MIND - BROODING",mind,main,verat,3,17
BROODING,"MIND - BROODING",mind,main,alum,1,17
BROODING,"MIND - BROODING",mind,main,arn,1,17
BROODING,"MIND - BROODING",mind,main,aur,1,17
BROODING,"MIND - BROODING",mind,main,bell,1,17
BROODING,"MIND - BROODING",mind,main,calc-s,1,17
BROODING,"MIND - BROODING",mind,main,canth,1,17
BROODING,"MIND - BROODING",mind,main,caps,1,17
BROODING,"MIND - BROODING",mind,main,caust,1,17
BROODING,"MIND - BROODING",mind,main,cham,1,17
BROODING,"MIND - BROODING",mind,main,cocc,1,17
BROODING,"MIND - BROODING",mind,main,cycl,1,17
BROODING,"MIND - BROODING",mind,main,euphr,1,17
BROODING,"MIND - BROODING",mind,main,ip,1,17
BROODING,"MIND - BROODING",mind,main,kali-p,1,17
BROODING,"MIND - BROODING",mind,main,merc,1,17
BROODING,"MIND - BROODING",mind,main,mosch,1,17
BROODING,"MIND - BROODING",mind,main,naja,1,17
BROODING,"MIND - BROODING",mind,main,nux-v,1,17
BROODING,"MIND - BROODING",mind,main,olnd,1,17
BROODING,"MIND - BROODING",mind,main,op,1,17
BROODING,"MIND - BROODING",mind,main,phos,1,17
BROODING,"MIND - BROODING",mind,main,puls,1,17
BROODING,"MIND - BROODING",mind,main,sulph,1,17
"BROODING, evening","MIND - BROODING - evening",mind,sub,verat,3,17
"BUSINESS, averse to","MIND - BUSINESS - averse to",mind,sub,sep,3,17
"BUSINESS, averse to","MIND - BUSINESS - averse to",mind,sub,agar,1,17
"BUSINESS, averse to","MIND - BUSINESS - averse to",mind,sub,am-m,1,17
"BUSINESS, averse to","MIND - BUSINESS - averse to",mind,sub,ars,1,17
"BUSINESS, averse to","MIND - BUSINESS - averse to",mind,sub,ars-h,1,17
"BUSINESS, averse to","MIND - BUSINESS - averse to",mind,sub,aur,1,17
"BUSINESS, averse to","MIND - BUSINESS - averse to",mind,sub,aur-m,1,17
"BUSINESS, averse to","MIND - BUSINESS - averse to",mind,sub,brom,1,17
"BUSINESS, averse to","MIND - BUSINESS - averse to",mind,sub,chin-s,1,17
"BUSINESS, averse to","MIND - BUSINESS - averse to",mind,sub,cimic,1,17
"BUSINESS, averse to","MIND - BUSINESS - averse to",mind,sub,con,1,17
"BUSINESS, averse to","MIND - BUSINESS - averse to",mind,sub,cop,1,17
"BUSINESS, averse to","MIND - BUSINESS - averse to",mind,sub,fl-ac,1,17
"BUSINESS, averse to","MIND - BUSINESS - averse to",mind,sub,graph,1,17
"BUSINESS, averse to","MIND - BUSINESS - averse to",mind,sub,hipp,1,17
"BUSINESS, averse to","MIND - BUSINESS - averse to",mind,sub,kali-bi,1,17
"BUSINESS, averse to","MIND - BUSINESS - averse to",mind,sub,kali-c,1,17
"BUSINESS, averse to","MIND - BUSINESS - averse to",mind,sub,kali-i,1,17
"BUSINESS, averse to","MIND - BUSINESS - averse to",mind,sub,kali-p,1,17
"BUSINESS, averse to","MIND - BUSINESS - averse to",mind,sub,kali-s,1,17
"BUSINESS, averse to","MIND - BUSINESS - averse to",mind,sub,lac-ac,1,17
"BUSINESS, averse to","MIND - BUSINESS - averse to",mind,sub,lach,1,17
"BUSINESS, averse to","MIND - BUSINESS - averse to",mind,sub,laur,1,17
"BUSINESS, averse to","MIND - BUSINESS - averse to",mind,sub,lil-t,1,17
"BUSINESS, averse to","MIND - BUSINESS - averse to",mind,sub,mag-s,1,17
"BUSINESS, averse to","MIND - BUSINESS - averse to",mind,sub,ph-ac,1,17
"BUSINESS, averse to","MIND - BUSINESS - averse to",mind,sub,phyt,1,17
"BUSINESS, averse to","MIND - BUSINESS - averse to",mind,sub,puls,1,17
"BUSINESS, averse to","MIND - BUSINESS - averse to",mind,sub,sulph,1,17
"BUSINESS, incapacity for","MIND - BUSINESS - incapacity for",mind,sub,agn,1,17
"BUSINESS, incapacity for","MIND - BUSINESS - incapacity for",mind,sub,kali-bi,1,17
"BUSINESS, incapacity for","MIND - BUSINESS - incapacity for",mind,sub,kali-i,1,17
"BUSINESS, talks of","MIND - BUSINESS - talks of",mind,sub,bry,3,17
"BUSINESS, talks of","MIND - BUSINESS - talks of",mind,sub,ars,1,17
"BUSINESS, talks of","MIND - BUSINESS - talks of",mind,sub,bell,1,17
"BUSINESS, talks of","MIND - BUSINESS - talks of",mind,sub,canth,1,17
"BUSINESS, talks of","MIND - BUSINESS - talks of",mind,sub,cimic,1,17
"BUSINESS, talks of","MIND - BUSINESS - talks of",mind,sub,dor,1,17
"BUSINESS, talks of","MIND - BUSINESS - talks of",mind,sub,hyos,1,17
"BUSINESS, talks of","MIND - BUSINESS - talks of",mind,sub,mygale,1,17
"BUSINESS, talks of","MIND - BUSINESS - talks of",mind,sub,op,1,17
"BUSINESS, talks of","MIND - BUSINESS - talks of",mind,sub,phos,1,17
"BUSINESS, talks of","MIND - BUSINESS - talks of",mind,sub,plb,1,17
"BUSINESS, talks of","MIND - BUSINESS - talks of",mind,sub,stram,1,17
"BUSINESS, talks of","MIND - BUSINESS - talks of",mind,sub,sulph,1,17
BUSY,"MIND - BUSY",mind,main,apis,1,17
BUSY,"MIND - BUSY",mind,main,arg-n,1,17
BUSY,"MIND - BUSY",mind,main,calad,1,17
BUSY,"MIND - BUSY",mind,main,calc,1,17
BUSY,"MIND - BUSY",mind,main,caps,1,17
BUSY,"MIND - BUSY",mind,main,cocc,1,17
BUSY,"MIND - BUSY",mind,main,ign,1,17
BUSY,"MIND - BUSY",mind,main,rhus-t,1,17
BUSY,"MIND - BUSY",mind,main,stram,1,17
BUSY,"MIND - BUSY",mind,main,sulph,1,17
BUSY,"MIND - BUSY",mind,main,verat,1,17
"BUSY, fruitlessly","MIND - BUSY - fruitlessly",mind,sub,stann,1,17
CAPRICIOUSNESS,"MIND - CAPRICIOUSNESS",mind,main,bry,3,18
CAPRICIOUSNESS,"MIND - CAPRICIOUSNESS",mind,main,cham,3,18
CAPRICIOUSNESS,"MIND - CAPRICIOUSNESS",mind,main,cina,3,18
CAPRICIOUSNESS,"MIND - CAPRICIOUSNESS",mind,main,kali-c,3,18
CAPRICIOUSNESS,"MIND - CAPRICIOUSNESS",mind,main,puls,3,18
CAPRICIOUSNESS,"MIND - CAPRICIOUSNESS",mind,main,staph,3,18
CAPRICIOUSNESS,"MIND - CAPRICIOUSNESS",mind,main,acon,1,18
CAPRICIOUSNESS,"MIND - CAPRICIOUSNESS",mind,main,agar,1,18
CAPRICIOUSNESS,"MIND - CAPRICIOUSNESS",mind,main,alum,1,18
CAPRICIOUSNESS,"MIND - CAPRICIOUSNESS",mind,main,am,1,18
CAPRICIOUSNESS,"MIND - CAPRICIOUSNESS",mind,main,am-c,1,18
CAPRICIOUSNESS,"MIND - CAPRICIOUSNESS",mind,main,am-m,1,18
CAPRICIOUSNESS,"MIND - CAPRICIOUSNESS",mind,main,anac,1,18
CAPRICIOUSNESS,"MIND - CAPRICIOUSNESS",mind,main,apis,1,18
CAPRICIOUSNESS,"MIND - CAPRICIOUSNESS",mind,main,arg-n,1,18
CAPRICIOUSNESS,"MIND - CAPRICIOUSNESS",mind,main,asar,1,18
CAPRICIOUSNESS,"MIND - CAPRICIOUSNESS",mind,main,bell,1,18
CAPRICIOUSNESS,"MIND - CAPRICIOUSNESS",mind,main,bism,1,18
CAPRICIOUSNESS,"MIND - CAPRICIOUSNESS",mind,main,brom,1,18
CAPRICIOUSNESS,"MIND - CAPRICIOUSNESS",mind,main,calc,1,18
CAPRICIOUSNESS,"MIND - CAPRICIOUSNESS",mind,main,calc-p,1,18
CAPRICIOUSNESS,"MIND - CAPRICIOUSNESS",mind,main,calc-s,1,18
CAPRICIOUSNESS,"MIND - CAPRICIOUSNESS",mind,main,calc-sil,1,18
CAPRICIOUSNESS,"MIND - CAPRICIOUSNESS",mind,main,cann-i,1,18
CAPRICIOUSNESS,"MIND - CAPRICIOUSNESS",mind,main,canth,1,18
CAPRICIOUSNESS,"MIND - CAPRICIOUSNESS",mind,main,carb-an,1,18
CAPRICIOUSNESS,"MIND - CAPRICIOUSNESS",mind,main,carb-s,1,18
CAPRICIOUSNESS,"MIND - CAPRICIOUSNESS",mind,main,chin-a,1,18
CAPRICIOUSNESS,"MIND - CAPRICIOUSNESS",mind,main,cimic,1,18
CAPRICIOUSNESS,"MIND - CAPRICIOUSNESS",mind,main,coff,1,18
CAPRICIOUSNESS,"MIND - CAPRICIOUSNESS",mind,main,croc,1,18
CAPRICIOUSNESS,"MIND - CAPRICIOUSNESS",mind,main,dig,1,18
CAPRICIOUSNESS,"MIND - CAPRICIOUSNESS",mind,main,dros,1,18
CAPRICIOUSNESS,"MIND - CAPRICIOUSNESS",mind,main,dulc,1,18
CAPRICIOUSNESS,"MIND - CAPRICIOUSNESS",mind,main,grat,1,18
CAPRICIOUSNESS,"MIND - CAPRICIOUSNESS",mind,main,hep,1,18
CAPRICIOUSNESS,"MIND - CAPRICIOUSNESS",mind,main,ign,1,18
CAPRICIOUSNESS,"MIND - CAPRICIOUSNESS",mind,main,ip,1,18
CAPRICIOUSNESS,"MIND - CAPRICIOUSNESS",mind,main,kreos,1,18
CAPRICIOUSNESS,"MIND - CAPRICIOUSNESS",mind,main,lach,1,18
CAPRICIOUSNESS,"MIND - CAPRICIOUSNESS",mind,main,led,1,18
CAPRICIOUSNESS,"MIND - CAPRICIOUSNESS",mind,main,lyc,1,18
CAPRICIOUSNESS,"MIND - CAPRICIOUSNESS",mind,main,mag-m,1,18
CAPRICIOUSNESS,"MIND - CAPRICIOUSNESS",mind,main,merc,1,18
CAPRICIOUSNESS,"MIND - CAPRICIOUSNESS",mind,main,merc-c,1,18
CAPRICIOUSNESS,"MIND - CAPRICIOUSNESS",mind,main,mez,1,18
CAPRICIOUSNESS,"MIND - CAPRICIOUSNESS",mind,main,mosch,1,18
CAPRICIOUSNESS,"MIND - CAPRICIOUSNESS",mind,main,nat-c,1,18
CAPRICIOUSNESS,"MIND - CAPRICIOUSNESS",mind,main,nat-m,1,18
CAPRICIOUSNESS,"MIND - CAPRICIOUSNESS",mind,main,nux-m,1,18
CAPRICIOUSNESS,"MIND - CAPRICIOUSNESS",mind,main,nux-v,1,18
CAPRICIOUSNESS,"MIND - CAPRICIOUSNESS",mind,main,op,1,18
CAPRICIOUSNESS,"MIND - CAPRICIOUSNESS",mind,main,petr,1,18
CAPRICIOUSNESS,"MIND - CAPRICIOUSNESS",mind,main,phos,1,18
CAPRICIOUSNESS,"MIND - CAPRICIOUSNESS",mind,main,plb,1,18
CAPRICIOUSNESS,"MIND - CAPRICIOUSNESS",mind,main,ran-b,1,18
CAPRICIOUSNESS,"MIND - CAPRICIOUSNESS",mind,main,rheum,1,18
CAPRICIOUSNESS,"MIND - CAPRICIOUSNESS",mind,main,rhod,1,18
CAPRICIOUSNESS,"MIND - CAPRICIOUSNESS",mind,main,sarr,1,18
CAPRICIOUSNESS,"MIND - CAPRICIOUSNESS",mind,main,sec,1,18
CAPRICIOUSNESS,"MIND - CAPRICIOUSNESS",mind,main,sil,1,18
CAPRICIOUSNESS,"MIND - CAPRICIOUSNESS",mind,main,spong,1,18
CAPRICIOUSNESS,"MIND - CAPRICIOUSNESS",mind,main,stram,1,18
CAPRICIOUSNESS,"MIND - CAPRICIOUSNESS",mind,main,sulph,1,18
CAPRICIOUSNESS,"MIND - CAPRICIOUSNESS",mind,main,thuj,1,18
CAPRICIOUSNESS,"MIND - CAPRICIOUSNESS",mind,main,viol-t,1,18
CAPRICIOUSNESS,"MIND - CAPRICIOUSNESS",mind,main,zinc,1,18
"CAPRICIOUSNESS, evening","MIND - CAPRICIOUSNESS - evening",mind,sub,ign,1,18
"CAPRICIOUSNESS, morning","MIND - CAPRICIOUSNESS - morning",mind,sub,staph,1,18
CAREFULNESS,"MIND - CAREFULNESS",mind,main,ars,1,18
CAREFULNESS,"MIND - CAREFULNESS",mind,main,bar-c,1,18
CAREFULNESS,"MIND - CAREFULNESS",mind,main,iod,1,18
CAREFULNESS,"MIND - CAREFULNESS",mind,main,nux-v,1,18
CAREFULNESS,"MIND - CAREFULNESS",mind,main,puls,1,18
CAREFULNESS,"MIND - CAREFULNESS",mind,main,ran-b,1,18
"CARES, full of","MIND - CARES, FULL OF",mind,main,caust,1,18
"CARES, full of","MIND - CARES, FULL OF",mind,main,chin,1,18
"CARES, full of","MIND - CARES, FULL OF",mind,main,coff,1,18
"CARES, full of","MIND - CARES, FULL OF",mind,main,puls,1,18
"CARES, full of, ailments, from","MIND - CARES, FULL OF - ailments, from",mind,sub,ph-ac,1,18
"CARES, full of, domestic affairs, about","MIND - CARES, FULL OF - domestic affairs, about",mind,sub,bar-c,1,18
"CARES, full of, domestic affairs, about","MIND - CARES, FULL OF - domestic affairs, about",mind,sub,puls,1,18
"CARES, full of, domestic affairs, about","MIND - CARES, FULL OF - domestic affairs, about",mind,sub,sep,1,18
"CARES, full of, trifles, about","MIND - CARES, FULL OF - trifles, about",mind,sub,ars,1,18
"CARPHOLOGIA, CARRIED, desires to be","MIND - CARPHOLOGIA - CARRIED, desires to be",mind,sub,cham,3,18
"CARPHOLOGIA, CARRIED, desires to be","MIND - CARPHOLOGIA - CARRIED, desires to be",mind,sub,acet-ac,1,18
"CARPHOLOGIA, CARRIED, desires to be","MIND - CARPHOLOGIA - CARRIED, desires to be",mind,sub,acon,1,18
"CARPHOLOGIA, CARRIED, desires to be","MIND - CARPHOLOGIA - CARRIED, desires to be",mind,sub,ant-t,1,18
"CARPHOLOGIA, CARRIED, desires to be","MIND - CARPHOLOGIA - CARRIED, desires to be",mind,sub,ars,1,18
"CARPHOLOGIA, CARRIED, desires to be","MIND - CARPHOLOGIA - CARRIED, desires to be",mind,sub,benz-ac,1,18
"CARPHOLOGIA, CARRIED, desires to be","MIND - CARPHOLOGIA - CARRIED, desires to be",mind,sub,bism,1,18
"CARPHOLOGIA, CARRIED, desires to be","MIND - CARPHOLOGIA - CARRIED, desires to be",mind,sub,bor,1,18
"CARPHOLOGIA, CARRIED, desires to be","MIND - CARPHOLOGIA - CARRIED, desires to be",mind,sub,carb-v,1,18
"CARPHOLOGIA, CARRIED, desires to be","MIND - CARPHOLOGIA - CARRIED, desires to be",mind,sub,cina,1,18
"CARPHOLOGIA, CARRIED, desires to be","MIND - CARPHOLOGIA - CARRIED, desires to be",mind,sub,ign,1,18
"CARPHOLOGIA, CARRIED, desires to be","MIND - CARPHOLOGIA - CARRIED, desires to be",mind,sub,kali-c,1,18
"CARPHOLOGIA, CARRIED, desires to be","MIND - CARPHOLOGIA - CARRIED, desires to be",mind,sub,lyc,1,18
"CARPHOLOGIA, CARRIED, desires to be","MIND - CARPHOLOGIA - CARRIED, desires to be",mind,sub,puls,1,18
"CARPHOLOGIA, CARRIED, desires to be","MIND - CARPHOLOGIA - CARRIED, desires to be",mind,sub,sanic,1,18
"CARPHOLOGIA, CARRIED, desires to be","MIND - CARPHOLOGIA - CARRIED, desires to be",mind,sub,stann,1,18
"CARPHOLOGIA, CARRIED, desires to be","MIND - CARPHOLOGIA - CARRIED, desires to be",mind,sub,sulph,1,18
"CARPHOLOGIA, CARRIED, desires to be","MIND - CARPHOLOGIA - CARRIED, desires to be",mind,sub,verat,1,18
"CARPHOLOGIA, fast","MIND - CARPHOLOGIA - fast",mind,sub,ars,3,18
"CARPHOLOGIA, fast","MIND - CARPHOLOGIA - fast",mind,sub,bell,1,18
"CARPHOLOGIA, fast","MIND - CARPHOLOGIA - fast",mind,sub,brom,1,18
"CARPHOLOGIA, fast","MIND - CARPHOLOGIA - fast",mind,sub,rhus-t,1,18
"CARPHOLOGIA, fast","MIND - CARPHOLOGIA - fast",mind,sub,verat,1,18
"CARPHOLOGIA, in croup","MIND - CARPHOLOGIA - in croup",mind,sub,brom,1,18
"CARPHOLOGIA, slowly","MIND - CARPHOLOGIA - slowly",mind,sub,puls,3,18
CAUTIOUS,"MIND - CAUTIOUS",mind,main,caust,1,18
CAUTIOUS,"MIND - CAUTIOUS",mind,main,graph,1,18
CAUTIOUS,"MIND - CAUTIOUS",mind,main,ip,1,18
CAUTIOUS,"MIND - CAUTIOUS",mind,main,mag-c,1,18
"CAUTIOUS, CENSORIOUS, critical","MIND - CAUTIOUS - CENSORIOUS, critical",mind,sub,ars,3,18
"CAUTIOUS, CENSORIOUS, critical","MIND - CAUTIOUS - CENSORIOUS, critical",mind,sub,lach,3,18
"CAUTIOUS, CENSORIOUS, critical","MIND - CAUTIOUS - CENSORIOUS, critical",mind,sub,plat,3,18
"CAUTIOUS, CENSORIOUS, critical","MIND - CAUTIOUS - CENSORIOUS, critical",mind,sub,sulph,3,18
"CAUTIOUS, CENSORIOUS, critical","MIND - CAUTIOUS - CENSORIOUS, critical",mind,sub,acon,1,18
"CAUTIOUS, CENSORIOUS, critical","MIND - CAUTIOUS - CENSORIOUS, critical",mind,sub,alum,1,18
"CAUTIOUS, CENSORIOUS, critical","MIND - CAUTIOUS - CENSORIOUS, critical",mind,sub,am-c,1,18
"CAUTIOUS, CENSORIOUS, critical","MIND - CAUTIOUS - CENSORIOUS, critical",mind,sub,arn,1,18
"CAUTIOUS, CENSORIOUS, critical","MIND - CAUTIOUS - CENSORIOUS, critical",mind,sub,aur,1,18
"CAUTIOUS, CENSORIOUS, critical","MIND - CAUTIOUS - CENSORIOUS, critical",mind,sub,calc,1,18
"CAUTIOUS, CENSORIOUS, critical","MIND - CAUTIOUS - CENSORIOUS, critical",mind,sub,calc-p,1,18
"CAUTIOUS, CENSORIOUS, critical","MIND - CAUTIOUS - CENSORIOUS, critical",mind,sub,caps,1,18
"CAUTIOUS, CENSORIOUS, critical","MIND - CAUTIOUS - CENSORIOUS, critical",mind,sub,carl,1,18
"CAUTIOUS, CENSORIOUS, critical","MIND - CAUTIOUS - CENSORIOUS, critical",mind,sub,caust,1,18
"CAUTIOUS, CENSORIOUS, critical","MIND - CAUTIOUS - CENSORIOUS, critical",mind,sub,cench,1,18
"CAUTIOUS, CENSORIOUS, critical","MIND - CAUTIOUS - CENSORIOUS, critical",mind,sub,cham,1,18
"CAUTIOUS, CENSORIOUS, critical","MIND - CAUTIOUS - CENSORIOUS, critical",mind,sub,chin,1,18
"CAUTIOUS, CENSORIOUS, critical","MIND - CAUTIOUS - CENSORIOUS, critical",mind,sub,chin-a,1,18
"CAUTIOUS, CENSORIOUS, critical","MIND - CAUTIOUS - CENSORIOUS, critical",mind,sub,cic,1,18
"CAUTIOUS, CENSORIOUS, critical","MIND - CAUTIOUS - CENSORIOUS, critical",mind,sub,coca,1,18
"CAUTIOUS, CENSORIOUS, critical","MIND - CAUTIOUS - CENSORIOUS, critical",mind,sub,coff,1,18
"CAUTIOUS, CENSORIOUS, critical","MIND - CAUTIOUS - CENSORIOUS, critical",mind,sub,der,1,18
"CAUTIOUS, CENSORIOUS, critical","MIND - CAUTIOUS - CENSORIOUS, critical",mind,sub,dulc,1,18
"CAUTIOUS, CENSORIOUS, critical","MIND - CAUTIOUS - CENSORIOUS, critical",mind,sub,graph,1,18
"CAUTIOUS, CENSORIOUS, critical","MIND - CAUTIOUS - CENSORIOUS, critical",mind,sub,guaj,1,18
"CAUTIOUS, CENSORIOUS, critical","MIND - CAUTIOUS - CENSORIOUS, critical",mind,sub,helon,1,18
"CAUTIOUS, CENSORIOUS, critical","MIND - CAUTIOUS - CENSORIOUS, critical",mind,sub,hyos,1,18
"CAUTIOUS, CENSORIOUS, critical","MIND - CAUTIOUS - CENSORIOUS, critical",mind,sub,ign,1,18
"CAUTIOUS, CENSORIOUS, critical","MIND - CAUTIOUS - CENSORIOUS, critical",mind,sub,ip,1,18
"CAUTIOUS, CENSORIOUS, critical","MIND - CAUTIOUS - CENSORIOUS, critical",mind,sub,iris,1,18
"CAUTIOUS, CENSORIOUS, critical","MIND - CAUTIOUS - CENSORIOUS, critical",mind,sub,lac-c,1,18
"CAUTIOUS, CENSORIOUS, critical","MIND - CAUTIOUS - CENSORIOUS, critical",mind,sub,lyc,1,18
"CAUTIOUS, CENSORIOUS, critical","MIND - CAUTIOUS - CENSORIOUS, critical",mind,sub,merc,1,18
"CAUTIOUS, CENSORIOUS, critical","MIND - CAUTIOUS - CENSORIOUS, critical",mind,sub,mez,1,18
"CAUTIOUS, CENSORIOUS, critical","MIND - CAUTIOUS - CENSORIOUS, critical",mind,sub,mosch,1,18
"CAUTIOUS, CENSORIOUS, critical","MIND - CAUTIOUS - CENSORIOUS, critical",mind,sub,myric,1,18
"CAUTIOUS, CENSORIOUS, critical","MIND - CAUTIOUS - CENSORIOUS, critical",mind,sub,naja,1,18
"CAUTIOUS, CENSORIOUS, critical","MIND - CAUTIOUS - CENSORIOUS, critical",mind,sub,nat-ar,1,18
"CAUTIOUS, CENSORIOUS, critical","MIND - CAUTIOUS - CENSORIOUS, critical",mind,sub,par,1,18
"CAUTIOUS, CENSORIOUS, critical","MIND - CAUTIOUS - CENSORIOUS, critical",mind,sub,petr,1,18
"CAUTIOUS, CENSORIOUS, critical","MIND - CAUTIOUS - CENSORIOUS, critical",mind,sub,plb,1,18
"CAUTIOUS, CENSORIOUS, critical","MIND - CAUTIOUS - CENSORIOUS, critical",mind,sub,ran-b,1,18
"CAUTIOUS, CENSORIOUS, critical","MIND - CAUTIOUS - CENSORIOUS, critical",mind,sub,rhus-t,1,18
"CAUTIOUS, CENSORIOUS, critical","MIND - CAUTIOUS - CENSORIOUS, critical",mind,sub,sep,1,18
"CAUTIOUS, CENSORIOUS, critical","MIND - CAUTIOUS - CENSORIOUS, critical",mind,sub,sil,1,18
"CAUTIOUS, CENSORIOUS, critical","MIND - CAUTIOUS - CENSORIOUS, critical",mind,sub,sol-t-æ,1,18
"CAUTIOUS, CENSORIOUS, critical","MIND - CAUTIOUS - CENSORIOUS, critical",mind,sub,til,1,18
"CAUTIOUS, CENSORIOUS, critical","MIND - CAUTIOUS - CENSORIOUS, critical",mind,sub,verat,1,18
"CAUTIOUS, afternoon","MIND - CAUTIOUS - afternoon",mind,sub,dulc,1,18
"CAUTIOUS, anxiously","MIND - CAUTIOUS - anxiously",mind,sub,caust,1,18
"CAUTIOUS, dearest friends, with","MIND - CAUTIOUS - dearest friends, with",mind,sub,chin-a,1,18
"CAUTIOUS, dearest friends, with","MIND - CAUTIOUS - dearest friends, with",mind,sub,der,1,18
"CAUTIOUS, disposed to find fault or is silent","MIND - CAUTIOUS - disposed to find fault or is silent",mind,sub,chin,1,18
CHAOTIC,"MIND - CHAOTIC",mind,main,agar,1,18
CHAOTIC,"MIND - CHAOTIC",mind,main,am-c,1,18
CHAOTIC,"MIND - CHAOTIC",mind,main,anac,1,18
CHAOTIC,"MIND - CHAOTIC",mind,main,ars,1,18
CHAOTIC,"MIND - CHAOTIC",mind,main,bell,1,18
CHAOTIC,"MIND - CHAOTIC",mind,main,bov,1,18
CHAOTIC,"MIND - CHAOTIC",mind,main,kali-c,1,18
CHAOTIC,"MIND - CHAOTIC",mind,main,mag-m,1,18
CHAOTIC,"MIND - CHAOTIC",mind,main,mez,1,18
CHAOTIC,"MIND - CHAOTIC",mind,main,nat-c,1,18
CHAOTIC,"MIND - CHAOTIC",mind,main,ph-ac,1,18
CHAOTIC,"MIND - CHAOTIC",mind,main,phos,1,18
CHAOTIC,"MIND - CHAOTIC",mind,main,rhod,1,18
CHAOTIC,"MIND - CHAOTIC",mind,main,seneg,1,18
CHAOTIC,"MIND - CHAOTIC",mind,main,thuj,1,18
CHAOTIC,"MIND - CHAOTIC",mind,main,zinc,1,18
"CHAOTIC, CHASES imaginary objects","MIND - CHAOTIC - CHASES imaginary objects",mind,sub,stram,1,18
"CHAOTIC, persons","MIND - CHAOTIC - persons",mind,sub,cur,1,18
"CHEERFUL, gay, happy","MIND - CHEERFUL, GAY, HAPPY",mind,main,cann-i,3,19
"CHEERFUL, gay, happy","MIND - CHEERFUL, GAY, HAPPY",mind,main,cocc,3,19
"CHEERFUL, gay, happy","MIND - CHEERFUL, GAY, HAPPY",mind,main,coff,3,19
"CHEERFUL, gay, happy","MIND - CHEERFUL, GAY, HAPPY",mind,main,croc,3,19
"CHEERFUL, gay, happy","MIND - CHEERFUL, GAY, HAPPY",mind,main,hyos,3,19
"CHEERFUL, gay, happy","MIND - CHEERFUL, GAY, HAPPY",mind,main,lach,3,19
"CHEERFUL, gay, happy","MIND - CHEERFUL, GAY, HAPPY",mind,main,nat-c,3,19
"CHEERFUL, gay, happy","MIND - CHEERFUL, GAY, HAPPY",mind,main,abrot,1,19
"CHEERFUL, gay, happy","MIND - CHEERFUL, GAY, HAPPY",mind,main,acon,1,19
"CHEERFUL, gay, happy","MIND - CHEERFUL, GAY, HAPPY",mind,main,agar,1,19
"CHEERFUL, gay, happy","MIND - CHEERFUL, GAY, HAPPY",mind,main,aloe,1,19
"CHEERFUL, gay, happy","MIND - CHEERFUL, GAY, HAPPY",mind,main,anac,1,19
"CHEERFUL, gay, happy","MIND - CHEERFUL, GAY, HAPPY",mind,main,ang,1,19
"CHEERFUL, gay, happy","MIND - CHEERFUL, GAY, HAPPY",mind,main,ant-c,1,19
"CHEERFUL, gay, happy","MIND - CHEERFUL, GAY, HAPPY",mind,main,apis,1,19
"CHEERFUL, gay, happy","MIND - CHEERFUL, GAY, HAPPY",mind,main,apoc,1,19
"CHEERFUL, gay, happy","MIND - CHEERFUL, GAY, HAPPY",mind,main,arg-m,1,19
"CHEERFUL, gay, happy","MIND - CHEERFUL, GAY, HAPPY",mind,main,ars,1,19
"CHEERFUL, gay, happy","MIND - CHEERFUL, GAY, HAPPY",mind,main,asaf,1,19
"CHEERFUL, gay, happy","MIND - CHEERFUL, GAY, HAPPY",mind,main,aur,1,19
"CHEERFUL, gay, happy","MIND - CHEERFUL, GAY, HAPPY",mind,main,aur-m,1,19
"CHEERFUL, gay, happy","MIND - CHEERFUL, GAY, HAPPY",mind,main,bell,1,19
"CHEERFUL, gay, happy","MIND - CHEERFUL, GAY, HAPPY",mind,main,bor,1,19
"CHEERFUL, gay, happy","MIND - CHEERFUL, GAY, HAPPY",mind,main,bov,1,19
"CHEERFUL, gay, happy","MIND - CHEERFUL, GAY, HAPPY",mind,main,brom,1,19
"CHEERFUL, gay, happy","MIND - CHEERFUL, GAY, HAPPY",mind,main,bry,1,19
"CHEERFUL, gay, happy","MIND - CHEERFUL, GAY, HAPPY",mind,main,bufo,1,19
"CHEERFUL, gay, happy","MIND - CHEERFUL, GAY, HAPPY",mind,main,calad,1,19
"CHEERFUL, gay, happy","MIND - CHEERFUL, GAY, HAPPY",mind,main,calc,1,19
"CHEERFUL, gay, happy","MIND - CHEERFUL, GAY, HAPPY",mind,main,calc-ac,1,19
"CHEERFUL, gay, happy","MIND - CHEERFUL, GAY, HAPPY",mind,main,cann-s,1,19
"CHEERFUL, gay, happy","MIND - CHEERFUL, GAY, HAPPY",mind,main,canth,1,19
"CHEERFUL, gay, happy","MIND - CHEERFUL, GAY, HAPPY",mind,main,caps,1,19
"CHEERFUL, gay, happy","MIND - CHEERFUL, GAY, HAPPY",mind,main,carb-an,1,19
"CHEERFUL, gay, happy","MIND - CHEERFUL, GAY, HAPPY",mind,main,carb-s,1,19
"CHEERFUL, gay, happy","MIND - CHEERFUL, GAY, HAPPY",mind,main,carb-v,1,19
"CHEERFUL, gay, happy","MIND - CHEERFUL, GAY, HAPPY",mind,main,caust,1,19
"CHEERFUL, gay, happy","MIND - CHEERFUL, GAY, HAPPY",mind,main,chin,1,19
"CHEERFUL, gay, happy","MIND - CHEERFUL, GAY, HAPPY",mind,main,chlor,1,19
"CHEERFUL, gay, happy","MIND - CHEERFUL, GAY, HAPPY",mind,main,cic,1,19
"CHEERFUL, gay, happy","MIND - CHEERFUL, GAY, HAPPY",mind,main,cinnb,1,19
"CHEERFUL, gay, happy","MIND - CHEERFUL, GAY, HAPPY",mind,main,cob,1,19
"CHEERFUL, gay, happy","MIND - CHEERFUL, GAY, HAPPY",mind,main,coca,1,19
"CHEERFUL, gay, happy","MIND - CHEERFUL, GAY, HAPPY",mind,main,colch,1,19
"CHEERFUL, gay, happy","MIND - CHEERFUL, GAY, HAPPY",mind,main,coloc,1,19
"CHEERFUL, gay, happy","MIND - CHEERFUL, GAY, HAPPY",mind,main,cupr,1,19
"CHEERFUL, gay, happy","MIND - CHEERFUL, GAY, HAPPY",mind,main,cycl,1,19
"CHEERFUL, gay, happy","MIND - CHEERFUL, GAY, HAPPY",mind,main,dros,1,19
"CHEERFUL, gay, happy","MIND - CHEERFUL, GAY, HAPPY",mind,main,eucal,1,19
"CHEERFUL, gay, happy","MIND - CHEERFUL, GAY, HAPPY",mind,main,eupi,1,19
"CHEERFUL, gay, happy","MIND - CHEERFUL, GAY, HAPPY",mind,main,fago,1,19
"CHEERFUL, gay, happy","MIND - CHEERFUL, GAY, HAPPY",mind,main,ferr,1,19
"CHEERFUL, gay, happy","MIND - CHEERFUL, GAY, HAPPY",mind,main,ferr-p,1,19
"CHEERFUL, gay, happy","MIND - CHEERFUL, GAY, HAPPY",mind,main,fl-ac,1,19
"CHEERFUL, gay, happy","MIND - CHEERFUL, GAY, HAPPY",mind,main,gamb,1,19
"CHEERFUL, gay, happy","MIND - CHEERFUL, GAY, HAPPY",mind,main,gels,1,19
"CHEERFUL, gay, happy","MIND - CHEERFUL, GAY, HAPPY",mind,main,glon,1,19
"CHEERFUL, gay, happy","MIND - CHEERFUL, GAY, HAPPY",mind,main,graph,1,19
"CHEERFUL, gay, happy","MIND - CHEERFUL, GAY, HAPPY",mind,main,hura,1,19
"CHEERFUL, gay, happy","MIND - CHEERFUL, GAY, HAPPY",mind,main,hydr,1,19
"CHEERFUL, gay, happy","MIND - CHEERFUL, GAY, HAPPY",mind,main,ign,1,19
"CHEERFUL, gay, happy","MIND - CHEERFUL, GAY, HAPPY",mind,main,iod,1,19
"CHEERFUL, gay, happy","MIND - CHEERFUL, GAY, HAPPY",mind,main,kali-bi,1,19
"CHEERFUL, gay, happy","MIND - CHEERFUL, GAY, HAPPY",mind,main,kali-br,1,19
"CHEERFUL, gay, happy","MIND - CHEERFUL, GAY, HAPPY",mind,main,mag-c,1,19
"CHEERFUL, gay, happy","MIND - CHEERFUL, GAY, HAPPY",mind,main,mag-m,1,19
"CHEERFUL, gay, happy","MIND - CHEERFUL, GAY, HAPPY",mind,main,merc,1,19
"CHEERFUL, gay, happy","MIND - CHEERFUL, GAY, HAPPY",mind,main,mosch,1,19
"CHEERFUL, gay, happy","MIND - CHEERFUL, GAY, HAPPY",mind,main,nat-ar,1,19
"CHEERFUL, gay, happy","MIND - CHEERFUL, GAY, HAPPY",mind,main,nat-p,1,19
"CHEERFUL, gay, happy","MIND - CHEERFUL, GAY, HAPPY",mind,main,nat-s,1,19
"CHEERFUL, gay, happy","MIND - CHEERFUL, GAY, HAPPY",mind,main,nicc,1,19
"CHEERFUL, gay, happy","MIND - CHEERFUL, GAY, HAPPY",mind,main,nit-ac,1,19
"CHEERFUL, gay, happy","MIND - CHEERFUL, GAY, HAPPY",mind,main,nux-m,1,19
"CHEERFUL, gay, happy","MIND - CHEERFUL, GAY, HAPPY",mind,main,nux-v,1,19
"CHEERFUL, gay, happy","MIND - CHEERFUL, GAY, HAPPY",mind,main,olnd,1,19
"CHEERFUL, gay, happy","MIND - CHEERFUL, GAY, HAPPY",mind,main,op,1,19
"CHEERFUL, gay, happy","MIND - CHEERFUL, GAY, HAPPY",mind,main,ox-ac,1,19
"CHEERFUL, gay, happy","MIND - CHEERFUL, GAY, HAPPY",mind,main,petr,1,19
"CHEERFUL, gay, happy","MIND - CHEERFUL, GAY, HAPPY",mind,main,ph-ac,1,19
"CHEERFUL, gay, happy","MIND - CHEERFUL, GAY, HAPPY",mind,main,phos,1,19
"CHEERFUL, gay, happy","MIND - CHEERFUL, GAY, HAPPY",mind,main,phys,1,19
"CHEERFUL, gay, happy","MIND - CHEERFUL, GAY, HAPPY",mind,main,pip-m,1,19
"CHEERFUL, gay, happy","MIND - CHEERFUL, GAY, HAPPY",mind,main,plat,1,19
"CHEERFUL, gay, happy","MIND - CHEERFUL, GAY, HAPPY",mind,main,plb,1,19
"CHEERFUL, gay, happy","MIND - CHEERFUL, GAY, HAPPY",mind,main,psor,1,19
"CHEERFUL, gay, happy","MIND - CHEERFUL, GAY, HAPPY",mind,main,rhod,1,19
"CHEERFUL, gay, happy","MIND - CHEERFUL, GAY, HAPPY",mind,main,rhus-v,1,19
"CHEERFUL, gay, happy","MIND - CHEERFUL, GAY, HAPPY",mind,main,ruta,1,19
"CHEERFUL, gay, happy","MIND - CHEERFUL, GAY, HAPPY",mind,main,sabad,1,19
"CHEERFUL, gay, happy","MIND - CHEERFUL, GAY, HAPPY",mind,main,sarr,1,19
"CHEERFUL, gay, happy","MIND - CHEERFUL, GAY, HAPPY",mind,main,sars,1,19
"CHEERFUL, gay, happy","MIND - CHEERFUL, GAY, HAPPY",mind,main,sec,1,19
"CHEERFUL, gay, happy","MIND - CHEERFUL, GAY, HAPPY",mind,main,seneg,1,19
"CHEERFUL, gay, happy","MIND - CHEERFUL, GAY, HAPPY",mind,main,sep,1,19
"CHEERFUL, gay, happy","MIND - CHEERFUL, GAY, HAPPY",mind,main,spig,1,19
"CHEERFUL, gay, happy","MIND - CHEERFUL, GAY, HAPPY",mind,main,spong,1,19
"CHEERFUL, gay, happy","MIND - CHEERFUL, GAY, HAPPY",mind,main,squil,1,19
"CHEERFUL, gay, happy","MIND - CHEERFUL, GAY, HAPPY",mind,main,stann,1,19
"CHEERFUL, gay, happy","MIND - CHEERFUL, GAY, HAPPY",mind,main,staph,1,19
"CHEERFUL, gay, happy","MIND - CHEERFUL, GAY, HAPPY",mind,main,stram,1,19
"CHEERFUL, gay, happy","MIND - CHEERFUL, GAY, HAPPY",mind,main,sul-ac,1,19
"CHEERFUL, gay, happy","MIND - CHEERFUL, GAY, HAPPY",mind,main,sulph,1,19
"CHEERFUL, gay, happy","MIND - CHEERFUL, GAY, HAPPY",mind,main,tab,1,19
"CHEERFUL, gay, happy","MIND - CHEERFUL, GAY, HAPPY",mind,main,zinc,1,19
"CHEERFUL, gay, happy","MIND - CHEERFUL, GAY, HAPPY",mind,main,æsc,1,19
"CHEERFUL, gay, happy","MIND - CHEERFUL, GAY, HAPPY",mind,main,æth,1,19
