rubric,complete_rubric,category,sub_category,remedy_short_name,grade,page
ABRUPT,MIND - ABRUPT,mind,main,nat-m,2,1
ABRUPT,MIND - ABRUPT,mind,main,tarent,1,1
ABSENT-MINDED,MIND - ABSENT-MINDED,mind,main,acon,2,1
ABSENT-MINDED,MIND - ABSENT-MINDED,mind,main,act-s,1,1
ABSENT-MINDED,MIND - ABSENT-MINDED,mind,main,asc,1,1
ABSENT-MINDED,MIND - ABSENT-MINDED,mind,main,agar,1,1
ABSENT-MINDED,MIND - ABSENT-MINDED,mind,main,agn,1,1
ABSENT-MINDED,MIND - ABSENT-MINDED,mind,main,all-c,1,1
ABSENT-MINDED,MIND - ABSENT-MINDED,mind,main,alum,1,1
ABSENT-MINDED,MIND - ABSENT-MINDED,mind,main,am-c,1,1
ABSENT-MINDED,MIND - ABSENT-MINDED,mind,main,am-m,1,1
ABSENT-MINDED,MIND - ABSENT-MINDED,mind,main,anac,1,1
ABSENT-MINDED,MIND - ABSENT-MINDED,mind,main,ang,1,1
ABSENT-MINDED,MIND - ABSENT-MINDED,mind,main,apis,2,1
ABSENT-MINDED,MIND - ABSENT-MINDED,mind,main,arg-m,1,1
ABSENT-MINDED,MIND - ABSENT-MINDED,mind,main,arn,1,1
ABSENT-MINDED,MIND - ABSENT-MINDED,mind,main,ars,1,1
ABSENT-MINDED,MIND - ABSENT-MINDED,mind,main,arum-t,1,1
ABSENT-MINDED,MIND - ABSENT-MINDED,mind,main,asar,1,1
ABSENT-MINDED,MIND - ABSENT-MINDED,mind,main,aur,1,1
ABSENT-MINDED,MIND - ABSENT-MINDED,mind,main,bar-c,1,1
ABSENT-MINDED,MIND - ABSENT-MINDED,mind,main,bell,1,1
ABSENT-MINDED,MIND - ABSENT-MINDED,mind,main,bov,1,1
ABSENT-MINDED,MIND - ABSENT-MINDED,mind,main,bufo,1,1
ABSENT-MINDED,MIND - ABSENT-MINDED,mind,main,calad,1,1
ABSENT-MINDED,MIND - ABSENT-MINDED,mind,main,calc,1,1
ABSENT-MINDED,MIND - ABSENT-MINDED,mind,main,calc-s,1,1
ABSENT-MINDED,MIND - ABSENT-MINDED,mind,main,cann-i,2,1
ABSENT-MINDED,MIND - ABSENT-MINDED,mind,main,cann-s,1,1
ABSENT-MINDED,MIND - ABSENT-MINDED,mind,main,caps,1,1
ABSENT-MINDED,MIND - ABSENT-MINDED,mind,main,carl,1,1
ABSENT-MINDED,MIND - ABSENT-MINDED,mind,main,cench,1,1
ABSENT-MINDED,MIND - ABSENT-MINDED,mind,main,carb-ac,1,1
ABSENT-MINDED,MIND - ABSENT-MINDED,mind,main,carb-s,1,1
ABSENT-MINDED,MIND - ABSENT-MINDED,mind,main,caust,2,1
ABSENT-MINDED,MIND - ABSENT-MINDED,mind,main,cham,2,1
ABSENT-MINDED,MIND - ABSENT-MINDED,mind,main,chel,1,1
ABSENT-MINDED,MIND - ABSENT-MINDED,mind,main,chin,1,1
ABSENT-MINDED,MIND - ABSENT-MINDED,mind,main,cic,1,1
ABSENT-MINDED,MIND - ABSENT-MINDED,mind,main,clem,1,1
ABSENT-MINDED,MIND - ABSENT-MINDED,mind,main,cocc,1,1
ABSENT-MINDED,MIND - ABSENT-MINDED,mind,main,coff,1,1
ABSENT-MINDED,MIND - ABSENT-MINDED,mind,main,colch,1,1
ABSENT-MINDED,MIND - ABSENT-MINDED,mind,main,coloc,1,1
ABSENT-MINDED,MIND - ABSENT-MINDED,mind,main,con,1,1
ABSENT-MINDED,MIND - ABSENT-MINDED,mind,main,croc,1,1
ABSENT-MINDED,MIND - ABSENT-MINDED,mind,main,crot-h,1,1
ABSENT-MINDED,MIND - ABSENT-MINDED,mind,main,cupr,1,1
ABSENT-MINDED,MIND - ABSENT-MINDED,mind,main,cycl,1,1
ABSENT-MINDED,MIND - ABSENT-MINDED,mind,main,daph,1,1
ABSENT-MINDED,MIND - ABSENT-MINDED,mind,main,dirc,1,1
ABSENT-MINDED,MIND - ABSENT-MINDED,mind,main,dulc,1,1
ABSENT-MINDED,MIND - ABSENT-MINDED,mind,main,elaps,1,1
ABSENT-MINDED,MIND - ABSENT-MINDED,mind,main,graph,1,1
ABSENT-MINDED,MIND - ABSENT-MINDED,mind,main,guaj,1,1
ABSENT-MINDED,MIND - ABSENT-MINDED,mind,main,ham,1,1
ABSENT-MINDED,MIND - ABSENT-MINDED,mind,main,hell,2,1
ABSENT-MINDED,MIND - ABSENT-MINDED,mind,main,hep,1,1
ABSENT-MINDED,MIND - ABSENT-MINDED,mind,main,hura,1,1
ABSENT-MINDED,MIND - ABSENT-MINDED,mind,main,hyos,1,1
ABSENT-MINDED,MIND - ABSENT-MINDED,mind,main,ign,1,1
ABSENT-MINDED,MIND - ABSENT-MINDED,mind,main,jug-c,1,1
ABSENT-MINDED,MIND - ABSENT-MINDED,mind,main,kali-br,1,1
ABSENT-MINDED,MIND - ABSENT-MINDED,mind,main,kali-c,1,1
ABSENT-MINDED,MIND - ABSENT-MINDED,mind,main,kali-p,1,1
ABSENT-MINDED,MIND - ABSENT-MINDED,mind,main,kali-s,1,1
ABSENT-MINDED,MIND - ABSENT-MINDED,mind,main,kreos,1,1
ABSENT-MINDED,MIND - ABSENT-MINDED,mind,main,lac-c,1,1
ABSENT-MINDED,MIND - ABSENT-MINDED,mind,main,lach,2,1
ABSENT-MINDED,MIND - ABSENT-MINDED,mind,main,led,1,1
ABSENT-MINDED,MIND - ABSENT-MINDED,mind,main,lyc,1,1
ABSENT-MINDED,MIND - ABSENT-MINDED,mind,main,lyss,1,1
ABSENT-MINDED,MIND - ABSENT-MINDED,mind,main,mag-c,1,1
ABSENT-MINDED,MIND - ABSENT-MINDED,mind,main,manc,1,1
ABSENT-MINDED,MIND - ABSENT-MINDED,mind,main,mang,1,1
ABSENT-MINDED,MIND - ABSENT-MINDED,mind,main,merc,1,1
ABSENT-MINDED,MIND - ABSENT-MINDED,mind,main,mez,2,1
ABSENT-MINDED,MIND - ABSENT-MINDED,mind,main,mosch,1,1
ABSENT-MINDED,MIND - ABSENT-MINDED,mind,main,naja,1,1
ABSENT-MINDED,MIND - ABSENT-MINDED,mind,main,nat-c,1,1
ABSENT-MINDED,MIND - ABSENT-MINDED,mind,main,nat-m,2,1
ABSENT-MINDED,MIND - ABSENT-MINDED,mind,main,nat-p,1,1
ABSENT-MINDED,MIND - ABSENT-MINDED,mind,main,nit-ac,1,1
ABSENT-MINDED,MIND - ABSENT-MINDED,mind,main,nux-m,2,1
ABSENT-MINDED,MIND - ABSENT-MINDED,mind,main,nux-v,1,1
ABSENT-MINDED,MIND - ABSENT-MINDED,mind,main,olnd,1,1
ABSENT-MINDED,MIND - ABSENT-MINDED,mind,main,onos,1,1
ABSENT-MINDED,MIND - ABSENT-MINDED,mind,main,op,1,1
ABSENT-MINDED,MIND - ABSENT-MINDED,mind,main,petr,1,1
ABSENT-MINDED,MIND - ABSENT-MINDED,mind,main,ph-ac,1,1
ABSENT-MINDED,MIND - ABSENT-MINDED,mind,main,phos,1,1
ABSENT-MINDED,MIND - ABSENT-MINDED,mind,main,plat,2,1
ABSENT-MINDED,MIND - ABSENT-MINDED,mind,main,puls,2,1
ABSENT-MINDED,MIND - ABSENT-MINDED,mind,main,rhod,1,1
ABSENT-MINDED,MIND - ABSENT-MINDED,mind,main,rhus-t,1,1
ABSENT-MINDED,MIND - ABSENT-MINDED,mind,main,rhus-v,1,1
ABSENT-MINDED,MIND - ABSENT-MINDED,mind,main,ruta,1,1
ABSENT-MINDED,MIND - ABSENT-MINDED,mind,main,sars,1,1
ABSENT-MINDED,MIND - ABSENT-MINDED,mind,main,sep,2,1
ABSENT-MINDED,MIND - ABSENT-MINDED,mind,main,sil,1,1
ABSENT-MINDED,MIND - ABSENT-MINDED,mind,main,spong,1,1
ABSENT-MINDED,MIND - ABSENT-MINDED,mind,main,stann,1,1
ABSENT-MINDED,MIND - ABSENT-MINDED,mind,main,stram,1,1
ABSENT-MINDED,MIND - ABSENT-MINDED,mind,main,sulph,1,1
ABSENT-MINDED,MIND - ABSENT-MINDED,mind,main,sul-ac,1,1
ABSENT-MINDED,MIND - ABSENT-MINDED,mind,main,tarent,1,1
ABSENT-MINDED,MIND - ABSENT-MINDED,mind,main,thuj,1,1
ABSENT-MINDED,MIND - ABSENT-MINDED,mind,main,verat,2,1
ABSENT-MINDED,MIND - ABSENT-MINDED,mind,main,verb,1,1
ABSENT-MINDED,MIND - ABSENT-MINDED,mind,main,viol-o,1,1
ABSENT-MINDED,MIND - ABSENT-MINDED,mind,main,viol-t,1,1
ABSENT-MINDED,MIND - ABSENT-MINDED,mind,main,zinc,1,1
"ABSENT-MINDED, morning",MIND - ABSENT-MINDED - morning,mind,sub,guaj,2,1
"ABSENT-MINDED, morning",MIND - ABSENT-MINDED - morning,mind,sub,nat-c,1,1
"ABSENT-MINDED, morning",MIND - ABSENT-MINDED - morning,mind,sub,ph-ac,1,1
"ABSENT-MINDED, morning",MIND - ABSENT-MINDED - morning,mind,sub,phos,1,1
"ABSENT-MINDED, morning",MIND - ABSENT-MINDED - morning,mind,sub,il,2,1
"ABSENT-MINDED, morning",MIND - ABSENT-MINDED - morning,mind,sub,kali-n,2,1
"ABSENT-MINDED, noon",MIND - ABSENT-MINDED - noon,mind,sub,mosch,2,1
"ABSENT-MINDED, menses, during","MIND - ABSENT-MINDED - menses, during",mind,sub,calc,2,1
"ABSENT-MINDED, periodical attacks of, short lasting","MIND - ABSENT-MINDED - periodical attacks of, short lasting",mind,sub,fl-ac,2,1
"ABSENT-MINDED, periodical attacks of, short lasting","MIND - ABSENT-MINDED - periodical attacks of, short lasting",mind,sub,nux-m,1,1
"ABSENT-MINDED, reading, while","MIND - ABSENT-MINDED - reading, while",mind,sub,agn,2,1
"ABSENT-MINDED, reading, while","MIND - ABSENT-MINDED - reading, while",mind,sub,lach,1,1
"ABSENT-MINDED, reading, while","MIND - ABSENT-MINDED - reading, while",mind,sub,nux-m,1,1
"ABSENT-MINDED, reading, while","MIND - ABSENT-MINDED - reading, while",mind,sub,ph-ac,1,1
"ABSENT-MINDED, starts when spoken to",MIND - ABSENT-MINDED - starts when spoken to,mind,sub,carb-ac,2,1
"ABSENT-MINDED, writing, while","MIND - ABSENT-MINDED - writing, while",mind,sub,mag-c,2,1
"ABSENT-MINDED, writing, while","MIND - ABSENT-MINDED - writing, while",mind,sub,absorbed,3,1
"ABSENT-MINDED, writing, while","MIND - ABSENT-MINDED - writing, while",mind,sub,buried,1,1
"ABSENT-MINDED, writing, while","MIND - ABSENT-MINDED - writing, while",mind,sub,thought,1,1
"ABSENT-MINDED, writing, while","MIND - ABSENT-MINDED - writing, while",mind,sub,acon,2,1
"ABSENT-MINDED, writing, while","MIND - ABSENT-MINDED - writing, while",mind,sub,aloe,1,1
"ABSENT-MINDED, writing, while","MIND - ABSENT-MINDED - writing, while",mind,sub,am-m,1,1
"ABSENT-MINDED, writing, while","MIND - ABSENT-MINDED - writing, while",mind,sub,ant-c,1,1
"ABSENT-MINDED, writing, while","MIND - ABSENT-MINDED - writing, while",mind,sub,arn,1,1
"ABSENT-MINDED, writing, while","MIND - ABSENT-MINDED - writing, while",mind,sub,bell,1,1
"ABSENT-MINDED, writing, while","MIND - ABSENT-MINDED - writing, while",mind,sub,bov,1,1
"ABSENT-MINDED, writing, while","MIND - ABSENT-MINDED - writing, while",mind,sub,calc,1,1
"ABSENT-MINDED, writing, while","MIND - ABSENT-MINDED - writing, while",mind,sub,cann-i,1,1
"ABSENT-MINDED, writing, while","MIND - ABSENT-MINDED - writing, while",mind,sub,canth,1,1
"ABSENT-MINDED, writing, while","MIND - ABSENT-MINDED - writing, while",mind,sub,caps,1,1
"ABSENT-MINDED, writing, while","MIND - ABSENT-MINDED - writing, while",mind,sub,carl,1,1
"ABSENT-MINDED, writing, while","MIND - ABSENT-MINDED - writing, while",mind,sub,caust,1,1
"ABSENT-MINDED, writing, while","MIND - ABSENT-MINDED - writing, while",mind,sub,cham,1,1
"ABSENT-MINDED, writing, while","MIND - ABSENT-MINDED - writing, while",mind,sub,chin,1,1
"ABSENT-MINDED, writing, while","MIND - ABSENT-MINDED - writing, while",mind,sub,cic,1,1
"ABSENT-MINDED, writing, while","MIND - ABSENT-MINDED - writing, while",mind,sub,clem,1,1
"ABSENT-MINDED, writing, while","MIND - ABSENT-MINDED - writing, while",mind,sub,cocc,1,1
"ABSENT-MINDED, writing, while","MIND - ABSENT-MINDED - writing, while",mind,sub,con,1,1
"ABSENT-MINDED, writing, while","MIND - ABSENT-MINDED - writing, while",mind,sub,cupr,1,1
"ABSENT-MINDED, writing, while","MIND - ABSENT-MINDED - writing, while",mind,sub,cycl,1,1
"ABSENT-MINDED, writing, while","MIND - ABSENT-MINDED - writing, while",mind,sub,elaps,1,1
"ABSENT-MINDED, writing, while","MIND - ABSENT-MINDED - writing, while",mind,sub,grat,1,1
"ABSENT-MINDED, writing, while","MIND - ABSENT-MINDED - writing, while",mind,sub,ham,1,1
"ABSENT-MINDED, writing, while","MIND - ABSENT-MINDED - writing, while",mind,sub,hell,2,1
"ABSENT-MINDED, writing, while","MIND - ABSENT-MINDED - writing, while",mind,sub,ign,1,1
"ABSENT-MINDED, writing, while","MIND - ABSENT-MINDED - writing, while",mind,sub,ip,1,1
"ABSENT-MINDED, writing, while","MIND - ABSENT-MINDED - writing, while",mind,sub,lil-t,1,1
"ABSENT-MINDED, writing, while","MIND - ABSENT-MINDED - writing, while",mind,sub,mang,1,1
"ABSENT-MINDED, writing, while","MIND - ABSENT-MINDED - writing, while",mind,sub,merc,1,1
"ABSENT-MINDED, writing, while","MIND - ABSENT-MINDED - writing, while",mind,sub,mez,2,1
"ABSENT-MINDED, writing, while","MIND - ABSENT-MINDED - writing, while",mind,sub,mosch,1,1
"ABSENT-MINDED, writing, while","MIND - ABSENT-MINDED - writing, while",mind,sub,mur-ac,1,1
"ABSENT-MINDED, writing, while","MIND - ABSENT-MINDED - writing, while",mind,sub,nat-c,1,1
"ABSENT-MINDED, writing, while","MIND - ABSENT-MINDED - writing, while",mind,sub,nat-m,1,1
"ABSENT-MINDED, writing, while","MIND - ABSENT-MINDED - writing, while",mind,sub,nat-p,1,1
"ABSENT-MINDED, writing, while","MIND - ABSENT-MINDED - writing, while",mind,sub,nit-ac,1,1
"ABSENT-MINDED, writing, while","MIND - ABSENT-MINDED - writing, while",mind,sub,nux-m,2,1
"ABSENT-MINDED, writing, while","MIND - ABSENT-MINDED - writing, while",mind,sub,ol-an,1,1
"ABSENT-MINDED, writing, while","MIND - ABSENT-MINDED - writing, while",mind,sub,onos,1,1
"ABSENT-MINDED, writing, while","MIND - ABSENT-MINDED - writing, while",mind,sub,op,1,1
"ABSENT-MINDED, writing, while","MIND - ABSENT-MINDED - writing, while",mind,sub,phel,1,1
"ABSENT-MINDED, writing, while","MIND - ABSENT-MINDED - writing, while",mind,sub,phos,1,1
"ABSENT-MINDED, writing, while","MIND - ABSENT-MINDED - writing, while",mind,sub,puls,1,1
"ABSENT-MINDED, writing, while","MIND - ABSENT-MINDED - writing, while",mind,sub,rheum,1,1
"ABSENT-MINDED, writing, while","MIND - ABSENT-MINDED - writing, while",mind,sub,sabad,1,1
"ABSENT-MINDED, writing, while","MIND - ABSENT-MINDED - writing, while",mind,sub,sars,1,1
"ABSENT-MINDED, writing, while","MIND - ABSENT-MINDED - writing, while",mind,sub,spig,1,1
"ABSENT-MINDED, writing, while","MIND - ABSENT-MINDED - writing, while",mind,sub,stann,1,1
"ABSENT-MINDED, writing, while","MIND - ABSENT-MINDED - writing, while",mind,sub,stram,1,1
"ABSENT-MINDED, writing, while","MIND - ABSENT-MINDED - writing, while",mind,sub,sulph,2,1
"ABSENT-MINDED, daytime",MIND - ABSENT-MINDED - daytime,mind,sub,elaps,2,1
"ABSENT-MINDED, morning",MIND - ABSENT-MINDED - morning,mind,sub,nux-v,1,1
"ABSENT-MINDED, morning",MIND - ABSENT-MINDED - morning,mind,sub,absorbed,3,1
"ABSENT-MINDED, afternoon",MIND - ABSENT-MINDED - afternoon,mind,sub,mang,2,1
"ABSENT-MINDED, evening",MIND - ABSENT-MINDED - evening,mind,sub,am-m,2,1
"ABSENT-MINDED, evening",MIND - ABSENT-MINDED - evening,mind,sub,sulph,1,1
"ABSENT-MINDED, alternating with frivolity",MIND - ABSENT-MINDED - alternating with frivolity,mind,sub,arg-n,2,1
"ABSENT-MINDED, as to what would become of him",MIND - ABSENT-MINDED - as to what would become of him,mind,sub,nat-m,2,1
"ABSENT-MINDED, eating, after","MIND - ABSENT-MINDED - eating, after",mind,sub,aloe,2,1
"ABSENT-MINDED, menses, during","MIND - ABSENT-MINDED - menses, during",mind,sub,mur-ac,2,1
"ABSENT-MINDED, menses, during","MIND - ABSENT-MINDED - menses, during",mind,sub,abstraction,3,1
"ABSENT-MINDED, menses, during","MIND - ABSENT-MINDED - menses, during",mind,sub,alum,2,1
"ABSENT-MINDED, menses, during","MIND - ABSENT-MINDED - menses, during",mind,sub,amyl-n,1,1
"ABSENT-MINDED, menses, during","MIND - ABSENT-MINDED - menses, during",mind,sub,camph,1,1
"ABSENT-MINDED, menses, during","MIND - ABSENT-MINDED - menses, during",mind,sub,cann-i,1,1
"ABSENT-MINDED, menses, during","MIND - ABSENT-MINDED - menses, during",mind,sub,carb-ac,1,1
"ABSENT-MINDED, menses, during","MIND - ABSENT-MINDED - menses, during",mind,sub,caust,1,1
"ABSENT-MINDED, menses, during","MIND - ABSENT-MINDED - menses, during",mind,sub,cic,1,1
"ABSENT-MINDED, menses, during","MIND - ABSENT-MINDED - menses, during",mind,sub,con,1,1
"ABSENT-MINDED, menses, during","MIND - ABSENT-MINDED - menses, during",mind,sub,cycl,1,1
"ABSENT-MINDED, menses, during","MIND - ABSENT-MINDED - menses, during",mind,sub,elaps,1,1
"ABSENT-MINDED, menses, during","MIND - ABSENT-MINDED - menses, during",mind,sub,guaj,1,1
"ABSENT-MINDED, menses, during","MIND - ABSENT-MINDED - menses, during",mind,sub,hell,1,1
"ABSENT-MINDED, menses, during","MIND - ABSENT-MINDED - menses, during",mind,sub,hyos,1,1
"ABSENT-MINDED, menses, during","MIND - ABSENT-MINDED - menses, during",mind,sub,kreos,1,1
"ABSENT-MINDED, menses, during","MIND - ABSENT-MINDED - menses, during",mind,sub,laur,1,1
"ABSENT-MINDED, menses, during","MIND - ABSENT-MINDED - menses, during",mind,sub,lyc,1,1
"ABSENT-MINDED, menses, during","MIND - ABSENT-MINDED - menses, during",mind,sub,lyss,1,1
"ABSENT-MINDED, menses, during","MIND - ABSENT-MINDED - menses, during",mind,sub,mez,1,1
"ABSENT-MINDED, menses, during","MIND - ABSENT-MINDED - menses, during",mind,sub,nat-m,1,1
"ABSENT-MINDED, menses, during","MIND - ABSENT-MINDED - menses, during",mind,sub,nux-m,2,1
"ABSENT-MINDED, menses, during","MIND - ABSENT-MINDED - menses, during",mind,sub,na,1,1
"ABSENT-MINDED, menses, during","MIND - ABSENT-MINDED - menses, during",mind,sub,onos,1,1
"ABSENT-MINDED, menses, during","MIND - ABSENT-MINDED - menses, during",mind,sub,op,1,1
"ABSENT-MINDED, menses, during","MIND - ABSENT-MINDED - menses, during",mind,sub,ph-ac,1,1
"ABSENT-MINDED, menses, during","MIND - ABSENT-MINDED - menses, during",mind,sub,phos,2,1
"ABSENT-MINDED, menses, during","MIND - ABSENT-MINDED - menses, during",mind,sub,plat,1,1
"ABSENT-MINDED, menses, during","MIND - ABSENT-MINDED - menses, during",mind,sub,sabad,1,1
"ABSENT-MINDED, menses, during","MIND - ABSENT-MINDED - menses, during",mind,sub,sec,1,1
"ABSENT-MINDED, menses, during","MIND - ABSENT-MINDED - menses, during",mind,sub,sil,1,1
"ABSENT-MINDED, menses, during","MIND - ABSENT-MINDED - menses, during",mind,sub,stram,1,1
"ABSENT-MINDED, menses, during","MIND - ABSENT-MINDED - menses, during",mind,sub,sulph,1,1
"ABSENT-MINDED, menses, during","MIND - ABSENT-MINDED - menses, during",mind,sub,vesp,1,1
"ABSENT-MINDED, menses, during","MIND - ABSENT-MINDED - menses, during",mind,sub,visc,1,1
ABUSIVE,MIND - ABUSIVE,mind,main,am-c,2,2
ABUSIVE,MIND - ABUSIVE,mind,main,am-m,1,2
ABUSIVE,MIND - ABUSIVE,mind,main,anac,1,2
ABUSIVE,MIND - ABUSIVE,mind,main,bell,1,2
ABUSIVE,MIND - ABUSIVE,mind,main,bor,1,2
ABUSIVE,MIND - ABUSIVE,mind,main,caust,1,2
ABUSIVE,MIND - ABUSIVE,mind,main,con,1,2
ABUSIVE,MIND - ABUSIVE,mind,main,dulc,1,2
ABUSIVE,MIND - ABUSIVE,mind,main,hyos,1,2
ABUSIVE,MIND - ABUSIVE,mind,main,ip,1,2
ABUSIVE,MIND - ABUSIVE,mind,main,lyc,1,2
ABUSIVE,MIND - ABUSIVE,mind,main,iyss,2,2
ABUSIVE,MIND - ABUSIVE,mind,main,mosch,1,2
ABUSIVE,MIND - ABUSIVE,mind,main,nit-ac,1,2
ABUSIVE,MIND - ABUSIVE,mind,main,nux-v,1,2
ABUSIVE,MIND - ABUSIVE,mind,main,petr,1,2
ABUSIVE,MIND - ABUSIVE,mind,main,plb,1,2
ABUSIVE,MIND - ABUSIVE,mind,main,ran-b,1,2
ABUSIVE,MIND - ABUSIVE,mind,main,seneg,1,2
ABUSIVE,MIND - ABUSIVE,mind,main,sep,1,2
ABUSIVE,MIND - ABUSIVE,mind,main,spong,1,2
ABUSIVE,MIND - ABUSIVE,mind,main,stram,1,2
ABUSIVE,MIND - ABUSIVE,mind,main,tub,1,2
ABUSIVE,MIND - ABUSIVE,mind,main,verat,1,2
ABUSIVE,MIND - ABUSIVE,mind,main,viol-t,1,2
"ABUSIVE, forenoon",MIND - ABUSIVE - forenoon,mind,sub,ran-b,2,2
"ABUSIVE, evening",MIND - ABUSIVE - evening,mind,sub,am-c,2,2
"ABUSIVE, angry, without being","MIND - ABUSIVE - angry, without being",mind,sub,dulc,2,2
"ABUSIVE, pains, with the","MIND - ABUSIVE - pains, with the",mind,sub,cor-r,2,2
"ABUSIVE, scolds until the lips are blue and eyes stare and she falls down fainting",MIND - ABUSIVE - scolds until the lips are blue and eyes stare and she falls down fainting,mind,sub,mosch,2,2
"ABUSIVE, scolds until the lips are blue and eyes stare and she falls down fainting",MIND - ABUSIVE - scolds until the lips are blue and eyes stare and she falls down fainting,mind,sub,activity,3,2
"ABUSIVE, scolds until the lips are blue and eyes stare and she falls down fainting",MIND - ABUSIVE - scolds until the lips are blue and eyes stare and she falls down fainting,mind,sub,desires,1,2
"ABUSIVE, fruitless",MIND - ABUSIVE - fruitless,mind,sub,stann,2,2
"ABUSIVE, fruitless",MIND - ABUSIVE - fruitless,mind,sub,acuteness,3,2
"ABUSIVE, fruitless",MIND - ABUSIVE - fruitless,mind,sub,admonition,3,2
"ABUSIVE, fruitless",MIND - ABUSIVE - fruitless,mind,sub,agg,1,2
"ABUSIVE, fruitless",MIND - ABUSIVE - fruitless,mind,sub,bell,2,2
"ABUSIVE, fruitless",MIND - ABUSIVE - fruitless,mind,sub,plat,1,2
AFFECTION,MIND - AFFECTION,mind,main,stram,2,2
AFFECTIONATE,MIND - AFFECTIONATE,mind,main,acon,2,2
AFFECTIONATE,MIND - AFFECTIONATE,mind,main,ant-c,1,2
AFFECTIONATE,MIND - AFFECTIONATE,mind,main,anac,1,2
AFFECTIONATE,MIND - AFFECTIONATE,mind,main,bor,1,2
AFFECTIONATE,MIND - AFFECTIONATE,mind,main,carb-an,1,2
AFFECTIONATE,MIND - AFFECTIONATE,mind,main,carb-v,1,2
AFFECTIONATE,MIND - AFFECTIONATE,mind,main,coff,1,2
AFFECTIONATE,MIND - AFFECTIONATE,mind,main,croc,1,2
AFFECTIONATE,MIND - AFFECTIONATE,mind,main,hura,1,2
AFFECTIONATE,MIND - AFFECTIONATE,mind,main,ign,1,2
AFFECTIONATE,MIND - AFFECTIONATE,mind,main,nat-m,1,2
AFFECTIONATE,MIND - AFFECTIONATE,mind,main,nux-v,1,2
AFFECTIONATE,MIND - AFFECTIONATE,mind,main,ox-ac,1,2
AFFECTIONATE,MIND - AFFECTIONATE,mind,main,par,1,2
AFFECTIONATE,MIND - AFFECTIONATE,mind,main,phos,1,2
AFFECTIONATE,MIND - AFFECTIONATE,mind,main,plat,1,2
AFFECTIONATE,MIND - AFFECTIONATE,mind,main,puls,2,2
AFFECTIONATE,MIND - AFFECTIONATE,mind,main,seneg,1,2
AFFECTIONATE,MIND - AFFECTIONATE,mind,main,verat,1,2
AFFECTIONATE,MIND - AFFECTIONATE,mind,main,agitation,3,2
AFFECTIONATE,MIND - AFFECTIONATE,mind,main,air,3,2
AFFECTIONATE,MIND - AFFECTIONATE,mind,main,castles,1,2
AFFECTIONATE,MIND - AFFECTIONATE,mind,main,ambition,3,2
AFFECTIONATE,MIND - AFFECTIONATE,mind,main,loss,1,2
AMOROUS,MIND - AMOROUS,mind,main,amusement,3,2
"AMOROUS, averse to",MIND - AMOROUS - averse to,mind,sub,bar-c,2,2
"AMOROUS, averse to",MIND - AMOROUS - averse to,mind,sub,lil-t,1,2
"AMOROUS, averse to",MIND - AMOROUS - averse to,mind,sub,meny,1,2
"AMOROUS, averse to",MIND - AMOROUS - averse to,mind,sub,olnd,1,2
"AMOROUS, averse to",MIND - AMOROUS - averse to,mind,sub,sulph,1,2
"AMOROUS, desire for",MIND - AMOROUS - desire for,mind,sub,lach,2,2
"AMOROUS, desire for",MIND - AMOROUS - desire for,mind,sub,pip-m,1,2
"AMOROUS, morning",MIND - AMOROUS - morning,mind,sub,kali-c,2,3
"AMOROUS, morning",MIND - AMOROUS - morning,mind,sub,nux-v,1,3
"AMOROUS, morning",MIND - AMOROUS - morning,mind,sub,petr,1,3
"AMOROUS, morning",MIND - AMOROUS - morning,mind,sub,sep,1,3
"AMOROUS, morning",MIND - AMOROUS - morning,mind,sub,sulph,1,3
"AMOROUS, waking, on","MIND - AMOROUS - waking, on",mind,sub,carb-an,2,3
"AMOROUS, waking, on","MIND - AMOROUS - waking, on",mind,sub,kali-c,1,3
"AMOROUS, waking, on","MIND - AMOROUS - waking, on",mind,sub,petr,1,3
"AMOROUS, forenoon",MIND - AMOROUS - forenoon,mind,sub,carb-v,2,3
"AMOROUS, forenoon",MIND - AMOROUS - forenoon,mind,sub,i1,2,3
"AMOROUS, forenoon",MIND - AMOROUS - forenoon,mind,sub,sulph,2,3
"AMOROUS, evening",MIND - AMOROUS - evening,mind,sub,am-c,2,3
"AMOROUS, evening",MIND - AMOROUS - evening,mind,sub,bry,1,3
"AMOROUS, evening",MIND - AMOROUS - evening,mind,sub,cahin,1,3
"AMOROUS, evening",MIND - AMOROUS - evening,mind,sub,croc,1,3
"AMOROUS, evening",MIND - AMOROUS - evening,mind,sub,kali-c,1,3
"AMOROUS, evening",MIND - AMOROUS - evening,mind,sub,lyc,2,3
"AMOROUS, evening",MIND - AMOROUS - evening,mind,sub,nicc,1,3
"AMOROUS, evening",MIND - AMOROUS - evening,mind,sub,op,1,3
"AMOROUS, evening",MIND - AMOROUS - evening,mind,sub,petr,1,3
"AMOROUS, absent persons, at","MIND - AMOROUS - absent persons, at",mind,sub,aur,2,3
"AMOROUS, absent persons, at","MIND - AMOROUS - absent persons, at",mind,sub,kali-c,1,3
"AMOROUS, absent persons, at","MIND - AMOROUS - absent persons, at",mind,sub,lyc,1,3
"AMOROUS, ailments after anger, vexation etc","MIND - AMOROUS - ailments after anger, vexation etc",mind,sub,acon,2,3
"AMOROUS, ailments after anger, vexation etc","MIND - AMOROUS - ailments after anger, vexation etc",mind,sub,agar,1,3
"AMOROUS, ailments after anger, vexation etc","MIND - AMOROUS - ailments after anger, vexation etc",mind,sub,alum,1,3
"AMOROUS, ailments after anger, vexation etc","MIND - AMOROUS - ailments after anger, vexation etc",mind,sub,am-c,1,3
"AMOROUS, ailments after anger, vexation etc","MIND - AMOROUS - ailments after anger, vexation etc",mind,sub,ant-t,1,3
"AMOROUS, ailments after anger, vexation etc","MIND - AMOROUS - ailments after anger, vexation etc",mind,sub,apis,1,3
"AMOROUS, ailments after anger, vexation etc","MIND - AMOROUS - ailments after anger, vexation etc",mind,sub,arg-n,1,3
"AMOROUS, ailments after anger, vexation etc","MIND - AMOROUS - ailments after anger, vexation etc",mind,sub,arn,1,3
"AMOROUS, ailments after anger, vexation etc","MIND - AMOROUS - ailments after anger, vexation etc",mind,sub,ars,1,3
"AMOROUS, ailments after anger, vexation etc","MIND - AMOROUS - ailments after anger, vexation etc",mind,sub,aur,1,3
"AMOROUS, ailments after anger, vexation etc","MIND - AMOROUS - ailments after anger, vexation etc",mind,sub,aur-m,1,3
"AMOROUS, ailments after anger, vexation etc","MIND - AMOROUS - ailments after anger, vexation etc",mind,sub,bell,1,3
"AMOROUS, ailments after anger, vexation etc","MIND - AMOROUS - ailments after anger, vexation etc",mind,sub,bry,1,3
"AMOROUS, ailments after anger, vexation etc","MIND - AMOROUS - ailments after anger, vexation etc",mind,sub,calc-p,1,3
"AMOROUS, ailments after anger, vexation etc","MIND - AMOROUS - ailments after anger, vexation etc",mind,sub,calc-s,1,3
"AMOROUS, ailments after anger, vexation etc","MIND - AMOROUS - ailments after anger, vexation etc",mind,sub,cadm,1,3
"AMOROUS, ailments after anger, vexation etc","MIND - AMOROUS - ailments after anger, vexation etc",mind,sub,caust,1,3
"AMOROUS, ailments after anger, vexation etc","MIND - AMOROUS - ailments after anger, vexation etc",mind,sub,cham,2,3
"AMOROUS, ailments after anger, vexation etc","MIND - AMOROUS - ailments after anger, vexation etc",mind,sub,chin,1,3
"AMOROUS, ailments after anger, vexation etc","MIND - AMOROUS - ailments after anger, vexation etc",mind,sub,cimic,1,3
"AMOROUS, ailments after anger, vexation etc","MIND - AMOROUS - ailments after anger, vexation etc",mind,sub,cocc,1,3
"AMOROUS, ailments after anger, vexation etc","MIND - AMOROUS - ailments after anger, vexation etc",mind,sub,coloc,2,3
"AMOROUS, ailments after anger, vexation etc","MIND - AMOROUS - ailments after anger, vexation etc",mind,sub,croc,1,3
"AMOROUS, ailments after anger, vexation etc","MIND - AMOROUS - ailments after anger, vexation etc",mind,sub,cupr,1,3
"AMOROUS, ailments after anger, vexation etc","MIND - AMOROUS - ailments after anger, vexation etc",mind,sub,ferr,1,3
"AMOROUS, ailments after anger, vexation etc","MIND - AMOROUS - ailments after anger, vexation etc",mind,sub,ferr-p,1,3
"AMOROUS, ailments after anger, vexation etc","MIND - AMOROUS - ailments after anger, vexation etc",mind,sub,gels,1,3
"AMOROUS, ailments after anger, vexation etc","MIND - AMOROUS - ailments after anger, vexation etc",mind,sub,hyos,1,3
"AMOROUS, ailments after anger, vexation etc","MIND - AMOROUS - ailments after anger, vexation etc",mind,sub,ign,2,3
"AMOROUS, ailments after anger, vexation etc","MIND - AMOROUS - ailments after anger, vexation etc",mind,sub,ip,2,3
"AMOROUS, ailments after anger, vexation etc","MIND - AMOROUS - ailments after anger, vexation etc",mind,sub,kali-p,1,3
"AMOROUS, ailments after anger, vexation etc","MIND - AMOROUS - ailments after anger, vexation etc",mind,sub,lach,1,3
"AMOROUS, ailments after anger, vexation etc","MIND - AMOROUS - ailments after anger, vexation etc",mind,sub,yc,1,3
"AMOROUS, ailments after anger, vexation etc","MIND - AMOROUS - ailments after anger, vexation etc",mind,sub,mag-c,1,3
"AMOROUS, ailments after anger, vexation etc","MIND - AMOROUS - ailments after anger, vexation etc",mind,sub,mag-m,1,3
"AMOROUS, ailments after anger, vexation etc","MIND - AMOROUS - ailments after anger, vexation etc",mind,sub,merc,1,3
"AMOROUS, ailments after anger, vexation etc","MIND - AMOROUS - ailments after anger, vexation etc",mind,sub,mez,1,3
"AMOROUS, ailments after anger, vexation etc","MIND - AMOROUS - ailments after anger, vexation etc",mind,sub,nat-c,1,3
"AMOROUS, ailments after anger, vexation etc","MIND - AMOROUS - ailments after anger, vexation etc",mind,sub,nat-s,1,3
"AMOROUS, ailments after anger, vexation etc","MIND - AMOROUS - ailments after anger, vexation etc",mind,sub,nux-m,1,3
"AMOROUS, ailments after anger, vexation etc","MIND - AMOROUS - ailments after anger, vexation etc",mind,sub,nux-v,2,3
"AMOROUS, ailments after anger, vexation etc","MIND - AMOROUS - ailments after anger, vexation etc",mind,sub,op,2,3
"AMOROUS, ailments after anger, vexation etc","MIND - AMOROUS - ailments after anger, vexation etc",mind,sub,petr,1,3
"AMOROUS, ailments after anger, vexation etc","MIND - AMOROUS - ailments after anger, vexation etc",mind,sub,ph-ac,1,3
"AMOROUS, ailments after anger, vexation etc","MIND - AMOROUS - ailments after anger, vexation etc",mind,sub,phos,1,3
"AMOROUS, ailments after anger, vexation etc","MIND - AMOROUS - ailments after anger, vexation etc",mind,sub,plat,2,3
"AMOROUS, ailments after anger, vexation etc","MIND - AMOROUS - ailments after anger, vexation etc",mind,sub,puls,1,3
"AMOROUS, ailments after anger, vexation etc","MIND - AMOROUS - ailments after anger, vexation etc",mind,sub,ran-b,1,3
"AMOROUS, ailments after anger, vexation etc","MIND - AMOROUS - ailments after anger, vexation etc",mind,sub,rhus-t,1,3
"AMOROUS, ailments after anger, vexation etc","MIND - AMOROUS - ailments after anger, vexation etc",mind,sub,samb,1,3
"AMOROUS, ailments after anger, vexation etc","MIND - AMOROUS - ailments after anger, vexation etc",mind,sub,sec,1,3
"AMOROUS, ailments after anger, vexation etc","MIND - AMOROUS - ailments after anger, vexation etc",mind,sub,sel,1,3
"AMOROUS, ailments after anger, vexation etc","MIND - AMOROUS - ailments after anger, vexation etc",mind,sub,sep,1,3
"AMOROUS, ailments after anger, vexation etc","MIND - AMOROUS - ailments after anger, vexation etc",mind,sub,sil,1,3
"AMOROUS, ailments after anger, vexation etc","MIND - AMOROUS - ailments after anger, vexation etc",mind,sub,stann,1,3
"AMOROUS, ailments after anger, vexation etc","MIND - AMOROUS - ailments after anger, vexation etc",mind,sub,staph,2,3
"AMOROUS, ailments after anger, vexation etc","MIND - AMOROUS - ailments after anger, vexation etc",mind,sub,stram,1,3
"AMOROUS, ailments after anger, vexation etc","MIND - AMOROUS - ailments after anger, vexation etc",mind,sub,sul-ac,1,3
"AMOROUS, ailments after anger, vexation etc","MIND - AMOROUS - ailments after anger, vexation etc",mind,sub,tarent,1,3
"AMOROUS, ailments after anger, vexation etc","MIND - AMOROUS - ailments after anger, vexation etc",mind,sub,verat,1,3
"AMOROUS, ailments after anger, vexation etc","MIND - AMOROUS - ailments after anger, vexation etc",mind,sub,zinc,1,3
"AMOROUS, after anger with anxiety",MIND - AMOROUS - after anger with anxiety,mind,sub,acon,2,4
"AMOROUS, after anger with anxiety",MIND - AMOROUS - after anger with anxiety,mind,sub,alum,1,4
"AMOROUS, after anger with anxiety",MIND - AMOROUS - after anger with anxiety,mind,sub,ars,2,4
"AMOROUS, after anger with anxiety",MIND - AMOROUS - after anger with anxiety,mind,sub,aur,1,4
"AMOROUS, after anger with anxiety",MIND - AMOROUS - after anger with anxiety,mind,sub,bell,1,4
"AMOROUS, after anger with anxiety",MIND - AMOROUS - after anger with anxiety,mind,sub,bry,1,4
"AMOROUS, after anger with anxiety",MIND - AMOROUS - after anger with anxiety,mind,sub,calc,1,4
"AMOROUS, after anger with anxiety",MIND - AMOROUS - after anger with anxiety,mind,sub,cham,1,4
"AMOROUS, after anger with anxiety",MIND - AMOROUS - after anger with anxiety,mind,sub,cocc,1,4
"AMOROUS, after anger with anxiety",MIND - AMOROUS - after anger with anxiety,mind,sub,coff,1,4
"AMOROUS, after anger with anxiety",MIND - AMOROUS - after anger with anxiety,mind,sub,cupr,1,4
"AMOROUS, after anger with anxiety",MIND - AMOROUS - after anger with anxiety,mind,sub,hyos,1,4
"AMOROUS, after anger with anxiety",MIND - AMOROUS - after anger with anxiety,mind,sub,ign,2,4
"AMOROUS, after anger with anxiety",MIND - AMOROUS - after anger with anxiety,mind,sub,lyc,1,4
"AMOROUS, after anger with anxiety",MIND - AMOROUS - after anger with anxiety,mind,sub,nat-c,1,4
"AMOROUS, after anger with anxiety",MIND - AMOROUS - after anger with anxiety,mind,sub,nux-v,2,4
"AMOROUS, after anger with anxiety",MIND - AMOROUS - after anger with anxiety,mind,sub,op,1,4
"AMOROUS, after anger with anxiety",MIND - AMOROUS - after anger with anxiety,mind,sub,petr,1,4
"AMOROUS, after anger with anxiety",MIND - AMOROUS - after anger with anxiety,mind,sub,phos,1,4
"AMOROUS, after anger with anxiety",MIND - AMOROUS - after anger with anxiety,mind,sub,plat,1,4
"AMOROUS, after anger with anxiety",MIND - AMOROUS - after anger with anxiety,mind,sub,puls,1,4
"AMOROUS, after anger with anxiety",MIND - AMOROUS - after anger with anxiety,mind,sub,rhus-t,1,4
"AMOROUS, after anger with anxiety",MIND - AMOROUS - after anger with anxiety,mind,sub,samb,1,4
"AMOROUS, after anger with anxiety",MIND - AMOROUS - after anger with anxiety,mind,sub,sep,1,4
"AMOROUS, after anger with anxiety",MIND - AMOROUS - after anger with anxiety,mind,sub,stann,1,4
"AMOROUS, after anger with anxiety",MIND - AMOROUS - after anger with anxiety,mind,sub,stram,1,4
"AMOROUS, after anger with anxiety",MIND - AMOROUS - after anger with anxiety,mind,sub,sulph,1,4
"AMOROUS, after anger with anxiety",MIND - AMOROUS - after anger with anxiety,mind,sub,verat,1,4
"AMOROUS, with fright",MIND - AMOROUS - with fright,mind,sub,acon,2,4
"AMOROUS, with fright",MIND - AMOROUS - with fright,mind,sub,aur,1,4
"AMOROUS, with fright",MIND - AMOROUS - with fright,mind,sub,bell,1,4
"AMOROUS, with fright",MIND - AMOROUS - with fright,mind,sub,calc,1,4
"AMOROUS, with fright",MIND - AMOROUS - with fright,mind,sub,cupr,1,4
"AMOROUS, with fright",MIND - AMOROUS - with fright,mind,sub,hyos,1,4
"AMOROUS, with fright",MIND - AMOROUS - with fright,mind,sub,ign,2,4
"AMOROUS, with fright",MIND - AMOROUS - with fright,mind,sub,lyc,1,4
"AMOROUS, with fright",MIND - AMOROUS - with fright,mind,sub,nat-c,1,4
"AMOROUS, with fright",MIND - AMOROUS - with fright,mind,sub,nux-v,2,4
"AMOROUS, with fright",MIND - AMOROUS - with fright,mind,sub,op,1,4
"AMOROUS, with fright",MIND - AMOROUS - with fright,mind,sub,petr,2,4
"AMOROUS, with fright",MIND - AMOROUS - with fright,mind,sub,phos,1,4
"AMOROUS, with fright",MIND - AMOROUS - with fright,mind,sub,plat,1,4
"AMOROUS, with fright",MIND - AMOROUS - with fright,mind,sub,puls,1,4
"AMOROUS, with fright",MIND - AMOROUS - with fright,mind,sub,samb,1,4
"AMOROUS, with fright",MIND - AMOROUS - with fright,mind,sub,sep,1,4
"AMOROUS, with fright",MIND - AMOROUS - with fright,mind,sub,sulph,1,4
"AMOROUS, with fright",MIND - AMOROUS - with fright,mind,sub,zinc,1,4
"AMOROUS, indignation",MIND - AMOROUS - indignation,mind,sub,aur,2,4
"AMOROUS, indignation",MIND - AMOROUS - indignation,mind,sub,coloc,2,4
"AMOROUS, indignation",MIND - AMOROUS - indignation,mind,sub,ip,1,4
"AMOROUS, indignation",MIND - AMOROUS - indignation,mind,sub,lyc,1,4
"AMOROUS, indignation",MIND - AMOROUS - indignation,mind,sub,merc,1,4
"AMOROUS, indignation",MIND - AMOROUS - indignation,mind,sub,mur-ac,1,4
"AMOROUS, indignation",MIND - AMOROUS - indignation,mind,sub,nat-m,1,4
"AMOROUS, indignation",MIND - AMOROUS - indignation,mind,sub,nux-v,1,4
"AMOROUS, indignation",MIND - AMOROUS - indignation,mind,sub,plat,1,4
"AMOROUS, indignation",MIND - AMOROUS - indignation,mind,sub,staph,2,4
"AMOROUS, silent grief",MIND - AMOROUS - silent grief,mind,sub,alum,2,4
"AMOROUS, silent grief",MIND - AMOROUS - silent grief,mind,sub,ars,1,4
"AMOROUS, silent grief",MIND - AMOROUS - silent grief,mind,sub,aur,1,4
"AMOROUS, silent grief",MIND - AMOROUS - silent grief,mind,sub,bell,1,4
"AMOROUS, silent grief",MIND - AMOROUS - silent grief,mind,sub,cocc,1,4
"AMOROUS, silent grief",MIND - AMOROUS - silent grief,mind,sub,coloc,1,4
"AMOROUS, silent grief",MIND - AMOROUS - silent grief,mind,sub,hyos,1,4
"AMOROUS, silent grief",MIND - AMOROUS - silent grief,mind,sub,ign,2,4
"AMOROUS, silent grief",MIND - AMOROUS - silent grief,mind,sub,lyc,2,4
"AMOROUS, silent grief",MIND - AMOROUS - silent grief,mind,sub,nat-c,1,4
"AMOROUS, silent grief",MIND - AMOROUS - silent grief,mind,sub,nat-m,1,4
"AMOROUS, silent grief",MIND - AMOROUS - silent grief,mind,sub,nux-v,1,4
"AMOROUS, silent grief",MIND - AMOROUS - silent grief,mind,sub,ph-ac,1,4
"AMOROUS, silent grief",MIND - AMOROUS - silent grief,mind,sub,phos,1,4
"AMOROUS, silent grief",MIND - AMOROUS - silent grief,mind,sub,plat,1,4
"AMOROUS, silent grief",MIND - AMOROUS - silent grief,mind,sub,puls,1,4
"AMOROUS, silent grief",MIND - AMOROUS - silent grief,mind,sub,staph,2,4
"AMOROUS, silent grief",MIND - AMOROUS - silent grief,mind,sub,verat,1,4
"AMOROUS, alternating with cheerfulness",MIND - AMOROUS - alternating with cheerfulness,mind,sub,aur,2,4
"AMOROUS, alternating with cheerfulness",MIND - AMOROUS - alternating with cheerfulness,mind,sub,caps,1,4
"AMOROUS, alternating with cheerfulness",MIND - AMOROUS - alternating with cheerfulness,mind,sub,croc,1,4
"AMOROUS, alternating with cheerfulness",MIND - AMOROUS - alternating with cheerfulness,mind,sub,ign,1,4
"AMOROUS, alternating with cheerfulness",MIND - AMOROUS - alternating with cheerfulness,mind,sub,stram,1,4
"AMOROUS, quick repentance",MIND - AMOROUS - quick repentance,mind,sub,croc,2,4
"AMOROUS, quick repentance",MIND - AMOROUS - quick repentance,mind,sub,mez,1,4
"AMOROUS, quick repentance",MIND - AMOROUS - quick repentance,mind,sub,sulph,1,4
"AMOROUS, answer, refused to","MIND - AMOROUS - answer, refused to",mind,sub,arn,2,4
"AMOROUS, answer, refused to","MIND - AMOROUS - answer, refused to",mind,sub,coloc,1,4
"AMOROUS, answer, refused to","MIND - AMOROUS - answer, refused to",mind,sub,nat-m,1,4
"AMOROUS, answer, refused to","MIND - AMOROUS - answer, refused to",mind,sub,nux-v,2,4
"AMOROUS, answer, refused to","MIND - AMOROUS - answer, refused to",mind,sub,ph-ac,1,4
"AMOROUS, answer, refused to","MIND - AMOROUS - answer, refused to",mind,sub,puls,1,4
"AMOROUS, caressing, from","MIND - AMOROUS - caressing, from",mind,sub,chin,2,4
"AMOROUS, consoled, when","MIND - AMOROUS - consoled, when",mind,sub,ars,2,4
"AMOROUS, consoled, when","MIND - AMOROUS - consoled, when",mind,sub,cham,1,4
"AMOROUS, consoled, when","MIND - AMOROUS - consoled, when",mind,sub,nat-m,1,4
"AMOROUS, contradiction, from","MIND - AMOROUS - contradiction, from",mind,sub,acon,2,4
"AMOROUS, contradiction, from","MIND - AMOROUS - contradiction, from",mind,sub,anac,1,4
"AMOROUS, contradiction, from","MIND - AMOROUS - contradiction, from",mind,sub,aur,2,4
"AMOROUS, contradiction, from","MIND - AMOROUS - contradiction, from",mind,sub,bry,1,4
"AMOROUS, contradiction, from","MIND - AMOROUS - contradiction, from",mind,sub,cact,1,4
"AMOROUS, contradiction, from","MIND - AMOROUS - contradiction, from",mind,sub,calc-p,1,4
"AMOROUS, contradiction, from","MIND - AMOROUS - contradiction, from",mind,sub,canth,1,4
"AMOROUS, contradiction, from","MIND - AMOROUS - contradiction, from",mind,sub,cham,1,4
"AMOROUS, contradiction, from","MIND - AMOROUS - contradiction, from",mind,sub,ferr,1,4
"AMOROUS, contradiction, from","MIND - AMOROUS - contradiction, from",mind,sub,ferr-ar,1,4
"AMOROUS, contradiction, from","MIND - AMOROUS - contradiction, from",mind,sub,grat,1,4
"AMOROUS, contradiction, from","MIND - AMOROUS - contradiction, from",mind,sub,helon,1,4
"AMOROUS, contradiction, from","MIND - AMOROUS - contradiction, from",mind,sub,hura,1,4
"AMOROUS, contradiction, from","MIND - AMOROUS - contradiction, from",mind,sub,ign,2,4
"AMOROUS, contradiction, from","MIND - AMOROUS - contradiction, from",mind,sub,lyc,2,4
"AMOROUS, contradiction, from","MIND - AMOROUS - contradiction, from",mind,sub,merc,1,4
"AMOROUS, contradiction, from","MIND - AMOROUS - contradiction, from",mind,sub,nat-c,1,4
"AMOROUS, contradiction, from","MIND - AMOROUS - contradiction, from",mind,sub,nicc,1,4
"AMOROUS, contradiction, from","MIND - AMOROUS - contradiction, from",mind,sub,nux-v,1,4
"AMOROUS, contradiction, from","MIND - AMOROUS - contradiction, from",mind,sub,olnd,1,4
"AMOROUS, contradiction, from","MIND - AMOROUS - contradiction, from",mind,sub,op,1,4
"AMOROUS, contradiction, from","MIND - AMOROUS - contradiction, from",mind,sub,petr,1,4
"AMOROUS, contradiction, from","MIND - AMOROUS - contradiction, from",mind,sub,sep,2,4
"AMOROUS, contradiction, from","MIND - AMOROUS - contradiction, from",mind,sub,sil,1,4
"AMOROUS, contradiction, from","MIND - AMOROUS - contradiction, from",mind,sub,staph,1,4
"AMOROUS, contradiction, from","MIND - AMOROUS - contradiction, from",mind,sub,tarent,1,4
"AMOROUS, contradiction, from","MIND - AMOROUS - contradiction, from",mind,sub,thuj,1,4
"AMOROUS, contradiction, from","MIND - AMOROUS - contradiction, from",mind,sub,til,1,4
"AMOROUS, convulsion, before","MIND - AMOROUS - convulsion, before",mind,sub,bufo,2,4
"AMOROUS, cough, before","MIND - AMOROUS - cough, before",mind,sub,bell,2,4
"AMOROUS, cough, before","MIND - AMOROUS - cough, before",mind,sub,cina,1,4
"AMOROUS, from the",MIND - AMOROUS - from the,mind,sub,acon,2,4
"AMOROUS, from the",MIND - AMOROUS - from the,mind,sub,ant-t,1,4
"AMOROUS, from the",MIND - AMOROUS - from the,mind,sub,arn,1,4
"AMOROUS, from the",MIND - AMOROUS - from the,mind,sub,bell,1,4
"AMOROUS, from the",MIND - AMOROUS - from the,mind,sub,cham,1,4
"AMOROUS, former vexations, about","MIND - AMOROUS - former vexations, about",mind,sub,calc,2,4
"AMOROUS, former vexations, about","MIND - AMOROUS - former vexations, about",mind,sub,carb-an,1,4
"AMOROUS, former vexations, about","MIND - AMOROUS - former vexations, about",mind,sub,sep,1,4
"AMOROUS, interruption, from","MIND - AMOROUS - interruption, from",mind,sub,cham,2,4
"AMOROUS, interruption, from","MIND - AMOROUS - interruption, from",mind,sub,cocc,1,4
"AMOROUS, interruption, from","MIND - AMOROUS - interruption, from",mind,sub,nux-v,1,4
"AMOROUS, mistakes, over his","MIND - AMOROUS - mistakes, over his",mind,sub,nit-ac,2,4
"AMOROUS, mistakes, over his","MIND - AMOROUS - mistakes, over his",mind,sub,staph,1,4
"AMOROUS, mistakes, over his","MIND - AMOROUS - mistakes, over his",mind,sub,sulph,1,4
"AMOROUS, misunderstood, when","MIND - AMOROUS - misunderstood, when",mind,sub,bufo,2,4
"AMOROUS, past events, about","MIND - AMOROUS - past events, about",mind,sub,calc,2,4
"AMOROUS, past events, about","MIND - AMOROUS - past events, about",mind,sub,carb-an,1,4
"AMOROUS, past events, about","MIND - AMOROUS - past events, about",mind,sub,sep,1,4
"AMOROUS, stabbed, so that he could have any one","MIND - AMOROUS - stabbed, so that he could have any one",mind,sub,chin,2,4
"AMOROUS, stabbed, so that he could have any one","MIND - AMOROUS - stabbed, so that he could have any one",mind,sub,hep,2,4
"AMOROUS, stabbed, so that he could have any one","MIND - AMOROUS - stabbed, so that he could have any one",mind,sub,merc,1,4
"AMOROUS, stabbed, so that he could have any one","MIND - AMOROUS - stabbed, so that he could have any one",mind,sub,nux-v,1,4
"AMOROUS, stabbed, so that he could have any one","MIND - AMOROUS - stabbed, so that he could have any one",mind,sub,sep,1,4
"AMOROUS, suppressed, from","MIND - AMOROUS - suppressed, from",mind,sub,aur,2,4
"AMOROUS, suppressed, from","MIND - AMOROUS - suppressed, from",mind,sub,cham,1,4
"AMOROUS, suppressed, from","MIND - AMOROUS - suppressed, from",mind,sub,ign,1,4
"AMOROUS, suppressed, from","MIND - AMOROUS - suppressed, from",mind,sub,sep,1,4
"AMOROUS, suppressed, from","MIND - AMOROUS - suppressed, from",mind,sub,staph,2,4
"AMOROUS, thinking of his ailments",MIND - AMOROUS - thinking of his ailments,mind,sub,aur-m,2,4
"AMOROUS, throws things away",MIND - AMOROUS - throws things away,mind,sub,staph,2,4
"AMOROUS, touched, when","MIND - AMOROUS - touched, when",mind,sub,ant-c,2,4
"AMOROUS, touched, when","MIND - AMOROUS - touched, when",mind,sub,iod,1,4
"AMOROUS, touched, when","MIND - AMOROUS - touched, when",mind,sub,tarent,2,4
"AMOROUS, trembling, with","MIND - AMOROUS - trembling, with",mind,sub,ambr,2,4
"AMOROUS, trembling, with","MIND - AMOROUS - trembling, with",mind,sub,arg-n,1,4
"AMOROUS, trembling, with","MIND - AMOROUS - trembling, with",mind,sub,aur,1,4
"AMOROUS, trembling, with","MIND - AMOROUS - trembling, with",mind,sub,chel,1,4
"AMOROUS, trembling, with","MIND - AMOROUS - trembling, with",mind,sub,cop,1,4
"AMOROUS, trembling, with","MIND - AMOROUS - trembling, with",mind,sub,daph,1,4
"AMOROUS, trembling, with","MIND - AMOROUS - trembling, with",mind,sub,ferr-p,1,4
"AMOROUS, trembling, with","MIND - AMOROUS - trembling, with",mind,sub,nit-ac,1,4
"AMOROUS, trembling, with","MIND - AMOROUS - trembling, with",mind,sub,pall,1,4
"AMOROUS, trembling, with","MIND - AMOROUS - trembling, with",mind,sub,phos,1,4
"AMOROUS, trembling, with","MIND - AMOROUS - trembling, with",mind,sub,sep,1,4
"AMOROUS, trembling, with","MIND - AMOROUS - trembling, with",mind,sub,anger,3,4
"AMOROUS, trembling, with","MIND - AMOROUS - trembling, with",mind,sub,continued,1,4
"AMOROUS, violent",MIND - AMOROUS - violent,mind,sub,acon,2,4
"AMOROUS, violent",MIND - AMOROUS - violent,mind,sub,anac,2,4
"AMOROUS, violent",MIND - AMOROUS - violent,mind,sub,apis,1,4
"AMOROUS, violent",MIND - AMOROUS - violent,mind,sub,ars,1,4
"AMOROUS, violent",MIND - AMOROUS - violent,mind,sub,aur,2,4
"AMOROUS, violent",MIND - AMOROUS - violent,mind,sub,bar-c,1,4
"AMOROUS, violent",MIND - AMOROUS - violent,mind,sub,bell,1,4
"AMOROUS, violent",MIND - AMOROUS - violent,mind,sub,bry,1,4
"AMOROUS, violent",MIND - AMOROUS - violent,mind,sub,cahin,1,4
"AMOROUS, violent",MIND - AMOROUS - violent,mind,sub,calc,1,4
"AMOROUS, violent",MIND - AMOROUS - violent,mind,sub,carb-s,1,4
"AMOROUS, violent",MIND - AMOROUS - violent,mind,sub,carb-v,1,4
"AMOROUS, violent",MIND - AMOROUS - violent,mind,sub,cham,2,4
"AMOROUS, violent",MIND - AMOROUS - violent,mind,sub,coff,1,4
"AMOROUS, violent",MIND - AMOROUS - violent,mind,sub,ferr-p,1,4
"AMOROUS, violent",MIND - AMOROUS - violent,mind,sub,graph,1,4
"AMOROUS, violent",MIND - AMOROUS - violent,mind,sub,grat,1,4
"AMOROUS, violent",MIND - AMOROUS - violent,mind,sub,hep,2,4
"AMOROUS, violent",MIND - AMOROUS - violent,mind,sub,hyos,1,4
"AMOROUS, violent",MIND - AMOROUS - violent,mind,sub,ign,1,4
"AMOROUS, violent",MIND - AMOROUS - violent,mind,sub,kali-i,1,4
"AMOROUS, violent",MIND - AMOROUS - violent,mind,sub,lach,1,4
"AMOROUS, violent",MIND - AMOROUS - violent,mind,sub,nat-m,2,4
"AMOROUS, violent",MIND - AMOROUS - violent,mind,sub,nit-ac,2,4
"AMOROUS, violent",MIND - AMOROUS - violent,mind,sub,nux-v,2,4
"AMOROUS, violent",MIND - AMOROUS - violent,mind,sub,op,1,4
"AMOROUS, violent",MIND - AMOROUS - violent,mind,sub,petr,1,4
"AMOROUS, violent",MIND - AMOROUS - violent,mind,sub,phos,1,4
"AMOROUS, violent",MIND - AMOROUS - violent,mind,sub,sep,1,4
"AMOROUS, violent",MIND - AMOROUS - violent,mind,sub,staph,2,4
"AMOROUS, violent",MIND - AMOROUS - violent,mind,sub,sulph,1,4
"AMOROUS, violent",MIND - AMOROUS - violent,mind,sub,tarent,2,4
"AMOROUS, violent",MIND - AMOROUS - violent,mind,sub,verat,1,4
"AMOROUS, violent",MIND - AMOROUS - violent,mind,sub,zinc,1,4
"AMOROUS, voices of people",MIND - AMOROUS - voices of people,mind,sub,con,2,4
"AMOROUS, voices of people",MIND - AMOROUS - voices of people,mind,sub,teucr,1,4
"AMOROUS, voices of people",MIND - AMOROUS - voices of people,mind,sub,zinc,1,4
ANGUISH,MIND - ANGUISH,mind,main,acet-ac,2,5
ANGUISH,MIND - ANGUISH,mind,main,acon,2,5
ANGUISH,MIND - ANGUISH,mind,main,zth,1,5
ANGUISH,MIND - ANGUISH,mind,main,aloe,1,5
ANGUISH,MIND - ANGUISH,mind,main,alum,1,5
ANGUISH,MIND - ANGUISH,mind,main,ambr,1,5
ANGUISH,MIND - ANGUISH,mind,main,anac,1,5
ANGUISH,MIND - ANGUISH,mind,main,ant-t,1,5
ANGUISH,MIND - ANGUISH,mind,main,apis,1,5
ANGUISH,MIND - ANGUISH,mind,main,arg-n,1,5
ANGUISH,MIND - ANGUISH,mind,main,arn,1,5
ANGUISH,MIND - ANGUISH,mind,main,ars,2,5
ANGUISH,MIND - ANGUISH,mind,main,aur,1,5
ANGUISH,MIND - ANGUISH,mind,main,bism,1,5
ANGUISH,MIND - ANGUISH,mind,main,bell,2,5
ANGUISH,MIND - ANGUISH,mind,main,bov,1,5
ANGUISH,MIND - ANGUISH,mind,main,bufo,1,5
ANGUISH,MIND - ANGUISH,mind,main,cedr,1,5
ANGUISH,MIND - ANGUISH,mind,main,coff,1,5
ANGUISH,MIND - ANGUISH,mind,main,colch,1,5
ANGUISH,MIND - ANGUISH,mind,main,crot-c,1,5
ANGUISH,MIND - ANGUISH,mind,main,crot-h,1,5
ANGUISH,MIND - ANGUISH,mind,main,cupr,1,5
ANGUISH,MIND - ANGUISH,mind,main,caust,2,5
ANGUISH,MIND - ANGUISH,mind,main,der,1,5
ANGUISH,MIND - ANGUISH,mind,main,dig,2,5
ANGUISH,MIND - ANGUISH,mind,main,graph,1,5
ANGUISH,MIND - ANGUISH,mind,main,hep,2,5
ANGUISH,MIND - ANGUISH,mind,main,hyos,1,5
ANGUISH,MIND - ANGUISH,mind,main,kali-ar,1,5
ANGUISH,MIND - ANGUISH,mind,main,kali-i,1,5
ANGUISH,MIND - ANGUISH,mind,main,mag-c,1,5
ANGUISH,MIND - ANGUISH,mind,main,mur-ac,1,5
ANGUISH,MIND - ANGUISH,mind,main,naja,1,5
ANGUISH,MIND - ANGUISH,mind,main,nat-c,1,5
ANGUISH,MIND - ANGUISH,mind,main,phos,2,5
ANGUISH,MIND - ANGUISH,mind,main,plat,2,5
ANGUISH,MIND - ANGUISH,mind,main,psor,1,5
ANGUISH,MIND - ANGUISH,mind,main,puls,1,5
ANGUISH,MIND - ANGUISH,mind,main,sep,1,5
ANGUISH,MIND - ANGUISH,mind,main,tarent,1,5
ANGUISH,MIND - ANGUISH,mind,main,tril,1,5
ANGUISH,MIND - ANGUISH,mind,main,verat,1,5
ANGUISH,MIND - ANGUISH,mind,main,vip,1,5
"ANGUISH, daytime",MIND - ANGUISH - daytime,mind,sub,graph,2,5
"ANGUISH, daytime",MIND - ANGUISH - daytime,mind,sub,mag-c,1,5
"ANGUISH, daytime",MIND - ANGUISH - daytime,mind,sub,merc,1,5
"ANGUISH, daytime",MIND - ANGUISH - daytime,mind,sub,murx,1,5
"ANGUISH, daytime",MIND - ANGUISH - daytime,mind,sub,nat-c,1,5
"ANGUISH, daytime",MIND - ANGUISH - daytime,mind,sub,psor,1,5
"ANGUISH, daytime",MIND - ANGUISH - daytime,mind,sub,puls,1,5
"ANGUISH, daytime",MIND - ANGUISH - daytime,mind,sub,stann,1,5
"ANGUISH, morning",MIND - ANGUISH - morning,mind,sub,alum,2,5
"ANGUISH, morning",MIND - ANGUISH - morning,mind,sub,calc,1,5
"ANGUISH, morning",MIND - ANGUISH - morning,mind,sub,nux-v,1,5
"ANGUISH, morning",MIND - ANGUISH - morning,mind,sub,puls,1,5
"ANGUISH, morning",MIND - ANGUISH - morning,mind,sub,verat,1,5
"ANGUISH, forenoon",MIND - ANGUISH - forenoon,mind,sub,nicc,2,5
"ANGUISH, forenoon",MIND - ANGUISH - forenoon,mind,sub,ran-b,1,5
"ANGUISH, forenoon",MIND - ANGUISH - forenoon,mind,sub,rhus-t,1,5
"ANGUISH, evening",MIND - ANGUISH - evening,mind,sub,ambr,2,5
"ANGUISH, evening",MIND - ANGUISH - evening,mind,sub,carb-v,1,5
"ANGUISH, evening",MIND - ANGUISH - evening,mind,sub,mur-ac,1,5
"ANGUISH, evening",MIND - ANGUISH - evening,mind,sub,phos,1,5
"ANGUISH, night",MIND - ANGUISH - night,mind,sub,ambr,2,5
"ANGUISH, night",MIND - ANGUISH - night,mind,sub,arn,1,5
"ANGUISH, night",MIND - ANGUISH - night,mind,sub,nat-s,1,5
"ANGUISH, night",MIND - ANGUISH - night,mind,sub,nux-v,1,5
"ANGUISH, night",MIND - ANGUISH - night,mind,sub,plan,1,5
"ANGUISH, night",MIND - ANGUISH - night,mind,sub,alum,2,5
"ANGUISH, chill, during","MIND - ANGUISH - chill, during",mind,sub,arn,2,5
"ANGUISH, driving from place to place",MIND - ANGUISH - driving from place to place,mind,sub,ars,2,5
"ANGUISH, eating, while","MIND - ANGUISH - eating, while",mind,sub,sep,2,5
"ANGUISH, heat, during","MIND - ANGUISH - heat, during",mind,sub,graph,2,5
"ANGUISH, menses, before","MIND - ANGUISH - menses, before",mind,sub,graph,2,5
"ANGUISH, menses, during","MIND - ANGUISH - menses, during",mind,sub,bell,2,5
"ANGUISH, menses, during","MIND - ANGUISH - menses, during",mind,sub,calc,1,5
"ANGUISH, menses, during","MIND - ANGUISH - menses, during",mind,sub,coff,1,5
"ANGUISH, menses, during","MIND - ANGUISH - menses, during",mind,sub,ign,1,5
"ANGUISH, menses, during","MIND - ANGUISH - menses, during",mind,sub,merc,1,5
"ANGUISH, menses, during","MIND - ANGUISH - menses, during",mind,sub,nit-ac,1,5
"ANGUISH, menses, during","MIND - ANGUISH - menses, during",mind,sub,phos,1,5
"ANGUISH, menses, during","MIND - ANGUISH - menses, during",mind,sub,stann,1,5
"ANGUISH, menses, during","MIND - ANGUISH - menses, during",mind,sub,xan,1,5
"ANGUISH, open air amel",MIND - ANGUISH - open air amel,mind,sub,cann-i,2,5
"ANGUISH, perspiration during",MIND - ANGUISH - perspiration during,mind,sub,arn,2,5
"ANGUISH, stool, before","MIND - ANGUISH - stool, before",mind,sub,acon,2,5
"ANGUISH, stool, before","MIND - ANGUISH - stool, before",mind,sub,merc,1,5
"ANGUISH, stool, before","MIND - ANGUISH - stool, before",mind,sub,poth,1,5
"ANGUISH, stool, before","MIND - ANGUISH - stool, before",mind,sub,verat,1,5
"ANGUISH, stool, during","MIND - ANGUISH - stool, during",mind,sub,mertc,2,5
"ANGUISH, stool, during","MIND - ANGUISH - stool, during",mind,sub,verat,1,5
"ANGUISH, walking in open air",MIND - ANGUISH - walking in open air,mind,sub,arg-m,2,5
"ANGUISH, walking in open air",MIND - ANGUISH - walking in open air,mind,sub,arg-n,1,5
"ANGUISH, walking in open air",MIND - ANGUISH - walking in open air,mind,sub,bell,1,5
"ANGUISH, walking in open air",MIND - ANGUISH - walking in open air,mind,sub,canth,1,5
"ANGUISH, walking in open air",MIND - ANGUISH - walking in open air,mind,sub,cina,1,5
"ANGUISH, walking in open air",MIND - ANGUISH - walking in open air,mind,sub,plat,1,5
"ANGUISH, walking in open air",MIND - ANGUISH - walking in open air,mind,sub,tab,1,5
"ANGUISH, abruptly, shortly, curtly","MIND - ANGUISH - abruptly, shortly, curtly",mind,sub,ars,2,6
"ANGUISH, abruptly, shortly, curtly","MIND - ANGUISH - abruptly, shortly, curtly",mind,sub,ars-h,1,6
"ANGUISH, abruptly, shortly, curtly","MIND - ANGUISH - abruptly, shortly, curtly",mind,sub,cic,1,6
"ANGUISH, abruptly, shortly, curtly","MIND - ANGUISH - abruptly, shortly, curtly",mind,sub,coff,1,6
"ANGUISH, abruptly, shortly, curtly","MIND - ANGUISH - abruptly, shortly, curtly",mind,sub,gels,1,6
"ANGUISH, abruptly, shortly, curtly","MIND - ANGUISH - abruptly, shortly, curtly",mind,sub,hyos,1,6
"ANGUISH, abruptly, shortly, curtly","MIND - ANGUISH - abruptly, shortly, curtly",mind,sub,jatr,1,6
"ANGUISH, abruptly, shortly, curtly","MIND - ANGUISH - abruptly, shortly, curtly",mind,sub,mur-ac,1,6
"ANGUISH, abruptly, shortly, curtly","MIND - ANGUISH - abruptly, shortly, curtly",mind,sub,phos,1,6
"ANGUISH, abruptly, shortly, curtly","MIND - ANGUISH - abruptly, shortly, curtly",mind,sub,plb,1,6
"ANGUISH, abruptly, shortly, curtly","MIND - ANGUISH - abruptly, shortly, curtly",mind,sub,rhus-t,1,6
"ANGUISH, abruptly, shortly, curtly","MIND - ANGUISH - abruptly, shortly, curtly",mind,sub,sep,1,6
"ANGUISH, abruptly, shortly, curtly","MIND - ANGUISH - abruptly, shortly, curtly",mind,sub,sin-a,1,6
"ANGUISH, abruptly, shortly, curtly","MIND - ANGUISH - abruptly, shortly, curtly",mind,sub,stann,1,6
"ANGUISH, abruptly, shortly, curtly","MIND - ANGUISH - abruptly, shortly, curtly",mind,sub,sulph,2,6
"ANGUISH, abruptly, shortly, curtly","MIND - ANGUISH - abruptly, shortly, curtly",mind,sub,tarent,1,6
"ANGUISH, aversion to",MIND - ANGUISH - aversion to,mind,sub,agar,2,6
"ANGUISH, aversion to",MIND - ANGUISH - aversion to,mind,sub,alum,1,6
"ANGUISH, aversion to",MIND - ANGUISH - aversion to,mind,sub,ambr,1,6
"ANGUISH, aversion to",MIND - ANGUISH - aversion to,mind,sub,am-c,1,6
"ANGUISH, aversion to",MIND - ANGUISH - aversion to,mind,sub,anac,1,6
"ANGUISH, aversion to",MIND - ANGUISH - aversion to,mind,sub,ang,1,6
"ANGUISH, aversion to",MIND - ANGUISH - aversion to,mind,sub,ars-i,1,6
"ANGUISH, aversion to",MIND - ANGUISH - aversion to,mind,sub,atro,1,6
"ANGUISH, aversion to",MIND - ANGUISH - aversion to,mind,sub,aur,1,6
"ANGUISH, aversion to",MIND - ANGUISH - aversion to,mind,sub,cact,1,6
"ANGUISH, aversion to",MIND - ANGUISH - aversion to,mind,sub,calc-s,1,6
"ANGUISH, aversion to",MIND - ANGUISH - aversion to,mind,sub,carb-h,1,6
"ANGUISH, aversion to",MIND - ANGUISH - aversion to,mind,sub,caust,1,6
"ANGUISH, aversion to",MIND - ANGUISH - aversion to,mind,sub,chin,1,6
"ANGUISH, aversion to",MIND - ANGUISH - aversion to,mind,sub,chin-t,1,6
"ANGUISH, aversion to",MIND - ANGUISH - aversion to,mind,sub,cimic,1,6
"ANGUISH, aversion to",MIND - ANGUISH - aversion to,mind,sub,cocc,1,6
"ANGUISH, aversion to",MIND - ANGUISH - aversion to,mind,sub,coff,1,6
"ANGUISH, aversion to",MIND - ANGUISH - aversion to,mind,sub,coloc,1,6
"ANGUISH, aversion to",MIND - ANGUISH - aversion to,mind,sub,con,1,6
"ANGUISH, aversion to",MIND - ANGUISH - aversion to,mind,sub,cupr,1,6
"ANGUISH, aversion to",MIND - ANGUISH - aversion to,mind,sub,euphr,1,6
"ANGUISH, aversion to",MIND - ANGUISH - aversion to,mind,sub,glon,2,6
"ANGUISH, aversion to",MIND - ANGUISH - aversion to,mind,sub,hyos,2,6
"ANGUISH, aversion to",MIND - ANGUISH - aversion to,mind,sub,iod,1,6
"ANGUISH, aversion to",MIND - ANGUISH - aversion to,mind,sub,kali-ar,1,6
"ANGUISH, aversion to",MIND - ANGUISH - aversion to,mind,sub,kali-c,1,6
"ANGUISH, aversion to",MIND - ANGUISH - aversion to,mind,sub,kali-i,1,6
"ANGUISH, aversion to",MIND - ANGUISH - aversion to,mind,sub,lach,1,6
"ANGUISH, aversion to",MIND - ANGUISH - aversion to,mind,sub,lyc,1,6
"ANGUISH, aversion to",MIND - ANGUISH - aversion to,mind,sub,mag-c,1,6
"ANGUISH, aversion to",MIND - ANGUISH - aversion to,mind,sub,mez,1,6
"ANGUISH, aversion to",MIND - ANGUISH - aversion to,mind,sub,nux-v,2,6
"ANGUISH, aversion to",MIND - ANGUISH - aversion to,mind,sub,op,1,6
"ANGUISH, aversion to",MIND - ANGUISH - aversion to,mind,sub,ph-ac,1,6
"ANGUISH, aversion to",MIND - ANGUISH - aversion to,mind,sub,phos,1,6
"ANGUISH, aversion to",MIND - ANGUISH - aversion to,mind,sub,puls,1,6
"ANGUISH, aversion to",MIND - ANGUISH - aversion to,mind,sub,rhus-t,1,6
"ANGUISH, aversion to",MIND - ANGUISH - aversion to,mind,sub,sabad,1,6
"ANGUISH, aversion to",MIND - ANGUISH - aversion to,mind,sub,sec,1,6
"ANGUISH, aversion to",MIND - ANGUISH - aversion to,mind,sub,spong,1,6
"ANGUISH, aversion to",MIND - ANGUISH - aversion to,mind,sub,stann,1,6
"ANGUISH, aversion to",MIND - ANGUISH - aversion to,mind,sub,stram,1,6
"ANGUISH, aversion to",MIND - ANGUISH - aversion to,mind,sub,stry,1,6
"ANGUISH, aversion to",MIND - ANGUISH - aversion to,mind,sub,sulph,1,6
"ANGUISH, aversion to",MIND - ANGUISH - aversion to,mind,sub,sul-ac,1,6
"ANGUISH, aversion to",MIND - ANGUISH - aversion to,mind,sub,tab,1,6
"ANGUISH, aversion to",MIND - ANGUISH - aversion to,mind,sub,tarent,1,6
"ANGUISH, aversion to",MIND - ANGUISH - aversion to,mind,sub,verat,1,6
"ANGUISH, aversion to",MIND - ANGUISH - aversion to,mind,sub,vib,1,6
"ANGUISH, morning",MIND - ANGUISH - morning,mind,sub,mag-m,2,6
"ANGUISH, loquacious at other times",MIND - ANGUISH - loquacious at other times,mind,sub,cimic,2,6
"ANGUISH, sings, talks, but will not answer questions","MIND - ANGUISH - sings, talks, but will not answer questions",mind,sub,agar,2,6
"ANGUISH, confusedly as though thinking of something else",MIND - ANGUISH - confusedly as though thinking of something else,mind,sub,bar-m,2,6
"ANGUISH, confusedly as though thinking of something else",MIND - ANGUISH - confusedly as though thinking of something else,mind,sub,hell,1,6
"ANGUISH, confusedly as though thinking of something else",MIND - ANGUISH - confusedly as though thinking of something else,mind,sub,mosch,1,6
"ANGUISH, difficult",MIND - ANGUISH - difficult,mind,sub,chlol,2,6
"ANGUISH, difficult",MIND - ANGUISH - difficult,mind,sub,phos,1,6
"ANGUISH, difficult",MIND - ANGUISH - difficult,mind,sub,sulph,1,6
"ANGUISH, difficult",MIND - ANGUISH - difficult,mind,sub,sul-ac,1,6
"ANGUISH, difficult",MIND - ANGUISH - difficult,mind,sub,verat,1,6
"ANGUISH, disconnected",MIND - ANGUISH - disconnected,mind,sub,coff,2,6
"ANGUISH, disconnected",MIND - ANGUISH - disconnected,mind,sub,crot-h,1,6
"ANGUISH, disconnected",MIND - ANGUISH - disconnected,mind,sub,kali-br,1,6
"ANGUISH, disconnected",MIND - ANGUISH - disconnected,mind,sub,phos,1,6
"ANGUISH, disconnected",MIND - ANGUISH - disconnected,mind,sub,stram,1,6
"ANGUISH, disconnected",MIND - ANGUISH - disconnected,mind,sub,strych,1,6
"ANGUISH, foolish",MIND - ANGUISH - foolish,mind,sub,ars,2,6
"ANGUISH, foolish",MIND - ANGUISH - foolish,mind,sub,bell,1,6
"ANGUISH, hastily",MIND - ANGUISH - hastily,mind,sub,ars,2,6
"ANGUISH, hastily",MIND - ANGUISH - hastily,mind,sub,bell,1,6
"ANGUISH, hastily",MIND - ANGUISH - hastily,mind,sub,bry,1,6
"ANGUISH, hastily",MIND - ANGUISH - hastily,mind,sub,cimic,1,6
"ANGUISH, hastily",MIND - ANGUISH - hastily,mind,sub,cocc,1,6
"ANGUISH, hastily",MIND - ANGUISH - hastily,mind,sub,hep,1,6
"ANGUISH, hastily",MIND - ANGUISH - hastily,mind,sub,lach,1,6
"ANGUISH, hastily",MIND - ANGUISH - hastily,mind,sub,yc,1,6
"ANGUISH, hastily",MIND - ANGUISH - hastily,mind,sub,rhus-t,1,6
"ANGUISH, hastily",MIND - ANGUISH - hastily,mind,sub,strych,1,6
"ANGUISH, imaginary questions",MIND - ANGUISH - imaginary questions,mind,sub,atro,2,6
"ANGUISH, imaginary questions",MIND - ANGUISH - imaginary questions,mind,sub,hyos,1,6
"ANGUISH, imaginary questions",MIND - ANGUISH - imaginary questions,mind,sub,plb,1,6
"ANGUISH, imaginary questions",MIND - ANGUISH - imaginary questions,mind,sub,stram,1,6
"ANGUISH, imaginary questions",MIND - ANGUISH - imaginary questions,mind,sub,verat,1,6
"ANGUISH, incoherently",MIND - ANGUISH - incoherently,mind,sub,bell,2,6
"ANGUISH, incoherently",MIND - ANGUISH - incoherently,mind,sub,cann-1,1,6
"ANGUISH, incoherently",MIND - ANGUISH - incoherently,mind,sub,chlol,1,6
"ANGUISH, incoherently",MIND - ANGUISH - incoherently,mind,sub,coff-t,1,6
"ANGUISH, incoherently",MIND - ANGUISH - incoherently,mind,sub,cycl,1,6
"ANGUISH, incoherently",MIND - ANGUISH - incoherently,mind,sub,hyos,1,6
"ANGUISH, incoherently",MIND - ANGUISH - incoherently,mind,sub,stram,1,6
"ANGUISH, incoherently",MIND - ANGUISH - incoherently,mind,sub,valer,1,6
"ANGUISH, incorrectly",MIND - ANGUISH - incorrectly,mind,sub,bell,2,6
"ANGUISH, incorrectly",MIND - ANGUISH - incorrectly,mind,sub,carb-v,1,6
"ANGUISH, incorrectly",MIND - ANGUISH - incorrectly,mind,sub,cham,1,6
"ANGUISH, incorrectly",MIND - ANGUISH - incorrectly,mind,sub,hyos,1,6
"ANGUISH, incorrectly",MIND - ANGUISH - incorrectly,mind,sub,merc,1,6
"ANGUISH, incorrectly",MIND - ANGUISH - incorrectly,mind,sub,phos,1,6
"ANGUISH, incorrectly",MIND - ANGUISH - incorrectly,mind,sub,spong,1,6
"ANGUISH, incorrectly",MIND - ANGUISH - incorrectly,mind,sub,verat,1,6
"ANGUISH, irrelevantly",MIND - ANGUISH - irrelevantly,mind,sub,bell,2,6
"ANGUISH, irrelevantly",MIND - ANGUISH - irrelevantly,mind,sub,carb-v,1,6
"ANGUISH, irrelevantly",MIND - ANGUISH - irrelevantly,mind,sub,cimic,1,6
"ANGUISH, irrelevantly",MIND - ANGUISH - irrelevantly,mind,sub,hyos,1,6
"ANGUISH, irrelevantly",MIND - ANGUISH - irrelevantly,mind,sub,led,1,6
"ANGUISH, irrelevantly",MIND - ANGUISH - irrelevantly,mind,sub,lyss,1,6
"ANGUISH, irrelevantly",MIND - ANGUISH - irrelevantly,mind,sub,nux-m,1,6
"ANGUISH, irrelevantly",MIND - ANGUISH - irrelevantly,mind,sub,nux-v,1,6
"ANGUISH, irrelevantly",MIND - ANGUISH - irrelevantly,mind,sub,petr,1,6
"ANGUISH, irrelevantly",MIND - ANGUISH - irrelevantly,mind,sub,ph-ac,1,6
"ANGUISH, irrelevantly",MIND - ANGUISH - irrelevantly,mind,sub,phos,2,6
"ANGUISH, irrelevantly",MIND - ANGUISH - irrelevantly,mind,sub,sabad,1,6
"ANGUISH, irrelevantly",MIND - ANGUISH - irrelevantly,mind,sub,sec,1,6
"ANGUISH, irrelevantly",MIND - ANGUISH - irrelevantly,mind,sub,stram,1,6
"ANGUISH, irrelevantly",MIND - ANGUISH - irrelevantly,mind,sub,sulph,2,6
"ANGUISH, irrelevantly",MIND - ANGUISH - irrelevantly,mind,sub,sul-ac,1,6
"ANGUISH, irrelevantly",MIND - ANGUISH - irrelevantly,mind,sub,tarent,1,6
"ANGUISH, irrelevantly",MIND - ANGUISH - irrelevantly,mind,sub,valer,1,6
"ANGUISH, monosyllable",MIND - ANGUISH - monosyllable,mind,sub,carb-h,2,6
"ANGUISH, monosyllable",MIND - ANGUISH - monosyllable,mind,sub,calc,1,6
"ANGUISH, monosyllable",MIND - ANGUISH - monosyllable,mind,sub,gels,1,6
"ANGUISH, monosyllable",MIND - ANGUISH - monosyllable,mind,sub,kali-br,1,6
"ANGUISH, monosyllable",MIND - ANGUISH - monosyllable,mind,sub,ph-ac,1,6
"ANGUISH, monosyllable",MIND - ANGUISH - monosyllable,mind,sub,plb,1,6
"ANGUISH, monosyllable",MIND - ANGUISH - monosyllable,mind,sub,puls,1,6
"ANGUISH, monosyllable",MIND - ANGUISH - monosyllable,mind,sub,sep,1,6
"ANGUISH, monosyllable",MIND - ANGUISH - monosyllable,mind,sub,all,1,6
"ANGUISH, monosyllable",MIND - ANGUISH - monosyllable,mind,sub,questions,1,6
"ANGUISH, monosyllable",MIND - ANGUISH - monosyllable,mind,sub,crot-c,2,6
"ANGUISH, monosyllable",MIND - ANGUISH - monosyllable,mind,sub,hyos,1,6
"ANGUISH, reflects long",MIND - ANGUISH - reflects long,mind,sub,anac,2,6
"ANGUISH, reflects long",MIND - ANGUISH - reflects long,mind,sub,cocc,1,6
"ANGUISH, reflects long",MIND - ANGUISH - reflects long,mind,sub,cupr,1,6
"ANGUISH, reflects long",MIND - ANGUISH - reflects long,mind,sub,grat,1,6
"ANGUISH, reflects long",MIND - ANGUISH - reflects long,mind,sub,hell,2,6
"ANGUISH, reflects long",MIND - ANGUISH - reflects long,mind,sub,nux-m,1,6
"ANGUISH, reflects long",MIND - ANGUISH - reflects long,mind,sub,phos,1,6
"ANGUISH, reflects long",MIND - ANGUISH - reflects long,mind,sub,stry,1,6
"ANGUISH, reflects long",MIND - ANGUISH - reflects long,mind,sub,zinc,1,6
"ANGUISH, refuses to",MIND - ANGUISH - refuses to,mind,sub,agar,2,6
"ANGUISH, refuses to",MIND - ANGUISH - refuses to,mind,sub,ambr,1,6
"ANGUISH, refuses to",MIND - ANGUISH - refuses to,mind,sub,arn,1,6
"ANGUISH, refuses to",MIND - ANGUISH - refuses to,mind,sub,ars,1,6
"ANGUISH, refuses to",MIND - ANGUISH - refuses to,mind,sub,bell,1,6
"ANGUISH, refuses to",MIND - ANGUISH - refuses to,mind,sub,camph,1,6
"ANGUISH, refuses to",MIND - ANGUISH - refuses to,mind,sub,caust,1,6
"ANGUISH, refuses to",MIND - ANGUISH - refuses to,mind,sub,chin,1,6
"ANGUISH, refuses to",MIND - ANGUISH - refuses to,mind,sub,chin-a,1,6
"ANGUISH, refuses to",MIND - ANGUISH - refuses to,mind,sub,cimic,1,6
"ANGUISH, refuses to",MIND - ANGUISH - refuses to,mind,sub,hel,1,6
"ANGUISH, refuses to",MIND - ANGUISH - refuses to,mind,sub,hyos,1,6
"ANGUISH, refuses to",MIND - ANGUISH - refuses to,mind,sub,lach,1,6
"ANGUISH, refuses to",MIND - ANGUISH - refuses to,mind,sub,led,1,6
"ANGUISH, refuses to",MIND - ANGUISH - refuses to,mind,sub,lyss,1,6
"ANGUISH, refuses to",MIND - ANGUISH - refuses to,mind,sub,nux-m,1,6
"ANGUISH, refuses to",MIND - ANGUISH - refuses to,mind,sub,nux-v,1,6
"ANGUISH, refuses to",MIND - ANGUISH - refuses to,mind,sub,petr,1,6
"ANGUISH, refuses to",MIND - ANGUISH - refuses to,mind,sub,ph-ac,1,6
"ANGUISH, refuses to",MIND - ANGUISH - refuses to,mind,sub,phos,2,6
"ANGUISH, refuses to",MIND - ANGUISH - refuses to,mind,sub,sabad,1,6
"ANGUISH, refuses to",MIND - ANGUISH - refuses to,mind,sub,sec,1,6
"ANGUISH, refuses to",MIND - ANGUISH - refuses to,mind,sub,stram,1,6
"ANGUISH, refuses to",MIND - ANGUISH - refuses to,mind,sub,sw,1,6
"ANGUISH, refuses to",MIND - ANGUISH - refuses to,mind,sub,ac,1,6
"ANGUISH, refuses to",MIND - ANGUISH - refuses to,mind,sub,verat,1,6
"ANGUISH, repeats the question first",MIND - ANGUISH - repeats the question first,mind,sub,ambr,2,6
"ANGUISH, repeats the question first",MIND - ANGUISH - repeats the question first,mind,sub,caust,1,6
"ANGUISH, repeats the question first",MIND - ANGUISH - repeats the question first,mind,sub,kali-br,1,6
"ANGUISH, repeats the question first",MIND - ANGUISH - repeats the question first,mind,sub,sulph,1,6
"ANGUISH, repeats the question first",MIND - ANGUISH - repeats the question first,mind,sub,zinc,1,6
"ANGUISH, slowly",MIND - ANGUISH - slowly,mind,sub,agar-ph,2,6
"ANGUISH, slowly",MIND - ANGUISH - slowly,mind,sub,anac,1,6
"ANGUISH, slowly",MIND - ANGUISH - slowly,mind,sub,ars,1,6
"ANGUISH, slowly",MIND - ANGUISH - slowly,mind,sub,carb-h,1,6
"ANGUISH, slowly",MIND - ANGUISH - slowly,mind,sub,carb-s,1,6
"ANGUISH, slowly",MIND - ANGUISH - slowly,mind,sub,cocc,1,6
"ANGUISH, slowly",MIND - ANGUISH - slowly,mind,sub,cupr,1,6
"ANGUISH, slowly",MIND - ANGUISH - slowly,mind,sub,con,1,6
"ANGUISH, slowly",MIND - ANGUISH - slowly,mind,sub,hell,2,6
"ANGUISH, slowly",MIND - ANGUISH - slowly,mind,sub,kali-br,1,6
"ANGUISH, slowly",MIND - ANGUISH - slowly,mind,sub,mere,2,6
"ANGUISH, slowly",MIND - ANGUISH - slowly,mind,sub,nux-m,1,6
"ANGUISH, slowly",MIND - ANGUISH - slowly,mind,sub,op,1,6
"ANGUISH, slowly",MIND - ANGUISH - slowly,mind,sub,ox-ac,1,6
"ANGUISH, slowly",MIND - ANGUISH - slowly,mind,sub,ph-ac,2,6
"ANGUISH, slowly",MIND - ANGUISH - slowly,mind,sub,phos,2,6
"ANGUISH, slowly",MIND - ANGUISH - slowly,mind,sub,plb,1,6
"ANGUISH, slowly",MIND - ANGUISH - slowly,mind,sub,rhus-t,1,6
"ANGUISH, slowly",MIND - ANGUISH - slowly,mind,sub,sep,1,6
"ANGUISH, slowly",MIND - ANGUISH - slowly,mind,sub,su,1,6
"ANGUISH, slowly",MIND - ANGUISH - slowly,mind,sub,ph,1,6
"ANGUISH, slowly",MIND - ANGUISH - slowly,mind,sub,sul-ac,1,6
"ANGUISH, slowly",MIND - ANGUISH - slowly,mind,sub,thuj,1,6
"ANGUISH, slowly",MIND - ANGUISH - slowly,mind,sub,zinc,1,6
"ANGUISH, slowly",MIND - ANGUISH - slowly,mind,sub,answers,3,6
"ANGUISH, slowly",MIND - ANGUISH - slowly,mind,sub,continued,1,6
"ANGUISH, spoken to, when yet knows no one","MIND - ANGUISH - spoken to, when yet knows no one",mind,sub,cic,2,6
"ANGUISH, stupor returns quickly after",MIND - ANGUISH - stupor returns quickly after,mind,sub,arn,2,6
"ANGUISH, stupor returns quickly after",MIND - ANGUISH - stupor returns quickly after,mind,sub,bapt,1,6
"ANGUISH, stupor returns quickly after",MIND - ANGUISH - stupor returns quickly after,mind,sub,hyos,2,6
"ANGUISH, stupor returns quickly after",MIND - ANGUISH - stupor returns quickly after,mind,sub,plb,1,6
"ANGUISH, unintelligibly",MIND - ANGUISH - unintelligibly,mind,sub,chin,2,6
"ANGUISH, unintelligibly",MIND - ANGUISH - unintelligibly,mind,sub,coff-t,1,6
"ANGUISH, unintelligibly",MIND - ANGUISH - unintelligibly,mind,sub,hyos,1,6
"ANGUISH, unintelligibly",MIND - ANGUISH - unintelligibly,mind,sub,phos,1,6
"ANGUISH, unintelligibly",MIND - ANGUISH - unintelligibly,mind,sub,antagonism,3,6
"ANGUISH, unintelligibly",MIND - ANGUISH - unintelligibly,mind,sub,herself,1,6
"ANGUISH, unintelligibly",MIND - ANGUISH - unintelligibly,mind,sub,anac,2,6
"ANGUISH, unintelligibly",MIND - ANGUISH - unintelligibly,mind,sub,aur,1,6
"ANGUISH, unintelligibly",MIND - ANGUISH - unintelligibly,mind,sub,nat-m,1,6
"ANGUISH, unintelligibly",MIND - ANGUISH - unintelligibly,mind,sub,nthropophobia,3,6
"ANGUISH, unintelligibly",MIND - ANGUISH - unintelligibly,mind,sub,nticipation,3,6
"ANGUISH, unintelligibly",MIND - ANGUISH - unintelligibly,mind,sub,complaints,1,6
"ANGUISH, unintelligibly",MIND - ANGUISH - unintelligibly,mind,sub,arg-n,2,6
"ANGUISH, unintelligibly",MIND - ANGUISH - unintelligibly,mind,sub,ars,1,6
"ANGUISH, unintelligibly",MIND - ANGUISH - unintelligibly,mind,sub,gels,1,6
"ANGUISH, unintelligibly",MIND - ANGUISH - unintelligibly,mind,sub,lyc,1,6
"ANGUISH, unintelligibly",MIND - ANGUISH - unintelligibly,mind,sub,med,1,6
"ANGUISH, unintelligibly",MIND - ANGUISH - unintelligibly,mind,sub,ph-ac,1,6
"ANGUISH, unintelligibly",MIND - ANGUISH - unintelligibly,mind,sub,antics,3,6
"ANGUISH, unintelligibly",MIND - ANGUISH - unintelligibly,mind,sub,plays,1,6
"ANGUISH, unintelligibly",MIND - ANGUISH - unintelligibly,mind,sub,bell,2,6
"ANGUISH, unintelligibly",MIND - ANGUISH - unintelligibly,mind,sub,cupr,1,6
"ANGUISH, unintelligibly",MIND - ANGUISH - unintelligibly,mind,sub,lact,1,6
"ANGUISH, unintelligibly",MIND - ANGUISH - unintelligibly,mind,sub,op,1,6
"ANGUISH, unintelligibly",MIND - ANGUISH - unintelligibly,mind,sub,merc,1,6
"ANGUISH, unintelligibly",MIND - ANGUISH - unintelligibly,mind,sub,plb,1,6
"ANGUISH, unintelligibly",MIND - ANGUISH - unintelligibly,mind,sub,stram,1,6
ANXIETY,MIND - ANXIETY,mind,main,abrot,2,7
ANXIETY,MIND - ANXIETY,mind,main,acon,2,7
ANXIETY,MIND - ANXIETY,mind,main,acon-f,1,7
ANXIETY,MIND - ANXIETY,mind,main,act-sp,1,7
ANXIETY,MIND - ANXIETY,mind,main,act-s,1,7
ANXIETY,MIND - ANXIETY,mind,main,eth,1,7
ANXIETY,MIND - ANXIETY,mind,main,agar,1,7
ANXIETY,MIND - ANXIETY,mind,main,agn,1,7
ANXIETY,MIND - ANXIETY,mind,main,all-c,1,7
ANXIETY,MIND - ANXIETY,mind,main,aloe,1,7
ANXIETY,MIND - ANXIETY,mind,main,alum,1,7
ANXIETY,MIND - ANXIETY,mind,main,alumn,1,7
ANXIETY,MIND - ANXIETY,mind,main,ambr,1,7
ANXIETY,MIND - ANXIETY,mind,main,am-c,1,7
ANXIETY,MIND - ANXIETY,mind,main,am-m,1,7
ANXIETY,MIND - ANXIETY,mind,main,ang,1,7
ANXIETY,MIND - ANXIETY,mind,main,ant-c,1,7
ANXIETY,MIND - ANXIETY,mind,main,ant-t,1,7
ANXIETY,MIND - ANXIETY,mind,main,apis,1,7
ANXIETY,MIND - ANXIETY,mind,main,arg-n,2,7
ANXIETY,MIND - ANXIETY,mind,main,arn,1,7
ANXIETY,MIND - ANXIETY,mind,main,ars,2,7
ANXIETY,MIND - ANXIETY,mind,main,ars-h,1,7
ANXIETY,MIND - ANXIETY,mind,main,ars-i,2,7
ANXIETY,MIND - ANXIETY,mind,main,asaf,1,7
ANXIETY,MIND - ANXIETY,mind,main,asar,1,7
ANXIETY,MIND - ANXIETY,mind,main,aster,1,7
ANXIETY,MIND - ANXIETY,mind,main,aur,2,7
ANXIETY,MIND - ANXIETY,mind,main,aur-s,1,7
ANXIETY,MIND - ANXIETY,mind,main,aur-m,1,7
ANXIETY,MIND - ANXIETY,mind,main,bell,2,7
ANXIETY,MIND - ANXIETY,mind,main,benz-ac,1,7
ANXIETY,MIND - ANXIETY,mind,main,berb,1,7
ANXIETY,MIND - ANXIETY,mind,main,bism,1,7
ANXIETY,MIND - ANXIETY,mind,main,bor,2,7
ANXIETY,MIND - ANXIETY,mind,main,bov,1,7
ANXIETY,MIND - ANXIETY,mind,main,bry,2,7
ANXIETY,MIND - ANXIETY,mind,main,bufo,1,7
ANXIETY,MIND - ANXIETY,mind,main,cact,2,7
ANXIETY,MIND - ANXIETY,mind,main,cadm,1,7
ANXIETY,MIND - ANXIETY,mind,main,calad,1,7
ANXIETY,MIND - ANXIETY,mind,main,calc,1,7
ANXIETY,MIND - ANXIETY,mind,main,cale-p,2,7
ANXIETY,MIND - ANXIETY,mind,main,calce-s,2,7
ANXIETY,MIND - ANXIETY,mind,main,camph,2,7
ANXIETY,MIND - ANXIETY,mind,main,cann-i,2,7
ANXIETY,MIND - ANXIETY,mind,main,cann-s,1,7
ANXIETY,MIND - ANXIETY,mind,main,canth,1,7
ANXIETY,MIND - ANXIETY,mind,main,caps,1,7
ANXIETY,MIND - ANXIETY,mind,main,carb-an,1,7
ANXIETY,MIND - ANXIETY,mind,main,carb-v,1,7
ANXIETY,MIND - ANXIETY,mind,main,carb-s,2,7
ANXIETY,MIND - ANXIETY,mind,main,cast,1,7
ANXIETY,MIND - ANXIETY,mind,main,caust,2,7
ANXIETY,MIND - ANXIETY,mind,main,cedr,1,7
ANXIETY,MIND - ANXIETY,mind,main,cham,1,7
ANXIETY,MIND - ANXIETY,mind,main,chel,1,7
ANXIETY,MIND - ANXIETY,mind,main,chin,1,7
ANXIETY,MIND - ANXIETY,mind,main,chin-a,1,7
ANXIETY,MIND - ANXIETY,mind,main,chin-s,1,7
ANXIETY,MIND - ANXIETY,mind,main,chlol,1,7
ANXIETY,MIND - ANXIETY,mind,main,chlor,1,7
ANXIETY,MIND - ANXIETY,mind,main,cic,1,7
ANXIETY,MIND - ANXIETY,mind,main,cimex,1,7
ANXIETY,MIND - ANXIETY,mind,main,cimic,1,7
ANXIETY,MIND - ANXIETY,mind,main,cina,1,7
ANXIETY,MIND - ANXIETY,mind,main,clem,1,7
ANXIETY,MIND - ANXIETY,mind,main,cocc,1,7
ANXIETY,MIND - ANXIETY,mind,main,coff,1,7
ANXIETY,MIND - ANXIETY,mind,main,colch,1,7
ANXIETY,MIND - ANXIETY,mind,main,coloc,1,7
ANXIETY,MIND - ANXIETY,mind,main,con,1,7
ANXIETY,MIND - ANXIETY,mind,main,cop,1,7
ANXIETY,MIND - ANXIETY,mind,main,crot-c,1,7
ANXIETY,MIND - ANXIETY,mind,main,crot-h,1,7
ANXIETY,MIND - ANXIETY,mind,main,crot-t,1,7
ANXIETY,MIND - ANXIETY,mind,main,cub,1,7
ANXIETY,MIND - ANXIETY,mind,main,cupr,1,7
ANXIETY,MIND - ANXIETY,mind,main,cupr-ar,1,7
ANXIETY,MIND - ANXIETY,mind,main,cur,1,7
ANXIETY,MIND - ANXIETY,mind,main,cycl,1,7
ANXIETY,MIND - ANXIETY,mind,main,dig,2,7
ANXIETY,MIND - ANXIETY,mind,main,dros,1,7
ANXIETY,MIND - ANXIETY,mind,main,dulc,1,7
ANXIETY,MIND - ANXIETY,mind,main,elaps,1,7
ANXIETY,MIND - ANXIETY,mind,main,euph,1,7
ANXIETY,MIND - ANXIETY,mind,main,euphr,1,7
ANXIETY,MIND - ANXIETY,mind,main,ferr,1,7
ANXIETY,MIND - ANXIETY,mind,main,ferr-ar,1,7
ANXIETY,MIND - ANXIETY,mind,main,ferr-i,1,7
ANXIETY,MIND - ANXIETY,mind,main,ferr-p,1,7
ANXIETY,MIND - ANXIETY,mind,main,fl-ac,1,7
ANXIETY,MIND - ANXIETY,mind,main,gels,2,7
ANXIETY,MIND - ANXIETY,mind,main,glon,1,7
ANXIETY,MIND - ANXIETY,mind,main,grat,1,7
ANXIETY,MIND - ANXIETY,mind,main,hell,1,7
ANXIETY,MIND - ANXIETY,mind,main,hep,1,7
ANXIETY,MIND - ANXIETY,mind,main,hyos,2,7
ANXIETY,MIND - ANXIETY,mind,main,hura,1,7
ANXIETY,MIND - ANXIETY,mind,main,hydr,1,7
ANXIETY,MIND - ANXIETY,mind,main,hydr-ac,1,7
ANXIETY,MIND - ANXIETY,mind,main,ign,2,7
ANXIETY,MIND - ANXIETY,mind,main,indg,1,7
ANXIETY,MIND - ANXIETY,mind,main,iod,2,7
ANXIETY,MIND - ANXIETY,mind,main,ip,1,7
ANXIETY,MIND - ANXIETY,mind,main,jatr,1,7
ANXIETY,MIND - ANXIETY,mind,main,kali-ar,2,7
ANXIETY,MIND - ANXIETY,mind,main,kali-c,2,7
ANXIETY,MIND - ANXIETY,mind,main,kali-i,2,7
ANXIETY,MIND - ANXIETY,mind,main,kali-n,1,7
ANXIETY,MIND - ANXIETY,mind,main,kali-p,2,7
ANXIETY,MIND - ANXIETY,mind,main,kali-s,2,7
ANXIETY,MIND - ANXIETY,mind,main,kreos,1,7
ANXIETY,MIND - ANXIETY,mind,main,lac-c,1,7
ANXIETY,MIND - ANXIETY,mind,main,lac-d,1,7
ANXIETY,MIND - ANXIETY,mind,main,lach,1,7
ANXIETY,MIND - ANXIETY,mind,main,lact-ac,1,7
ANXIETY,MIND - ANXIETY,mind,main,laur,1,7
ANXIETY,MIND - ANXIETY,mind,main,led,1,7
ANXIETY,MIND - ANXIETY,mind,main,lil-t,1,7
ANXIETY,MIND - ANXIETY,mind,main,lyc,2,7
ANXIETY,MIND - ANXIETY,mind,main,lyss,1,7
ANXIETY,MIND - ANXIETY,mind,main,mag-c,1,7
ANXIETY,MIND - ANXIETY,mind,main,mag-m,1,7
ANXIETY,MIND - ANXIETY,mind,main,mag-s,1,7
ANXIETY,MIND - ANXIETY,mind,main,mang,1,7
ANXIETY,MIND - ANXIETY,mind,main,meny,1,7
ANXIETY,MIND - ANXIETY,mind,main,merc,1,7
ANXIETY,MIND - ANXIETY,mind,main,mez,1,7
ANXIETY,MIND - ANXIETY,mind,main,mosch,1,7
ANXIETY,MIND - ANXIETY,mind,main,mur-ac,1,7
ANXIETY,MIND - ANXIETY,mind,main,mygal,1,7
ANXIETY,MIND - ANXIETY,mind,main,naja,1,7
ANXIETY,MIND - ANXIETY,mind,main,nat-c,2,7
ANXIETY,MIND - ANXIETY,mind,main,nat-m,1,7
ANXIETY,MIND - ANXIETY,mind,main,nat-p,1,7
ANXIETY,MIND - ANXIETY,mind,main,nat-s,1,7
ANXIETY,MIND - ANXIETY,mind,main,nicc,1,7
ANXIETY,MIND - ANXIETY,mind,main,nit-ac,2,7
ANXIETY,MIND - ANXIETY,mind,main,nit-m-ac,1,7
ANXIETY,MIND - ANXIETY,mind,main,nux-m,1,7
ANXIETY,MIND - ANXIETY,mind,main,nux-v,2,7
ANXIETY,MIND - ANXIETY,mind,main,op,1,7
ANXIETY,MIND - ANXIETY,mind,main,ox-ac,1,7
ANXIETY,MIND - ANXIETY,mind,main,par,1,7
ANXIETY,MIND - ANXIETY,mind,main,petr,1,7
ANXIETY,MIND - ANXIETY,mind,main,phos,2,7
ANXIETY,MIND - ANXIETY,mind,main,phys,1,7
ANXIETY,MIND - ANXIETY,mind,main,pic-ac,1,7
ANXIETY,MIND - ANXIETY,mind,main,plat,1,7
ANXIETY,MIND - ANXIETY,mind,main,plb,1,7
ANXIETY,MIND - ANXIETY,mind,main,psor,2,7
ANXIETY,MIND - ANXIETY,mind,main,puls,2,7
ANXIETY,MIND - ANXIETY,mind,main,pyrog,1,7
ANXIETY,MIND - ANXIETY,mind,main,ran-b,1,7
ANXIETY,MIND - ANXIETY,mind,main,raph,1,7
ANXIETY,MIND - ANXIETY,mind,main,rhus-t,2,7
ANXIETY,MIND - ANXIETY,mind,main,rib,1,7
ANXIETY,MIND - ANXIETY,mind,main,sabad,1,7
ANXIETY,MIND - ANXIETY,mind,main,sabin,1,7
ANXIETY,MIND - ANXIETY,mind,main,samb,1,7
ANXIETY,MIND - ANXIETY,mind,main,samp,1,7
ANXIETY,MIND - ANXIETY,mind,main,sang,1,7
ANXIETY,MIND - ANXIETY,mind,main,sec,2,7
ANXIETY,MIND - ANXIETY,mind,main,seneg,1,7
ANXIETY,MIND - ANXIETY,mind,main,sep,1,7
ANXIETY,MIND - ANXIETY,mind,main,sil,1,7
ANXIETY,MIND - ANXIETY,mind,main,spig,1,7
ANXIETY,MIND - ANXIETY,mind,main,spong,1,7
ANXIETY,MIND - ANXIETY,mind,main,squil,1,7
ANXIETY,MIND - ANXIETY,mind,main,stann,1,7
ANXIETY,MIND - ANXIETY,mind,main,staph,2,7
ANXIETY,MIND - ANXIETY,mind,main,stront,1,7
ANXIETY,MIND - ANXIETY,mind,main,sulph,2,7
ANXIETY,MIND - ANXIETY,mind,main,sul-ac,1,7
ANXIETY,MIND - ANXIETY,mind,main,sumb,1,7
ANXIETY,MIND - ANXIETY,mind,main,tab,1,7
ANXIETY,MIND - ANXIETY,mind,main,tarent,1,7
ANXIETY,MIND - ANXIETY,mind,main,thuj,1,7
ANXIETY,MIND - ANXIETY,mind,main,valer,1,7
ANXIETY,MIND - ANXIETY,mind,main,verat,2,7
ANXIETY,MIND - ANXIETY,mind,main,viol-o,1,7
ANXIETY,MIND - ANXIETY,mind,main,viol-t,1,7
ANXIETY,MIND - ANXIETY,mind,main,zinc,1,7
"ANXIETY, daytime",MIND - ANXIETY - daytime,mind,sub,ambr,2,7
"ANXIETY, daytime",MIND - ANXIETY - daytime,mind,sub,ant-c,1,7
"ANXIETY, daytime",MIND - ANXIETY - daytime,mind,sub,bell,1,7
"ANXIETY, daytime",MIND - ANXIETY - daytime,mind,sub,caust,1,7
"ANXIETY, daytime",MIND - ANXIETY - daytime,mind,sub,chin-a,1,7
"ANXIETY, daytime",MIND - ANXIETY - daytime,mind,sub,laur,1,7
"ANXIETY, daytime",MIND - ANXIETY - daytime,mind,sub,mag-c,1,7
"ANXIETY, daytime",MIND - ANXIETY - daytime,mind,sub,mang,1,7
"ANXIETY, daytime",MIND - ANXIETY - daytime,mind,sub,merc,1,7
"ANXIETY, daytime",MIND - ANXIETY - daytime,mind,sub,nat-c,1,7
"ANXIETY, daytime",MIND - ANXIETY - daytime,mind,sub,nat-m,1,7
"ANXIETY, daytime",MIND - ANXIETY - daytime,mind,sub,ph-ac,1,7
"ANXIETY, daytime",MIND - ANXIETY - daytime,mind,sub,phyt,1,7
"ANXIETY, daytime",MIND - ANXIETY - daytime,mind,sub,plat,1,7
"ANXIETY, daytime",MIND - ANXIETY - daytime,mind,sub,psor,1,7
"ANXIETY, daytime",MIND - ANXIETY - daytime,mind,sub,puls,1,7
"ANXIETY, daytime",MIND - ANXIETY - daytime,mind,sub,ruta,1,7
"ANXIETY, daytime",MIND - ANXIETY - daytime,mind,sub,sul-ac,1,7
"ANXIETY, daytime",MIND - ANXIETY - daytime,mind,sub,zinc,1,7
"ANXIETY, morning",MIND - ANXIETY - morning,mind,sub,ail,2,7
"ANXIETY, morning",MIND - ANXIETY - morning,mind,sub,alum,1,7
"ANXIETY, morning",MIND - ANXIETY - morning,mind,sub,am-c,1,7
"ANXIETY, morning",MIND - ANXIETY - morning,mind,sub,am-m,1,7
"ANXIETY, morning",MIND - ANXIETY - morning,mind,sub,ars,2,7
"ANXIETY, morning",MIND - ANXIETY - morning,mind,sub,canth,1,7
"ANXIETY, morning",MIND - ANXIETY - morning,mind,sub,carb-an,1,7
"ANXIETY, morning",MIND - ANXIETY - morning,mind,sub,carb-s,1,7
"ANXIETY, morning",MIND - ANXIETY - morning,mind,sub,carb-v,1,7
"ANXIETY, morning",MIND - ANXIETY - morning,mind,sub,caust,1,7
"ANXIETY, morning",MIND - ANXIETY - morning,mind,sub,chin,1,7
"ANXIETY, morning",MIND - ANXIETY - morning,mind,sub,cocc,1,7
"ANXIETY, morning",MIND - ANXIETY - morning,mind,sub,con,1,7
"ANXIETY, morning",MIND - ANXIETY - morning,mind,sub,graph,2,7
"ANXIETY, morning",MIND - ANXIETY - morning,mind,sub,ign,1,7
"ANXIETY, morning",MIND - ANXIETY - morning,mind,sub,ip,1,7
"ANXIETY, morning",MIND - ANXIETY - morning,mind,sub,kali-c,1,7
"ANXIETY, morning",MIND - ANXIETY - morning,mind,sub,lach,2,7
"ANXIETY, morning",MIND - ANXIETY - morning,mind,sub,led,1,7
"ANXIETY, morning",MIND - ANXIETY - morning,mind,sub,lyc,1,7
"ANXIETY, morning",MIND - ANXIETY - morning,mind,sub,mag-c,1,7
"ANXIETY, morning",MIND - ANXIETY - morning,mind,sub,mag-m,1,7
"ANXIETY, morning",MIND - ANXIETY - morning,mind,sub,merc,1,7
"ANXIETY, morning",MIND - ANXIETY - morning,mind,sub,mez,1,7
"ANXIETY, morning",MIND - ANXIETY - morning,mind,sub,nat-m,1,7
"ANXIETY, morning",MIND - ANXIETY - morning,mind,sub,nit-ac,1,7
"ANXIETY, morning",MIND - ANXIETY - morning,mind,sub,phos,2,7
"ANXIETY, morning",MIND - ANXIETY - morning,mind,sub,plat,1,7
"ANXIETY, morning",MIND - ANXIETY - morning,mind,sub,puls,1,7
"ANXIETY, morning",MIND - ANXIETY - morning,mind,sub,rhus-t,1,7
"ANXIETY, morning",MIND - ANXIETY - morning,mind,sub,sep,1,7
"ANXIETY, morning",MIND - ANXIETY - morning,mind,sub,sulph,1,7
"ANXIETY, morning",MIND - ANXIETY - morning,mind,sub,sul-ac,1,7
"ANXIETY, morning",MIND - ANXIETY - morning,mind,sub,verat,1,7
"ANXIETY, morning",MIND - ANXIETY - morning,mind,sub,zinc,1,7
"ANXIETY, morning, rising, on","MIND - ANXIETY - morning, rising, on",mind,sub,arg-n,2,7
"ANXIETY, morning, rising, on","MIND - ANXIETY - morning, rising, on",mind,sub,mag-c,1,7
"ANXIETY, morning, rising, on","MIND - ANXIETY - morning, rising, on",mind,sub,rhus-t,1,7
"ANXIETY, morning, amel","MIND - ANXIETY - morning, amel",mind,sub,carb-an,2,7
"ANXIETY, morning, amel","MIND - ANXIETY - morning, amel",mind,sub,cast,1,7
"ANXIETY, morning, amel","MIND - ANXIETY - morning, amel",mind,sub,calc-s,1,7
"ANXIETY, morning, amel","MIND - ANXIETY - morning, amel",mind,sub,nux-v,1,7
"ANXIETY, morning, amel","MIND - ANXIETY - morning, amel",mind,sub,rhus-t,1,7
"ANXIETY, morning, amel","MIND - ANXIETY - morning, amel",mind,sub,sep,1,7
"ANXIETY, waking, on","MIND - ANXIETY - waking, on",mind,sub,alum,2,7
"ANXIETY, waking, on","MIND - ANXIETY - waking, on",mind,sub,anac,1,7
"ANXIETY, waking, on","MIND - ANXIETY - waking, on",mind,sub,carb-an,1,7
"ANXIETY, waking, on","MIND - ANXIETY - waking, on",mind,sub,carb-v,1,7
"ANXIETY, waking, on","MIND - ANXIETY - waking, on",mind,sub,caust,1,7
"ANXIETY, waking, on","MIND - ANXIETY - waking, on",mind,sub,chel,1,7
"ANXIETY, waking, on","MIND - ANXIETY - waking, on",mind,sub,cocc,1,7
"ANXIETY, waking, on","MIND - ANXIETY - waking, on",mind,sub,graph,2,7
"ANXIETY, waking, on","MIND - ANXIETY - waking, on",mind,sub,ign,1,7
"ANXIETY, waking, on","MIND - ANXIETY - waking, on",mind,sub,ip,1,7
"ANXIETY, waking, on","MIND - ANXIETY - waking, on",mind,sub,lach,2,7
"ANXIETY, waking, on","MIND - ANXIETY - waking, on",mind,sub,lyc,1,7
"ANXIETY, waking, on","MIND - ANXIETY - waking, on",mind,sub,mag-c,1,7
"ANXIETY, waking, on","MIND - ANXIETY - waking, on",mind,sub,mag-m,1,7
"ANXIETY, waking, on","MIND - ANXIETY - waking, on",mind,sub,nat-m,1,7
"ANXIETY, waking, on","MIND - ANXIETY - waking, on",mind,sub,nat-p,1,7
"ANXIETY, waking, on","MIND - ANXIETY - waking, on",mind,sub,phos,2,7
"ANXIETY, waking, on","MIND - ANXIETY - waking, on",mind,sub,plat,1,7
"ANXIETY, waking, on","MIND - ANXIETY - waking, on",mind,sub,puls,1,7
"ANXIETY, waking, on","MIND - ANXIETY - waking, on",mind,sub,rhus-t,1,7
"ANXIETY, waking, on","MIND - ANXIETY - waking, on",mind,sub,sep,1,7
"ANXIETY, waking, on","MIND - ANXIETY - waking, on",mind,sub,squil,1,7
"ANXIETY, forenoon",MIND - ANXIETY - forenoon,mind,sub,acon,2,7
"ANXIETY, forenoon",MIND - ANXIETY - forenoon,mind,sub,alum,1,7
"ANXIETY, forenoon",MIND - ANXIETY - forenoon,mind,sub,am-c,1,7
"ANXIETY, forenoon",MIND - ANXIETY - forenoon,mind,sub,bar-c,1,7
"ANXIETY, forenoon",MIND - ANXIETY - forenoon,mind,sub,calc,1,7
"ANXIETY, forenoon",MIND - ANXIETY - forenoon,mind,sub,cann-i,1,7
"ANXIETY, forenoon",MIND - ANXIETY - forenoon,mind,sub,chel,1,7
"ANXIETY, forenoon",MIND - ANXIETY - forenoon,mind,sub,clem,1,7
"ANXIETY, forenoon",MIND - ANXIETY - forenoon,mind,sub,lac-c,1,7
"ANXIETY, forenoon",MIND - ANXIETY - forenoon,mind,sub,nat-m,1,7
"ANXIETY, forenoon",MIND - ANXIETY - forenoon,mind,sub,peeon,1,7
"ANXIETY, forenoon",MIND - ANXIETY - forenoon,mind,sub,plat,1,7
"ANXIETY, forenoon",MIND - ANXIETY - forenoon,mind,sub,ran-b,1,7
"ANXIETY, forenoon",MIND - ANXIETY - forenoon,mind,sub,sars,1,7
"ANXIETY, forenoon",MIND - ANXIETY - forenoon,mind,sub,sulph,1,7
"ANXIETY, forenoon",MIND - ANXIETY - forenoon,mind,sub,i1,2,7
"ANXIETY, till 5 p.m",MIND - ANXIETY - till 5 p.m,mind,sub,aster,2,7
"ANXIETY, afternoon",MIND - ANXIETY - afternoon,mind,sub,ath,2,7
"ANXIETY, afternoon",MIND - ANXIETY - afternoon,mind,sub,am-c,1,7
"ANXIETY, afternoon",MIND - ANXIETY - afternoon,mind,sub,arg-n,1,7
"ANXIETY, afternoon",MIND - ANXIETY - afternoon,mind,sub,bell,1,7
"ANXIETY, afternoon",MIND - ANXIETY - afternoon,mind,sub,bov,1,7
"ANXIETY, afternoon",MIND - ANXIETY - afternoon,mind,sub,calc,1,7
"ANXIETY, afternoon",MIND - ANXIETY - afternoon,mind,sub,calc-p,1,7
"ANXIETY, afternoon",MIND - ANXIETY - afternoon,mind,sub,carb-v,1,7
"ANXIETY, afternoon",MIND - ANXIETY - afternoon,mind,sub,crot-t,1,7
"ANXIETY, afternoon",MIND - ANXIETY - afternoon,mind,sub,cupr,1,7
"ANXIETY, afternoon",MIND - ANXIETY - afternoon,mind,sub,gamb,1,7
"ANXIETY, afternoon",MIND - ANXIETY - afternoon,mind,sub,kali-n,1,7
"ANXIETY, afternoon",MIND - ANXIETY - afternoon,mind,sub,mag-c,1,7
"ANXIETY, afternoon",MIND - ANXIETY - afternoon,mind,sub,merc,1,7
"ANXIETY, afternoon",MIND - ANXIETY - afternoon,mind,sub,nat-c,1,7
"ANXIETY, afternoon",MIND - ANXIETY - afternoon,mind,sub,nat-m,1,7
"ANXIETY, afternoon",MIND - ANXIETY - afternoon,mind,sub,nat-s,1,7
"ANXIETY, afternoon",MIND - ANXIETY - afternoon,mind,sub,nux-v,1,7
"ANXIETY, afternoon",MIND - ANXIETY - afternoon,mind,sub,phel,1,7
"ANXIETY, afternoon",MIND - ANXIETY - afternoon,mind,sub,ph-ac,1,7
"ANXIETY, afternoon",MIND - ANXIETY - afternoon,mind,sub,phos,1,7
"ANXIETY, afternoon",MIND - ANXIETY - afternoon,mind,sub,puls,1,7
"ANXIETY, afternoon",MIND - ANXIETY - afternoon,mind,sub,rhus-t,1,7
"ANXIETY, afternoon",MIND - ANXIETY - afternoon,mind,sub,ruta,1,7
"ANXIETY, afternoon",MIND - ANXIETY - afternoon,mind,sub,stront,1,7
"ANXIETY, afternoon",MIND - ANXIETY - afternoon,mind,sub,tab,1,7
"ANXIETY, afternoon",MIND - ANXIETY - afternoon,mind,sub,zinc,1,7
"ANXIETY, afternoon",MIND - ANXIETY - afternoon,mind,sub,con,2,7
"ANXIETY, afternoon",MIND - ANXIETY - afternoon,mind,sub,lyc,2,7
"ANXIETY, afternoon",MIND - ANXIETY - afternoon,mind,sub,thuj,2,7
"ANXIETY, until evening",MIND - ANXIETY - until evening,mind,sub,con,2,7
"ANXIETY, until evening",MIND - ANXIETY - until evening,mind,sub,kali-n,1,7
"ANXIETY, until evening",MIND - ANXIETY - until evening,mind,sub,mag-m,1,7
"ANXIETY, evening",MIND - ANXIETY - evening,mind,sub,acon,2,7
"ANXIETY, evening",MIND - ANXIETY - evening,mind,sub,agar,1,7
"ANXIETY, evening",MIND - ANXIETY - evening,mind,sub,am-c,1,7
"ANXIETY, evening",MIND - ANXIETY - evening,mind,sub,ars,2,7
"ANXIETY, evening",MIND - ANXIETY - evening,mind,sub,bar-c,1,7
"ANXIETY, evening",MIND - ANXIETY - evening,mind,sub,bar-m,1,7
"ANXIETY, evening",MIND - ANXIETY - evening,mind,sub,bell,1,7
"ANXIETY, evening",MIND - ANXIETY - evening,mind,sub,bry,1,7
"ANXIETY, evening",MIND - ANXIETY - evening,mind,sub,calad,1,7
"ANXIETY, evening",MIND - ANXIETY - evening,mind,sub,cale,2,7
"ANXIETY, evening",MIND - ANXIETY - evening,mind,sub,cale-s,2,7
"ANXIETY, evening",MIND - ANXIETY - evening,mind,sub,carb-an,1,7
"ANXIETY, evening",MIND - ANXIETY - evening,mind,sub,carb-v,1,7
"ANXIETY, evening",MIND - ANXIETY - evening,mind,sub,caust,1,7
"ANXIETY, evening",MIND - ANXIETY - evening,mind,sub,chel,1,7
"ANXIETY, evening",MIND - ANXIETY - evening,mind,sub,chin,1,7
"ANXIETY, evening",MIND - ANXIETY - evening,mind,sub,chin-a,1,7
"ANXIETY, evening",MIND - ANXIETY - evening,mind,sub,cina,1,7
"ANXIETY, evening",MIND - ANXIETY - evening,mind,sub,cocc,1,7
"ANXIETY, evening",MIND - ANXIETY - evening,mind,sub,dig,2,7
"ANXIETY, evening",MIND - ANXIETY - evening,mind,sub,dros,1,7
"ANXIETY, evening",MIND - ANXIETY - evening,mind,sub,gamb,1,7
"ANXIETY, evening",MIND - ANXIETY - evening,mind,sub,gels,1,7
"ANXIETY, evening",MIND - ANXIETY - evening,mind,sub,graph,1,7
"ANXIETY, evening",MIND - ANXIETY - evening,mind,sub,hep,1,7
"ANXIETY, evening",MIND - ANXIETY - evening,mind,sub,hipp,1,7
"ANXIETY, evening",MIND - ANXIETY - evening,mind,sub,hura,1,7
"ANXIETY, evening",MIND - ANXIETY - evening,mind,sub,kali-ar,1,7
"ANXIETY, evening",MIND - ANXIETY - evening,mind,sub,kali-c,1,7
"ANXIETY, evening",MIND - ANXIETY - evening,mind,sub,kali-i,1,7
"ANXIETY, evening",MIND - ANXIETY - evening,mind,sub,kali-n,1,7
"ANXIETY, evening",MIND - ANXIETY - evening,mind,sub,kali-s,1,7
"ANXIETY, evening",MIND - ANXIETY - evening,mind,sub,lach,1,7
"ANXIETY, evening",MIND - ANXIETY - evening,mind,sub,laur,1,7
"ANXIETY, evening",MIND - ANXIETY - evening,mind,sub,lyc,1,7
"ANXIETY, evening",MIND - ANXIETY - evening,mind,sub,mez,1,7
"ANXIETY, evening",MIND - ANXIETY - evening,mind,sub,mere,2,7
"ANXIETY, evening",MIND - ANXIETY - evening,mind,sub,mur-ac,1,7
"ANXIETY, evening",MIND - ANXIETY - evening,mind,sub,nat-ar,1,7
"ANXIETY, evening",MIND - ANXIETY - evening,mind,sub,nat-c,1,7
"ANXIETY, evening",MIND - ANXIETY - evening,mind,sub,nat-m,1,7
"ANXIETY, evening",MIND - ANXIETY - evening,mind,sub,nicc,1,7
"ANXIETY, evening",MIND - ANXIETY - evening,mind,sub,nit-ac,1,7
"ANXIETY, evening",MIND - ANXIETY - evening,mind,sub,nux-v,1,7
"ANXIETY, evening",MIND - ANXIETY - evening,mind,sub,op,1,7
"ANXIETY, evening",MIND - ANXIETY - evening,mind,sub,petr,1,7
"ANXIETY, evening",MIND - ANXIETY - evening,mind,sub,ph-ac,1,7
"ANXIETY, evening",MIND - ANXIETY - evening,mind,sub,phos,1,7
"ANXIETY, evening",MIND - ANXIETY - evening,mind,sub,plb,1,7
"ANXIETY, evening",MIND - ANXIETY - evening,mind,sub,puls,1,7
"ANXIETY, evening",MIND - ANXIETY - evening,mind,sub,rhus-t,1,7
"ANXIETY, evening",MIND - ANXIETY - evening,mind,sub,ruta,1,7
"ANXIETY, evening",MIND - ANXIETY - evening,mind,sub,sabin,1,7
"ANXIETY, evening",MIND - ANXIETY - evening,mind,sub,sep,2,7
"ANXIETY, evening",MIND - ANXIETY - evening,mind,sub,sil,1,7
"ANXIETY, evening",MIND - ANXIETY - evening,mind,sub,spig,1,7
"ANXIETY, evening",MIND - ANXIETY - evening,mind,sub,stann,1,7
"ANXIETY, evening",MIND - ANXIETY - evening,mind,sub,stront,1,7
"ANXIETY, evening",MIND - ANXIETY - evening,mind,sub,sulph,2,7
"ANXIETY, evening",MIND - ANXIETY - evening,mind,sub,sul-ac,1,7
"ANXIETY, evening",MIND - ANXIETY - evening,mind,sub,tab,1,7
"ANXIETY, evening, amel","MIND - ANXIETY - evening, amel",mind,sub,am-c,2,7
"ANXIETY, evening, amel","MIND - ANXIETY - evening, amel",mind,sub,chel,1,7
"ANXIETY, evening, amel","MIND - ANXIETY - evening, amel",mind,sub,mag-c,1,7
"ANXIETY, evening, amel","MIND - ANXIETY - evening, amel",mind,sub,sul-ac,1,7
"ANXIETY, evening, amel","MIND - ANXIETY - evening, amel",mind,sub,zinc,1,7
"ANXIETY, until 11 p.m",MIND - ANXIETY - until 11 p.m,mind,sub,bor,2,7
"ANXIETY, evening, bed in","MIND - ANXIETY - evening, bed in",mind,sub,ambr,2,8
"ANXIETY, evening, bed in","MIND - ANXIETY - evening, bed in",mind,sub,am-c,1,8
"ANXIETY, evening, bed in","MIND - ANXIETY - evening, bed in",mind,sub,anac,1,8
"ANXIETY, evening, bed in","MIND - ANXIETY - evening, bed in",mind,sub,ant-c,1,8
"ANXIETY, evening, bed in","MIND - ANXIETY - evening, bed in",mind,sub,ars,2,8
"ANXIETY, evening, bed in","MIND - ANXIETY - evening, bed in",mind,sub,bar-c,1,8
"ANXIETY, evening, bed in","MIND - ANXIETY - evening, bed in",mind,sub,bry,1,8
"ANXIETY, evening, bed in","MIND - ANXIETY - evening, bed in",mind,sub,calad,1,8
"ANXIETY, evening, bed in","MIND - ANXIETY - evening, bed in",mind,sub,calc,1,8
"ANXIETY, evening, bed in","MIND - ANXIETY - evening, bed in",mind,sub,calc-s,1,8
"ANXIETY, evening, bed in","MIND - ANXIETY - evening, bed in",mind,sub,carb-an,1,8
"ANXIETY, evening, bed in","MIND - ANXIETY - evening, bed in",mind,sub,carb-s,2,8
"ANXIETY, evening, bed in","MIND - ANXIETY - evening, bed in",mind,sub,carb-v,1,8
"ANXIETY, evening, bed in","MIND - ANXIETY - evening, bed in",mind,sub,caust,1,8
"ANXIETY, evening, bed in","MIND - ANXIETY - evening, bed in",mind,sub,cench,1,8
"ANXIETY, evening, bed in","MIND - ANXIETY - evening, bed in",mind,sub,cham,1,8
"ANXIETY, evening, bed in","MIND - ANXIETY - evening, bed in",mind,sub,cocc,1,8
"ANXIETY, evening, bed in","MIND - ANXIETY - evening, bed in",mind,sub,graph,1,8
"ANXIETY, evening, bed in","MIND - ANXIETY - evening, bed in",mind,sub,hep,1,8
"ANXIETY, evening, bed in","MIND - ANXIETY - evening, bed in",mind,sub,kali-ar,1,8
"ANXIETY, evening, bed in","MIND - ANXIETY - evening, bed in",mind,sub,kali-c,1,8
"ANXIETY, evening, bed in","MIND - ANXIETY - evening, bed in",mind,sub,kali-n,1,8
"ANXIETY, evening, bed in","MIND - ANXIETY - evening, bed in",mind,sub,kali-p,1,8
"ANXIETY, evening, bed in","MIND - ANXIETY - evening, bed in",mind,sub,kali-s,1,8
"ANXIETY, evening, bed in","MIND - ANXIETY - evening, bed in",mind,sub,laur,1,8
"ANXIETY, evening, bed in","MIND - ANXIETY - evening, bed in",mind,sub,lil-t,1,8
"ANXIETY, evening, bed in","MIND - ANXIETY - evening, bed in",mind,sub,lyc,1,8
"ANXIETY, evening, bed in","MIND - ANXIETY - evening, bed in",mind,sub,mag-c,1,8
"ANXIETY, evening, bed in","MIND - ANXIETY - evening, bed in",mind,sub,mag-m,1,8
"ANXIETY, evening, bed in","MIND - ANXIETY - evening, bed in",mind,sub,mez,1,8
"ANXIETY, evening, bed in","MIND - ANXIETY - evening, bed in",mind,sub,mur-ac,2,8
"ANXIETY, evening, bed in","MIND - ANXIETY - evening, bed in",mind,sub,nat-c,1,8
"ANXIETY, evening, bed in","MIND - ANXIETY - evening, bed in",mind,sub,nat-m,1,8
"ANXIETY, evening, bed in","MIND - ANXIETY - evening, bed in",mind,sub,nit-ac,1,8
"ANXIETY, evening, bed in","MIND - ANXIETY - evening, bed in",mind,sub,nux-v,1,8
"ANXIETY, evening, bed in","MIND - ANXIETY - evening, bed in",mind,sub,phos,1,8
"ANXIETY, evening, bed in","MIND - ANXIETY - evening, bed in",mind,sub,puls,2,8
"ANXIETY, evening, bed in","MIND - ANXIETY - evening, bed in",mind,sub,sabin,1,8
"ANXIETY, evening, bed in","MIND - ANXIETY - evening, bed in",mind,sub,sep,1,8
"ANXIETY, evening, bed in","MIND - ANXIETY - evening, bed in",mind,sub,sil,1,8
"ANXIETY, evening, bed in","MIND - ANXIETY - evening, bed in",mind,sub,stront,1,8
"ANXIETY, evening, bed in","MIND - ANXIETY - evening, bed in",mind,sub,sulph,2,8
"ANXIETY, evening, bed in","MIND - ANXIETY - evening, bed in",mind,sub,ter,1,8
"ANXIETY, evening, bed in","MIND - ANXIETY - evening, bed in",mind,sub,verat,1,8
"ANXIETY, evening, bed in, amel","MIND - ANXIETY - evening, bed in, amel",mind,sub,mag-c,2,8
"ANXIETY, evening, closing the eyes, on","MIND - ANXIETY - evening, closing the eyes, on",mind,sub,mag-m,2,8
"ANXIETY, evening, uneasiness and anxiety, must uncover","MIND - ANXIETY - evening, uneasiness and anxiety, must uncover",mind,sub,bar-c,2,8
"ANXIETY, evening, uneasiness and anxiety, must uncover","MIND - ANXIETY - evening, uneasiness and anxiety, must uncover",mind,sub,mag-c,1,8
"ANXIETY, evening, uneasiness and anxiety, must uncover","MIND - ANXIETY - evening, uneasiness and anxiety, must uncover",mind,sub,nat-m,1,8
"ANXIETY, evening, uneasiness and anxiety, must uncover","MIND - ANXIETY - evening, uneasiness and anxiety, must uncover",mind,sub,puls,1,8
"ANXIETY, evening, violent exercise, from","MIND - ANXIETY - evening, violent exercise, from",mind,sub,ox-ac,2,8
"ANXIETY, evening, twilight, in the","MIND - ANXIETY - evening, twilight, in the",mind,sub,ambr,2,8
"ANXIETY, evening, twilight, in the","MIND - ANXIETY - evening, twilight, in the",mind,sub,ars,1,8
"ANXIETY, evening, twilight, in the","MIND - ANXIETY - evening, twilight, in the",mind,sub,calc,1,8
"ANXIETY, evening, twilight, in the","MIND - ANXIETY - evening, twilight, in the",mind,sub,carb-v,1,8
"ANXIETY, evening, twilight, in the","MIND - ANXIETY - evening, twilight, in the",mind,sub,caust,1,8
"ANXIETY, evening, twilight, in the","MIND - ANXIETY - evening, twilight, in the",mind,sub,dig,1,8
"ANXIETY, evening, twilight, in the","MIND - ANXIETY - evening, twilight, in the",mind,sub,laur,1,8
"ANXIETY, evening, twilight, in the","MIND - ANXIETY - evening, twilight, in the",mind,sub,nux-v,1,8
"ANXIETY, evening, twilight, in the","MIND - ANXIETY - evening, twilight, in the",mind,sub,phos,1,8
"ANXIETY, evening, twilight, in the","MIND - ANXIETY - evening, twilight, in the",mind,sub,rhus-t,1,8
"ANXIETY, evening, twilight, in the","MIND - ANXIETY - evening, twilight, in the",mind,sub,sep,1,8
"ANXIETY, evening, 6 p.m","MIND - ANXIETY - evening, 6 p.m",mind,sub,dig,2,8
"ANXIETY, evening, 7 to 8 p.m","MIND - ANXIETY - evening, 7 to 8 p.m",mind,sub,am-c,2,8
"ANXIETY, evening, 7 to 8 p.m","MIND - ANXIETY - evening, 7 to 8 p.m",mind,sub,dros,1,8
"ANXIETY, evening, 8 p.m","MIND - ANXIETY - evening, 8 p.m",mind,sub,mur-ac,2,8
"ANXIETY, night",MIND - ANXIETY - night,mind,sub,acon,2,8
"ANXIETY, night",MIND - ANXIETY - night,mind,sub,agar,1,8
"ANXIETY, night",MIND - ANXIETY - night,mind,sub,am,1,8
"ANXIETY, night",MIND - ANXIETY - night,mind,sub,alum,1,8
"ANXIETY, night",MIND - ANXIETY - night,mind,sub,ambr,1,8
"ANXIETY, night",MIND - ANXIETY - night,mind,sub,am-c,1,8
"ANXIETY, night",MIND - ANXIETY - night,mind,sub,am-m,1,8
"ANXIETY, night",MIND - ANXIETY - night,mind,sub,ant-c,1,8
"ANXIETY, night",MIND - ANXIETY - night,mind,sub,arg-n,1,8
"ANXIETY, night",MIND - ANXIETY - night,mind,sub,arn,1,8
"ANXIETY, night",MIND - ANXIETY - night,mind,sub,ars,2,8
"ANXIETY, night",MIND - ANXIETY - night,mind,sub,aster,1,8
"ANXIETY, night",MIND - ANXIETY - night,mind,sub,bar-c,1,8
"ANXIETY, night",MIND - ANXIETY - night,mind,sub,bell,1,8
"ANXIETY, night",MIND - ANXIETY - night,mind,sub,bor,1,8
"ANXIETY, night",MIND - ANXIETY - night,mind,sub,bov,1,8
"ANXIETY, night",MIND - ANXIETY - night,mind,sub,bry,1,8
"ANXIETY, night",MIND - ANXIETY - night,mind,sub,cact,1,8
"ANXIETY, night",MIND - ANXIETY - night,mind,sub,calc,1,8
"ANXIETY, night",MIND - ANXIETY - night,mind,sub,calc-s,1,8
"ANXIETY, night",MIND - ANXIETY - night,mind,sub,camph,1,8
"ANXIETY, night",MIND - ANXIETY - night,mind,sub,cann-s,1,8
"ANXIETY, night",MIND - ANXIETY - night,mind,sub,canth,1,8
"ANXIETY, night",MIND - ANXIETY - night,mind,sub,carb-an,1,8
"ANXIETY, night",MIND - ANXIETY - night,mind,sub,carb-s,1,8
"ANXIETY, night",MIND - ANXIETY - night,mind,sub,carb-v,1,8
"ANXIETY, night",MIND - ANXIETY - night,mind,sub,castor,1,8
"ANXIETY, night",MIND - ANXIETY - night,mind,sub,caust,1,8
"ANXIETY, night",MIND - ANXIETY - night,mind,sub,cham,1,8
"ANXIETY, night",MIND - ANXIETY - night,mind,sub,chin,1,8
"ANXIETY, night",MIND - ANXIETY - night,mind,sub,chin-a,1,8
"ANXIETY, night",MIND - ANXIETY - night,mind,sub,cina,1,8
"ANXIETY, night",MIND - ANXIETY - night,mind,sub,cocc,1,8
"ANXIETY, night",MIND - ANXIETY - night,mind,sub,coff,1,8
"ANXIETY, night",MIND - ANXIETY - night,mind,sub,colch,1,8
"ANXIETY, night",MIND - ANXIETY - night,mind,sub,con,1,8
"ANXIETY, night",MIND - ANXIETY - night,mind,sub,cycl,1,8
"ANXIETY, night",MIND - ANXIETY - night,mind,sub,dig,1,8
"ANXIETY, night",MIND - ANXIETY - night,mind,sub,dros,1,8
"ANXIETY, night",MIND - ANXIETY - night,mind,sub,dulc,1,8
"ANXIETY, night",MIND - ANXIETY - night,mind,sub,ferr,1,8
"ANXIETY, night",MIND - ANXIETY - night,mind,sub,ferr-ar,1,8
"ANXIETY, night",MIND - ANXIETY - night,mind,sub,ferr-p,1,8
"ANXIETY, night",MIND - ANXIETY - night,mind,sub,graph,1,8
"ANXIETY, night",MIND - ANXIETY - night,mind,sub,ham,1,8
"ANXIETY, night",MIND - ANXIETY - night,mind,sub,hep,1,8
"ANXIETY, night",MIND - ANXIETY - night,mind,sub,hyos,1,8
"ANXIETY, night",MIND - ANXIETY - night,mind,sub,ign,1,8
"ANXIETY, night",MIND - ANXIETY - night,mind,sub,jatr,1,8
"ANXIETY, night",MIND - ANXIETY - night,mind,sub,kali-ar,1,8
"ANXIETY, night",MIND - ANXIETY - night,mind,sub,kali-bi,1,8
"ANXIETY, night",MIND - ANXIETY - night,mind,sub,kali-p,1,8
"ANXIETY, night",MIND - ANXIETY - night,mind,sub,kali-s,1,8
"ANXIETY, night",MIND - ANXIETY - night,mind,sub,lach,1,8
"ANXIETY, night",MIND - ANXIETY - night,mind,sub,lac-ac,1,8
"ANXIETY, night",MIND - ANXIETY - night,mind,sub,lact,1,8
"ANXIETY, night",MIND - ANXIETY - night,mind,sub,lil-t,1,8
"ANXIETY, night",MIND - ANXIETY - night,mind,sub,lith,1,8
"ANXIETY, night",MIND - ANXIETY - night,mind,sub,lyc,1,8
"ANXIETY, night",MIND - ANXIETY - night,mind,sub,mag-c,2,8
"ANXIETY, night",MIND - ANXIETY - night,mind,sub,mag-m,1,8
"ANXIETY, night",MIND - ANXIETY - night,mind,sub,mang,1,8
"ANXIETY, night",MIND - ANXIETY - night,mind,sub,merc,1,8
"ANXIETY, night",MIND - ANXIETY - night,mind,sub,merc-c,1,8
"ANXIETY, night",MIND - ANXIETY - night,mind,sub,nat-ar,1,8
"ANXIETY, night",MIND - ANXIETY - night,mind,sub,nat-c,1,8
"ANXIETY, night",MIND - ANXIETY - night,mind,sub,nat-m,1,8
"ANXIETY, night",MIND - ANXIETY - night,mind,sub,nat-p,1,8
"ANXIETY, night",MIND - ANXIETY - night,mind,sub,nicc,1,8
"ANXIETY, night",MIND - ANXIETY - night,mind,sub,nit-ac,1,8
"ANXIETY, night",MIND - ANXIETY - night,mind,sub,nux-v,2,8
"ANXIETY, night",MIND - ANXIETY - night,mind,sub,op,1,8
"ANXIETY, night",MIND - ANXIETY - night,mind,sub,pall,1,8
"ANXIETY, night",MIND - ANXIETY - night,mind,sub,petr,1,8
"ANXIETY, night",MIND - ANXIETY - night,mind,sub,ph-ac,1,8
"ANXIETY, night",MIND - ANXIETY - night,mind,sub,phos,1,8
"ANXIETY, night",MIND - ANXIETY - night,mind,sub,plat,1,8
"ANXIETY, night",MIND - ANXIETY - night,mind,sub,plb,1,8
"ANXIETY, night",MIND - ANXIETY - night,mind,sub,puls,2,8
"ANXIETY, night",MIND - ANXIETY - night,mind,sub,ran-b,1,8
"ANXIETY, night",MIND - ANXIETY - night,mind,sub,rhus-t,1,8
"ANXIETY, night",MIND - ANXIETY - night,mind,sub,sabad,1,8
"ANXIETY, night",MIND - ANXIETY - night,mind,sub,samb,1,8
"ANXIETY, night",MIND - ANXIETY - night,mind,sub,sec,1,8
"ANXIETY, night",MIND - ANXIETY - night,mind,sub,sep,1,8
"ANXIETY, night",MIND - ANXIETY - night,mind,sub,sil,1,8
"ANXIETY, night",MIND - ANXIETY - night,mind,sub,spong,1,8
"ANXIETY, night",MIND - ANXIETY - night,mind,sub,squil,1,8
"ANXIETY, night",MIND - ANXIETY - night,mind,sub,stram,1,8
"ANXIETY, night",MIND - ANXIETY - night,mind,sub,sulph,1,8
"ANXIETY, night",MIND - ANXIETY - night,mind,sub,tab,1,8
"ANXIETY, night",MIND - ANXIETY - night,mind,sub,thuj,1,8
"ANXIETY, night",MIND - ANXIETY - night,mind,sub,verat,1,8
"ANXIETY, night",MIND - ANXIETY - night,mind,sub,zinc,1,8
"ANXIETY, night, waking, on","MIND - ANXIETY - night, waking, on",mind,sub,alum,2,8
"ANXIETY, night, waking, on","MIND - ANXIETY - night, waking, on",mind,sub,arg-n,1,8
"ANXIETY, night, waking, on","MIND - ANXIETY - night, waking, on",mind,sub,ars,1,8
"ANXIETY, night, waking, on","MIND - ANXIETY - night, waking, on",mind,sub,carb-v,1,8
"ANXIETY, night, waking, on","MIND - ANXIETY - night, waking, on",mind,sub,chel,1,8
"ANXIETY, night, waking, on","MIND - ANXIETY - night, waking, on",mind,sub,con,1,8
"ANXIETY, night, waking, on","MIND - ANXIETY - night, waking, on",mind,sub,dros,1,8
"ANXIETY, night, waking, on","MIND - ANXIETY - night, waking, on",mind,sub,graph,1,8
"ANXIETY, night, waking, on","MIND - ANXIETY - night, waking, on",mind,sub,lac-ac,1,8
"ANXIETY, night, waking, on","MIND - ANXIETY - night, waking, on",mind,sub,lyc,1,8
"ANXIETY, night, waking, on","MIND - ANXIETY - night, waking, on",mind,sub,nat-m,1,8
"ANXIETY, night, waking, on","MIND - ANXIETY - night, waking, on",mind,sub,nit-ac,1,8
"ANXIETY, night, waking, on","MIND - ANXIETY - night, waking, on",mind,sub,phos,1,8
"ANXIETY, night, waking, on","MIND - ANXIETY - night, waking, on",mind,sub,puls,1,8
"ANXIETY, night, waking, on","MIND - ANXIETY - night, waking, on",mind,sub,rhus-t,1,8
"ANXIETY, night, waking, on","MIND - ANXIETY - night, waking, on",mind,sub,sil,1,8
"ANXIETY, night, waking, on","MIND - ANXIETY - night, waking, on",mind,sub,sulph,2,8
"ANXIETY, night, waking, on","MIND - ANXIETY - night, waking, on",mind,sub,zinc,1,8
"ANXIETY, midnight, before","MIND - ANXIETY - midnight, before",mind,sub,ambr,2,8
"ANXIETY, midnight, before","MIND - ANXIETY - midnight, before",mind,sub,am-c,1,8
"ANXIETY, midnight, before","MIND - ANXIETY - midnight, before",mind,sub,ars,1,8
"ANXIETY, midnight, before","MIND - ANXIETY - midnight, before",mind,sub,bar-c,1,8
"ANXIETY, midnight, before","MIND - ANXIETY - midnight, before",mind,sub,bry,1,8
"ANXIETY, midnight, before","MIND - ANXIETY - midnight, before",mind,sub,carb-v,1,8
"ANXIETY, midnight, before","MIND - ANXIETY - midnight, before",mind,sub,carb-s,1,8
"ANXIETY, midnight, before","MIND - ANXIETY - midnight, before",mind,sub,caust,1,8
"ANXIETY, midnight, before","MIND - ANXIETY - midnight, before",mind,sub,cench,1,8
"ANXIETY, midnight, before","MIND - ANXIETY - midnight, before",mind,sub,graph,1,8
"ANXIETY, midnight, before","MIND - ANXIETY - midnight, before",mind,sub,gels,1,8
"ANXIETY, midnight, before","MIND - ANXIETY - midnight, before",mind,sub,hep,1,8
"ANXIETY, midnight, before","MIND - ANXIETY - midnight, before",mind,sub,kali-c,1,8
"ANXIETY, midnight, before","MIND - ANXIETY - midnight, before",mind,sub,laur,1,8
"ANXIETY, midnight, before","MIND - ANXIETY - midnight, before",mind,sub,vc,1,8
"ANXIETY, midnight, before","MIND - ANXIETY - midnight, before",mind,sub,mag-c,1,8
"ANXIETY, midnight, before","MIND - ANXIETY - midnight, before",mind,sub,mag-m,2,8
"ANXIETY, midnight, before","MIND - ANXIETY - midnight, before",mind,sub,merc,1,8
"ANXIETY, midnight, before","MIND - ANXIETY - midnight, before",mind,sub,mur-ac,1,8
"ANXIETY, midnight, before","MIND - ANXIETY - midnight, before",mind,sub,nat-m,1,8
"ANXIETY, midnight, before","MIND - ANXIETY - midnight, before",mind,sub,nat-p,1,8
"ANXIETY, midnight, before","MIND - ANXIETY - midnight, before",mind,sub,nux-v,1,8
"ANXIETY, midnight, before","MIND - ANXIETY - midnight, before",mind,sub,phos,1,8
"ANXIETY, midnight, before","MIND - ANXIETY - midnight, before",mind,sub,puls,1,8
"ANXIETY, midnight, before","MIND - ANXIETY - midnight, before",mind,sub,sabin,1,8
"ANXIETY, midnight, before","MIND - ANXIETY - midnight, before",mind,sub,sil,1,8
"ANXIETY, midnight, before","MIND - ANXIETY - midnight, before",mind,sub,stront,1,8
"ANXIETY, midnight, before","MIND - ANXIETY - midnight, before",mind,sub,sulph,1,8
"ANXIETY, midnight, before","MIND - ANXIETY - midnight, before",mind,sub,verat,1,8
"ANXIETY, midnight, before, on waking, amel., on rising","MIND - ANXIETY - midnight, before, on waking, amel., on rising",mind,sub,sil,2,8
"ANXIETY, midnight, before, on waking, amel., on rising","MIND - ANXIETY - midnight, before, on waking, amel., on rising",mind,sub,ruta,2,8
"ANXIETY, midnight, after","MIND - ANXIETY - midnight, after",mind,sub,ambr,2,8
"ANXIETY, midnight, after","MIND - ANXIETY - midnight, after",mind,sub,ant-c,1,8
"ANXIETY, midnight, after","MIND - ANXIETY - midnight, after",mind,sub,ars,2,8
"ANXIETY, midnight, after","MIND - ANXIETY - midnight, after",mind,sub,calc,1,8
"ANXIETY, midnight, after","MIND - ANXIETY - midnight, after",mind,sub,cench,1,8
"ANXIETY, midnight, after","MIND - ANXIETY - midnight, after",mind,sub,chin,1,8
"ANXIETY, midnight, after","MIND - ANXIETY - midnight, after",mind,sub,caust,1,8
"ANXIETY, midnight, after","MIND - ANXIETY - midnight, after",mind,sub,colch,1,8
"ANXIETY, midnight, after","MIND - ANXIETY - midnight, after",mind,sub,dulc,1,8
"ANXIETY, midnight, after","MIND - ANXIETY - midnight, after",mind,sub,graph,1,8
"ANXIETY, midnight, after","MIND - ANXIETY - midnight, after",mind,sub,hep,1,8
"ANXIETY, midnight, after","MIND - ANXIETY - midnight, after",mind,sub,lyc,1,8
"ANXIETY, midnight, after","MIND - ANXIETY - midnight, after",mind,sub,nux-v,2,8
"ANXIETY, midnight, after","MIND - ANXIETY - midnight, after",mind,sub,rhus-t,1,8
"ANXIETY, midnight, after","MIND - ANXIETY - midnight, after",mind,sub,squil,1,8
"ANXIETY, midnight, on waking","MIND - ANXIETY - midnight, on waking",mind,sub,ign,2,8
"ANXIETY, midnight, on waking","MIND - ANXIETY - midnight, on waking",mind,sub,lyc,1,8
"ANXIETY, midnight, on waking","MIND - ANXIETY - midnight, on waking",mind,sub,ph-ac,1,8
"ANXIETY, midnight, on waking","MIND - ANXIETY - midnight, on waking",mind,sub,hep,2,8
"ANXIETY, midnight, on waking","MIND - ANXIETY - midnight, on waking",mind,sub,nat-m,2,8
"ANXIETY, until 2 a.m",MIND - ANXIETY - until 2 a.m,mind,sub,carb-an,2,8
"ANXIETY, until 2 a.m",MIND - ANXIETY - until 2 a.m,mind,sub,ars,2,8
"ANXIETY, until 2 a.m",MIND - ANXIETY - until 2 a.m,mind,sub,rhus-t,1,8
"ANXIETY, until 2 a.m",MIND - ANXIETY - until 2 a.m,mind,sub,verat,1,8
"ANXIETY, until 2 a.m",MIND - ANXIETY - until 2 a.m,mind,sub,alum,2,8
"ANXIETY, air, in open","MIND - ANXIETY - air, in open",mind,sub,acon,2,8
"ANXIETY, air, in open","MIND - ANXIETY - air, in open",mind,sub,anac,1,8
"ANXIETY, air, in open","MIND - ANXIETY - air, in open",mind,sub,ant-c,1,8
"ANXIETY, air, in open","MIND - ANXIETY - air, in open",mind,sub,arg-m,1,8
"ANXIETY, air, in open","MIND - ANXIETY - air, in open",mind,sub,bar-c,1,8
"ANXIETY, air, in open","MIND - ANXIETY - air, in open",mind,sub,bell,1,8
"ANXIETY, air, in open","MIND - ANXIETY - air, in open",mind,sub,cina,1,8
"ANXIETY, air, in open","MIND - ANXIETY - air, in open",mind,sub,hep,1,8
"ANXIETY, air, in open","MIND - ANXIETY - air, in open",mind,sub,ign,1,8
"ANXIETY, air, in open","MIND - ANXIETY - air, in open",mind,sub,lach,1,8
"ANXIETY, air, in open","MIND - ANXIETY - air, in open",mind,sub,plat,1,8
"ANXIETY, air, in open","MIND - ANXIETY - air, in open",mind,sub,spig,1,8
"ANXIETY, air, in open","MIND - ANXIETY - air, in open",mind,sub,tab,1,8
"ANXIETY, air, in open, amel","MIND - ANXIETY - air, in open, amel",mind,sub,ambr,2,8
"ANXIETY, air, in open, amel","MIND - ANXIETY - air, in open, amel",mind,sub,arund,1,8
"ANXIETY, air, in open, amel","MIND - ANXIETY - air, in open, amel",mind,sub,bry,1,8
"ANXIETY, air, in open, amel","MIND - ANXIETY - air, in open, amel",mind,sub,calc,1,8
"ANXIETY, air, in open, amel","MIND - ANXIETY - air, in open, amel",mind,sub,carb-v,1,8
"ANXIETY, air, in open, amel","MIND - ANXIETY - air, in open, amel",mind,sub,cann-i,2,8
"ANXIETY, air, in open, amel","MIND - ANXIETY - air, in open, amel",mind,sub,carl,1,8
"ANXIETY, air, in open, amel","MIND - ANXIETY - air, in open, amel",mind,sub,grat,1,8
"ANXIETY, air, in open, amel","MIND - ANXIETY - air, in open, amel",mind,sub,kali-s,2,8
"ANXIETY, air, in open, amel","MIND - ANXIETY - air, in open, amel",mind,sub,laur,1,8
"ANXIETY, air, in open, amel","MIND - ANXIETY - air, in open, amel",mind,sub,yc,1,8
"ANXIETY, air, in open, amel","MIND - ANXIETY - air, in open, amel",mind,sub,mag-m,1,8
"ANXIETY, air, in open, amel","MIND - ANXIETY - air, in open, amel",mind,sub,puls,1,8
"ANXIETY, air, in open, amel","MIND - ANXIETY - air, in open, amel",mind,sub,rhus-t,1,8
"ANXIETY, air, in open, amel","MIND - ANXIETY - air, in open, amel",mind,sub,spong,1,8
"ANXIETY, air, in open, amel","MIND - ANXIETY - air, in open, amel",mind,sub,tab,1,8
"ANXIETY, air, in open, amel","MIND - ANXIETY - air, in open, amel",mind,sub,valer,1,8
"ANXIETY, air, in open, amel","MIND - ANXIETY - air, in open, amel",mind,sub,verat,1,8
"ANXIETY, alone, when","MIND - ANXIETY - alone, when",mind,sub,ars,2,8
"ANXIETY, alone, when","MIND - ANXIETY - alone, when",mind,sub,cadm,1,8
"ANXIETY, alone, when","MIND - ANXIETY - alone, when",mind,sub,dros,1,8
"ANXIETY, alone, when","MIND - ANXIETY - alone, when",mind,sub,mez,1,8
"ANXIETY, alone, when","MIND - ANXIETY - alone, when",mind,sub,phos,2,8
"ANXIETY, alone, when","MIND - ANXIETY - alone, when",mind,sub,rat,1,8
"ANXIETY, alone, when","MIND - ANXIETY - alone, when",mind,sub,tab,1,8
"ANXIETY, alone, when","MIND - ANXIETY - alone, when",mind,sub,zinc,1,8
"ANXIETY, alternating with indifference",MIND - ANXIETY - alternating with indifference,mind,sub,nat-m,2,8
"ANXIETY, anger, during","MIND - ANXIETY - anger, during",mind,sub,sep,2,8
"ANXIETY, anticipating an engagement",MIND - ANXIETY - anticipating an engagement,mind,sub,arg-n,2,8
"ANXIETY, anticipating an engagement",MIND - ANXIETY - anticipating an engagement,mind,sub,gels,1,8
"ANXIETY, anticipating an engagement",MIND - ANXIETY - anticipating an engagement,mind,sub,med,1,8
"ANXIETY, apparition, from horrible, while awake","MIND - ANXIETY - apparition, from horrible, while awake",mind,sub,zinc,2,8
"ANXIETY, ascending steps, on","MIND - ANXIETY - ascending steps, on",mind,sub,nit-ac,2,8
"ANXIETY, bathing the feet, after","MIND - ANXIETY - bathing the feet, after",mind,sub,nat-c,2,8
"ANXIETY, bed, in","MIND - ANXIETY - bed, in",mind,sub,ambr,2,9
"ANXIETY, bed, in","MIND - ANXIETY - bed, in",mind,sub,am-c,1,9
"ANXIETY, bed, in","MIND - ANXIETY - bed, in",mind,sub,anac,1,9
"ANXIETY, bed, in","MIND - ANXIETY - bed, in",mind,sub,ant-c,1,9
"ANXIETY, bed, in","MIND - ANXIETY - bed, in",mind,sub,ars,2,9
"ANXIETY, bed, in","MIND - ANXIETY - bed, in",mind,sub,berb,1,9
"ANXIETY, bed, in","MIND - ANXIETY - bed, in",mind,sub,bry,1,9
"ANXIETY, bed, in","MIND - ANXIETY - bed, in",mind,sub,calad,1,9
"ANXIETY, bed, in","MIND - ANXIETY - bed, in",mind,sub,calc,1,9
"ANXIETY, bed, in","MIND - ANXIETY - bed, in",mind,sub,camph,2,9
"ANXIETY, bed, in","MIND - ANXIETY - bed, in",mind,sub,carb-an,1,9
"ANXIETY, bed, in","MIND - ANXIETY - bed, in",mind,sub,carb-s,1,9
"ANXIETY, bed, in","MIND - ANXIETY - bed, in",mind,sub,carb-v,1,9
"ANXIETY, bed, in","MIND - ANXIETY - bed, in",mind,sub,ferr,1,9
"ANXIETY, bed, in","MIND - ANXIETY - bed, in",mind,sub,graph,1,9
"ANXIETY, bed, in","MIND - ANXIETY - bed, in",mind,sub,hep,1,9
"ANXIETY, bed, in","MIND - ANXIETY - bed, in",mind,sub,ign,1,9
"ANXIETY, bed, in","MIND - ANXIETY - bed, in",mind,sub,kali-ar,1,9
"ANXIETY, bed, in","MIND - ANXIETY - bed, in",mind,sub,kali-bi,1,9
"ANXIETY, bed, in","MIND - ANXIETY - bed, in",mind,sub,laur,1,9
"ANXIETY, bed, in","MIND - ANXIETY - bed, in",mind,sub,yc,1,9
"ANXIETY, bed, in","MIND - ANXIETY - bed, in",mind,sub,mag-c,1,9
"ANXIETY, bed, in","MIND - ANXIETY - bed, in",mind,sub,mag-m,1,9
"ANXIETY, bed, in","MIND - ANXIETY - bed, in",mind,sub,mez,1,9
"ANXIETY, bed, in","MIND - ANXIETY - bed, in",mind,sub,nat-ar,1,9
"ANXIETY, bed, in","MIND - ANXIETY - bed, in",mind,sub,nat-c,1,9
"ANXIETY, bed, in","MIND - ANXIETY - bed, in",mind,sub,nat-m,1,9
"ANXIETY, bed, in","MIND - ANXIETY - bed, in",mind,sub,nit-ac,1,9
"ANXIETY, bed, in","MIND - ANXIETY - bed, in",mind,sub,nux-v,1,9
"ANXIETY, bed, in","MIND - ANXIETY - bed, in",mind,sub,phos,1,9
"ANXIETY, bed, in","MIND - ANXIETY - bed, in",mind,sub,puls,1,9
"ANXIETY, bed, in","MIND - ANXIETY - bed, in",mind,sub,rhus-t,2,9
"ANXIETY, bed, in","MIND - ANXIETY - bed, in",mind,sub,sabin,1,9
"ANXIETY, bed, in","MIND - ANXIETY - bed, in",mind,sub,sep,1,9
"ANXIETY, bed, in","MIND - ANXIETY - bed, in",mind,sub,sil,1,9
"ANXIETY, bed, in","MIND - ANXIETY - bed, in",mind,sub,spong,1,9
"ANXIETY, bed, in","MIND - ANXIETY - bed, in",mind,sub,tereb,1,9
"ANXIETY, bed, in","MIND - ANXIETY - bed, in",mind,sub,verat,1,9
"ANXIETY, breakfast, after","MIND - ANXIETY - breakfast, after",mind,sub,con,2,9
"ANXIETY, breakfast, after","MIND - ANXIETY - breakfast, after",mind,sub,kali-c,1,9
"ANXIETY, breathing deeply, on","MIND - ANXIETY - breathing deeply, on",mind,sub,acon,2,9
"ANXIETY, breathing deeply, on","MIND - ANXIETY - breathing deeply, on",mind,sub,spig,1,9
"ANXIETY, breathing deeply, on, amel","MIND - ANXIETY - breathing deeply, on, amel",mind,sub,agar,2,9
"ANXIETY, breathing deeply, on, amel","MIND - ANXIETY - breathing deeply, on, amel",mind,sub,rhus-t,1,9
"ANXIETY, business, about","MIND - ANXIETY - business, about",mind,sub,anac,2,9
"ANXIETY, business, about","MIND - ANXIETY - business, about",mind,sub,puls,1,9
"ANXIETY, chagrin, after","MIND - ANXIETY - chagrin, after",mind,sub,lyc,2,9
"ANXIETY, children, in","MIND - ANXIETY - children, in",mind,sub,bor,2,9
"ANXIETY, children, in","MIND - ANXIETY - children, in",mind,sub,calc,1,9
"ANXIETY, children, in","MIND - ANXIETY - children, in",mind,sub,calc-p,1,9
"ANXIETY, children, in","MIND - ANXIETY - children, in",mind,sub,gels,1,9
"ANXIETY, children, in","MIND - ANXIETY - children, in",mind,sub,kali-c,1,9
"ANXIETY, children, about his","MIND - ANXIETY - children, about his",mind,sub,acet-ac,2,9
"ANXIETY, children, when lifted from the cradle","MIND - ANXIETY - children, when lifted from the cradle",mind,sub,calc-p,2,9
"ANXIETY, chill, before","MIND - ANXIETY - chill, before",mind,sub,ars,2,9
"ANXIETY, chill, before","MIND - ANXIETY - chill, before",mind,sub,ars-h,1,9
"ANXIETY, chill, before","MIND - ANXIETY - chill, before",mind,sub,chin,2,9
"ANXIETY, chill, during","MIND - ANXIETY - chill, during",mind,sub,acon,2,10
"ANXIETY, chill, during","MIND - ANXIETY - chill, during",mind,sub,arn,1,10
"ANXIETY, chill, during","MIND - ANXIETY - chill, during",mind,sub,ars,2,10
"ANXIETY, chill, during","MIND - ANXIETY - chill, during",mind,sub,ars-h,1,10
"ANXIETY, chill, during","MIND - ANXIETY - chill, during",mind,sub,cale,2,10
"ANXIETY, chill, during","MIND - ANXIETY - chill, during",mind,sub,camph,2,10
"ANXIETY, chill, during","MIND - ANXIETY - chill, during",mind,sub,caps,1,10
"ANXIETY, chill, during","MIND - ANXIETY - chill, during",mind,sub,carb-v,1,10
"ANXIETY, chill, during","MIND - ANXIETY - chill, during",mind,sub,chin,1,10
"ANXIETY, chill, during","MIND - ANXIETY - chill, during",mind,sub,chin-a,1,10
"ANXIETY, chill, during","MIND - ANXIETY - chill, during",mind,sub,cimx,1,10
"ANXIETY, chill, during","MIND - ANXIETY - chill, during",mind,sub,cocc,1,10
"ANXIETY, chill, during","MIND - ANXIETY - chill, during",mind,sub,cycl,1,10
"ANXIETY, chill, during","MIND - ANXIETY - chill, during",mind,sub,gels,1,10
"ANXIETY, chill, during","MIND - ANXIETY - chill, during",mind,sub,hura,1,10
"ANXIETY, chill, during","MIND - ANXIETY - chill, during",mind,sub,ign,1,10
"ANXIETY, chill, during","MIND - ANXIETY - chill, during",mind,sub,lam,1,10
"ANXIETY, chill, during","MIND - ANXIETY - chill, during",mind,sub,laur,1,10
"ANXIETY, chill, during","MIND - ANXIETY - chill, during",mind,sub,nat-m,1,10
"ANXIETY, chill, during","MIND - ANXIETY - chill, during",mind,sub,nux-v,1,10
"ANXIETY, chill, during","MIND - ANXIETY - chill, during",mind,sub,phos,1,10
"ANXIETY, chill, during","MIND - ANXIETY - chill, during",mind,sub,plat,1,10
"ANXIETY, chill, during","MIND - ANXIETY - chill, during",mind,sub,puls,2,10
"ANXIETY, chill, during","MIND - ANXIETY - chill, during",mind,sub,rhus-t,1,10
"ANXIETY, chill, during","MIND - ANXIETY - chill, during",mind,sub,sec,1,10
"ANXIETY, chill, during","MIND - ANXIETY - chill, during",mind,sub,sep,1,10
"ANXIETY, chill, during","MIND - ANXIETY - chill, during",mind,sub,verat,1,10
"ANXIETY, chill, after","MIND - ANXIETY - chill, after",mind,sub,chel,2,10
"ANXIETY, chill, after","MIND - ANXIETY - chill, after",mind,sub,kali-c,1,10
"ANXIETY, church bells, from hearing","MIND - ANXIETY - church bells, from hearing",mind,sub,lyss,2,10
"ANXIETY, closing eyes, on","MIND - ANXIETY - closing eyes, on",mind,sub,calc,2,10
"ANXIETY, closing eyes, on","MIND - ANXIETY - closing eyes, on",mind,sub,carb-v,2,10
"ANXIETY, closing eyes, on","MIND - ANXIETY - closing eyes, on",mind,sub,mag-m,1,10
"ANXIETY, coffee, after","MIND - ANXIETY - coffee, after",mind,sub,cham,2,10
"ANXIETY, coffee, after","MIND - ANXIETY - coffee, after",mind,sub,ign,1,10
"ANXIETY, coffee, after","MIND - ANXIETY - coffee, after",mind,sub,nux-v,1,10
"ANXIETY, coffee, after","MIND - ANXIETY - coffee, after",mind,sub,stram,1,10
"ANXIETY, coition, after","MIND - ANXIETY - coition, after",mind,sub,sep,2,10
"ANXIETY, coition, thought of (in a woman)","MIND - ANXIETY - coition, thought of (in a woman)",mind,sub,kreos,2,10
"ANXIETY, cold, becoming, from","MIND - ANXIETY - cold, becoming, from",mind,sub,manc,2,10
"ANXIETY, cold drinks, amel","MIND - ANXIETY - cold drinks, amel",mind,sub,acon,2,10
"ANXIETY, cold drinks, amel","MIND - ANXIETY - cold drinks, amel",mind,sub,agar-em,1,10
"ANXIETY, cold drinks, amel","MIND - ANXIETY - cold drinks, amel",mind,sub,sulph,1,10
"ANXIETY, company, when in","MIND - ANXIETY - company, when in",mind,sub,am,2,10
"ANXIETY, company, when in","MIND - ANXIETY - company, when in",mind,sub,ambr,1,10
"ANXIETY, company, when in","MIND - ANXIETY - company, when in",mind,sub,bell,1,10
"ANXIETY, company, when in","MIND - ANXIETY - company, when in",mind,sub,cadm,1,10
"ANXIETY, company, when in","MIND - ANXIETY - company, when in",mind,sub,lyc,1,10
"ANXIETY, company, when in","MIND - ANXIETY - company, when in",mind,sub,petr,1,10
"ANXIETY, company, when in","MIND - ANXIETY - company, when in",mind,sub,plat,1,10
"ANXIETY, company, when in","MIND - ANXIETY - company, when in",mind,sub,stram,1,10
"ANXIETY, conscience, of (as if guilty of a crime)","MIND - ANXIETY - conscience, of (as if guilty of a crime)",mind,sub,alum,2,10
"ANXIETY, conscience, of (as if guilty of a crime)","MIND - ANXIETY - conscience, of (as if guilty of a crime)",mind,sub,am-c,1,10
"ANXIETY, conscience, of (as if guilty of a crime)","MIND - ANXIETY - conscience, of (as if guilty of a crime)",mind,sub,ars,2,10
"ANXIETY, conscience, of (as if guilty of a crime)","MIND - ANXIETY - conscience, of (as if guilty of a crime)",mind,sub,aur,2,10
"ANXIETY, conscience, of (as if guilty of a crime)","MIND - ANXIETY - conscience, of (as if guilty of a crime)",mind,sub,cact,1,10
"ANXIETY, conscience, of (as if guilty of a crime)","MIND - ANXIETY - conscience, of (as if guilty of a crime)",mind,sub,canth,1,10
"ANXIETY, conscience, of (as if guilty of a crime)","MIND - ANXIETY - conscience, of (as if guilty of a crime)",mind,sub,carb-s,1,10
"ANXIETY, conscience, of (as if guilty of a crime)","MIND - ANXIETY - conscience, of (as if guilty of a crime)",mind,sub,carb-v,1,10
"ANXIETY, conscience, of (as if guilty of a crime)","MIND - ANXIETY - conscience, of (as if guilty of a crime)",mind,sub,caust,1,10
"ANXIETY, conscience, of (as if guilty of a crime)","MIND - ANXIETY - conscience, of (as if guilty of a crime)",mind,sub,chel,2,10
"ANXIETY, conscience, of (as if guilty of a crime)","MIND - ANXIETY - conscience, of (as if guilty of a crime)",mind,sub,cina,1,10
"ANXIETY, conscience, of (as if guilty of a crime)","MIND - ANXIETY - conscience, of (as if guilty of a crime)",mind,sub,cocc,1,10
"ANXIETY, conscience, of (as if guilty of a crime)","MIND - ANXIETY - conscience, of (as if guilty of a crime)",mind,sub,coff,1,10
"ANXIETY, conscience, of (as if guilty of a crime)","MIND - ANXIETY - conscience, of (as if guilty of a crime)",mind,sub,con,1,10
"ANXIETY, conscience, of (as if guilty of a crime)","MIND - ANXIETY - conscience, of (as if guilty of a crime)",mind,sub,cupr,1,10
"ANXIETY, conscience, of (as if guilty of a crime)","MIND - ANXIETY - conscience, of (as if guilty of a crime)",mind,sub,cycl,1,10
"ANXIETY, conscience, of (as if guilty of a crime)","MIND - ANXIETY - conscience, of (as if guilty of a crime)",mind,sub,dig,2,10
"ANXIETY, conscience, of (as if guilty of a crime)","MIND - ANXIETY - conscience, of (as if guilty of a crime)",mind,sub,ferr,1,10
"ANXIETY, conscience, of (as if guilty of a crime)","MIND - ANXIETY - conscience, of (as if guilty of a crime)",mind,sub,ferr-ar,1,10
"ANXIETY, conscience, of (as if guilty of a crime)","MIND - ANXIETY - conscience, of (as if guilty of a crime)",mind,sub,ferr-p,1,10
"ANXIETY, conscience, of (as if guilty of a crime)","MIND - ANXIETY - conscience, of (as if guilty of a crime)",mind,sub,graph,1,10
"ANXIETY, conscience, of (as if guilty of a crime)","MIND - ANXIETY - conscience, of (as if guilty of a crime)",mind,sub,hyos,1,10
"ANXIETY, conscience, of (as if guilty of a crime)","MIND - ANXIETY - conscience, of (as if guilty of a crime)",mind,sub,ign,1,10
"ANXIETY, conscience, of (as if guilty of a crime)","MIND - ANXIETY - conscience, of (as if guilty of a crime)",mind,sub,jatr,1,10
"ANXIETY, conscience, of (as if guilty of a crime)","MIND - ANXIETY - conscience, of (as if guilty of a crime)",mind,sub,kali-bi,1,10
"ANXIETY, conscience, of (as if guilty of a crime)","MIND - ANXIETY - conscience, of (as if guilty of a crime)",mind,sub,kali-c,1,10
"ANXIETY, conscience, of (as if guilty of a crime)","MIND - ANXIETY - conscience, of (as if guilty of a crime)",mind,sub,lyc,1,10
"ANXIETY, conscience, of (as if guilty of a crime)","MIND - ANXIETY - conscience, of (as if guilty of a crime)",mind,sub,mag-c,1,10
"ANXIETY, conscience, of (as if guilty of a crime)","MIND - ANXIETY - conscience, of (as if guilty of a crime)",mind,sub,merc,1,10
"ANXIETY, conscience, of (as if guilty of a crime)","MIND - ANXIETY - conscience, of (as if guilty of a crime)",mind,sub,merc-c,1,10
"ANXIETY, conscience, of (as if guilty of a crime)","MIND - ANXIETY - conscience, of (as if guilty of a crime)",mind,sub,nat-ar,1,10
"ANXIETY, conscience, of (as if guilty of a crime)","MIND - ANXIETY - conscience, of (as if guilty of a crime)",mind,sub,nat-c,1,10
"ANXIETY, conscience, of (as if guilty of a crime)","MIND - ANXIETY - conscience, of (as if guilty of a crime)",mind,sub,nat-m,1,10
"ANXIETY, conscience, of (as if guilty of a crime)","MIND - ANXIETY - conscience, of (as if guilty of a crime)",mind,sub,nat-p,1,10
"ANXIETY, conscience, of (as if guilty of a crime)","MIND - ANXIETY - conscience, of (as if guilty of a crime)",mind,sub,nit-ac,1,10
"ANXIETY, conscience, of (as if guilty of a crime)","MIND - ANXIETY - conscience, of (as if guilty of a crime)",mind,sub,nux-m,1,10
"ANXIETY, conscience, of (as if guilty of a crime)","MIND - ANXIETY - conscience, of (as if guilty of a crime)",mind,sub,nux-v,1,10
"ANXIETY, conscience, of (as if guilty of a crime)","MIND - ANXIETY - conscience, of (as if guilty of a crime)",mind,sub,phos,1,10
"ANXIETY, conscience, of (as if guilty of a crime)","MIND - ANXIETY - conscience, of (as if guilty of a crime)",mind,sub,psor,2,10
"ANXIETY, conscience, of (as if guilty of a crime)","MIND - ANXIETY - conscience, of (as if guilty of a crime)",mind,sub,puls,1,10
"ANXIETY, conscience, of (as if guilty of a crime)","MIND - ANXIETY - conscience, of (as if guilty of a crime)",mind,sub,rheum,1,10
"ANXIETY, conscience, of (as if guilty of a crime)","MIND - ANXIETY - conscience, of (as if guilty of a crime)",mind,sub,rhus-t,1,10
"ANXIETY, conscience, of (as if guilty of a crime)","MIND - ANXIETY - conscience, of (as if guilty of a crime)",mind,sub,ruta,1,10
"ANXIETY, conscience, of (as if guilty of a crime)","MIND - ANXIETY - conscience, of (as if guilty of a crime)",mind,sub,sabad,1,10
"ANXIETY, conscience, of (as if guilty of a crime)","MIND - ANXIETY - conscience, of (as if guilty of a crime)",mind,sub,sil,1,10
"ANXIETY, conscience, of (as if guilty of a crime)","MIND - ANXIETY - conscience, of (as if guilty of a crime)",mind,sub,stram,1,10
"ANXIETY, conscience, of (as if guilty of a crime)","MIND - ANXIETY - conscience, of (as if guilty of a crime)",mind,sub,sulph,1,10
"ANXIETY, conscience, of (as if guilty of a crime)","MIND - ANXIETY - conscience, of (as if guilty of a crime)",mind,sub,thuj,1,10
"ANXIETY, conscience, of (as if guilty of a crime)","MIND - ANXIETY - conscience, of (as if guilty of a crime)",mind,sub,verat,1,10
"ANXIETY, conscience, of (as if guilty of a crime)","MIND - ANXIETY - conscience, of (as if guilty of a crime)",mind,sub,zinc,1,10
"ANXIETY, continence prolonged, from","MIND - ANXIETY - continence prolonged, from",mind,sub,con,2,10
"ANXIETY, conversation, from","MIND - ANXIETY - conversation, from",mind,sub,alum,2,10
"ANXIETY, conversation, from","MIND - ANXIETY - conversation, from",mind,sub,ambr,1,10
"ANXIETY, conversation, from","MIND - ANXIETY - conversation, from",mind,sub,plat,1,10
"ANXIETY, conversation, from","MIND - ANXIETY - conversation, from",mind,sub,stram,1,10
"ANXIETY, cough, before","MIND - ANXIETY - cough, before",mind,sub,ars,2,10
"ANXIETY, cough, before","MIND - ANXIETY - cough, before",mind,sub,cupr,1,10
"ANXIETY, cough, before","MIND - ANXIETY - cough, before",mind,sub,iod,1,10
"ANXIETY, cough, before","MIND - ANXIETY - cough, before",mind,sub,lach,1,10
"ANXIETY, before attack of whooping cough",MIND - ANXIETY - before attack of whooping cough,mind,sub,cuprtr,2,10
"ANXIETY, coughing, from","MIND - ANXIETY - coughing, from",mind,sub,arund,2,10
"ANXIETY, coughing, from","MIND - ANXIETY - coughing, from",mind,sub,merc-c,1,10
"ANXIETY, coughing, from","MIND - ANXIETY - coughing, from",mind,sub,nit-ac,1,10
"ANXIETY, coughing, from","MIND - ANXIETY - coughing, from",mind,sub,stram,1,10
"ANXIETY, crowd, in a","MIND - ANXIETY - crowd, in a",mind,sub,acon,2,10
"ANXIETY, crowd, in a","MIND - ANXIETY - crowd, in a",mind,sub,ambr,1,10
"ANXIETY, crowd, in a","MIND - ANXIETY - crowd, in a",mind,sub,bell,1,10
"ANXIETY, crowd, in a","MIND - ANXIETY - crowd, in a",mind,sub,lyc,1,10
"ANXIETY, crowd, in a","MIND - ANXIETY - crowd, in a",mind,sub,petr,1,10
"ANXIETY, crowd, in a","MIND - ANXIETY - crowd, in a",mind,sub,plat,1,10
"ANXIETY, crowd, in a","MIND - ANXIETY - crowd, in a",mind,sub,stram,1,10
"ANXIETY, cruelties, after hearing of","MIND - ANXIETY - cruelties, after hearing of",mind,sub,calc,2,10
"ANXIETY, dark, in","MIND - ANXIETY - dark, in",mind,sub,aeth,2,10
"ANXIETY, dark, in","MIND - ANXIETY - dark, in",mind,sub,nat-m,1,10
"ANXIETY, dark, in","MIND - ANXIETY - dark, in",mind,sub,phos,1,10
"ANXIETY, dark, in","MIND - ANXIETY - dark, in",mind,sub,puls,1,10
"ANXIETY, dark, in","MIND - ANXIETY - dark, in",mind,sub,rhus-t,1,10
"ANXIETY, dark, in","MIND - ANXIETY - dark, in",mind,sub,stram,1,10
"ANXIETY, dinner, during","MIND - ANXIETY - dinner, during",mind,sub,mag-m,2,10
"ANXIETY, dinner, after","MIND - ANXIETY - dinner, after",mind,sub,ambr,2,10
"ANXIETY, dinner, after","MIND - ANXIETY - dinner, after",mind,sub,canth,1,10
"ANXIETY, dinner, after","MIND - ANXIETY - dinner, after",mind,sub,gins,1,10
"ANXIETY, dinner, after","MIND - ANXIETY - dinner, after",mind,sub,hyos,1,10
"ANXIETY, dinner, after","MIND - ANXIETY - dinner, after",mind,sub,nat-m,1,10
"ANXIETY, dinner, after","MIND - ANXIETY - dinner, after",mind,sub,phos,1,10
"ANXIETY, dinner, after","MIND - ANXIETY - dinner, after",mind,sub,sil,1,10
"ANXIETY, dinner, after","MIND - ANXIETY - dinner, after",mind,sub,verat,1,10
"ANXIETY, dinner, after, amel","MIND - ANXIETY - dinner, after, amel",mind,sub,sulph,2,10
"ANXIETY, dreams, on waking from frightful","MIND - ANXIETY - dreams, on waking from frightful",mind,sub,ars,2,10
"ANXIETY, dreams, on waking from frightful","MIND - ANXIETY - dreams, on waking from frightful",mind,sub,chin,1,10
"ANXIETY, dreams, on waking from frightful","MIND - ANXIETY - dreams, on waking from frightful",mind,sub,graph,1,10
"ANXIETY, dreams, on waking from frightful","MIND - ANXIETY - dreams, on waking from frightful",mind,sub,nat-m,1,10
"ANXIETY, dreams, on waking from frightful","MIND - ANXIETY - dreams, on waking from frightful",mind,sub,nicc,1,10
"ANXIETY, dreams, on waking from frightful","MIND - ANXIETY - dreams, on waking from frightful",mind,sub,stram,1,10
"ANXIETY, drinking, after","MIND - ANXIETY - drinking, after",mind,sub,cimx,2,10
"ANXIETY, eating, before","MIND - ANXIETY - eating, before",mind,sub,mez,2,10
"ANXIETY, eating, before","MIND - ANXIETY - eating, before",mind,sub,ran-b,1,10
"ANXIETY, eating, while","MIND - ANXIETY - eating, while",mind,sub,carb-v,2,10
"ANXIETY, eating, while","MIND - ANXIETY - eating, while",mind,sub,mag-c,1,10
"ANXIETY, eating, while","MIND - ANXIETY - eating, while",mind,sub,mez,1,10
"ANXIETY, eating, while","MIND - ANXIETY - eating, while",mind,sub,sabad,1,10
"ANXIETY, eating, while","MIND - ANXIETY - eating, while",mind,sub,sep,1,10
"ANXIETY, eating, warm food","MIND - ANXIETY - eating, warm food",mind,sub,mag-c,2,10
"ANXIETY, eating, after","MIND - ANXIETY - eating, after",mind,sub,aloe,2,10
"ANXIETY, eating, after","MIND - ANXIETY - eating, after",mind,sub,ambr,1,10
"ANXIETY, eating, after","MIND - ANXIETY - eating, after",mind,sub,arg-n,1,10
"ANXIETY, eating, after","MIND - ANXIETY - eating, after",mind,sub,asaf,1,10
"ANXIETY, eating, after","MIND - ANXIETY - eating, after",mind,sub,bell,1,10
"ANXIETY, eating, after","MIND - ANXIETY - eating, after",mind,sub,canth,1,10
"ANXIETY, eating, after","MIND - ANXIETY - eating, after",mind,sub,carb-v,1,10
"ANXIETY, eating, after","MIND - ANXIETY - eating, after",mind,sub,caust,1,10
"ANXIETY, eating, after","MIND - ANXIETY - eating, after",mind,sub,cham,1,10
"ANXIETY, eating, after","MIND - ANXIETY - eating, after",mind,sub,con,1,10
"ANXIETY, eating, after","MIND - ANXIETY - eating, after",mind,sub,cupr,1,10
"ANXIETY, eating, after","MIND - ANXIETY - eating, after",mind,sub,cycl,1,10
"ANXIETY, eating, after","MIND - ANXIETY - eating, after",mind,sub,ferr,1,10
"ANXIETY, eating, after","MIND - ANXIETY - eating, after",mind,sub,ferr-m,1,10
"ANXIETY, eating, after","MIND - ANXIETY - eating, after",mind,sub,ferr-p,1,10
"ANXIETY, eating, after","MIND - ANXIETY - eating, after",mind,sub,hyos,1,10
"ANXIETY, eating, after","MIND - ANXIETY - eating, after",mind,sub,kali-c,1,10
"ANXIETY, eating, after","MIND - ANXIETY - eating, after",mind,sub,kreos,1,10
"ANXIETY, eating, after","MIND - ANXIETY - eating, after",mind,sub,laur,1,10
"ANXIETY, eating, after","MIND - ANXIETY - eating, after",mind,sub,lach,1,10
"ANXIETY, eating, after","MIND - ANXIETY - eating, after",mind,sub,mag-m,1,10
"ANXIETY, eating, after","MIND - ANXIETY - eating, after",mind,sub,merc,1,10
"ANXIETY, eating, after","MIND - ANXIETY - eating, after",mind,sub,merc-c,1,10
"ANXIETY, eating, after","MIND - ANXIETY - eating, after",mind,sub,nat-c,1,10
"ANXIETY, eating, after","MIND - ANXIETY - eating, after",mind,sub,nat-m,1,10
"ANXIETY, eating, after","MIND - ANXIETY - eating, after",mind,sub,nit-ac,1,10
"ANXIETY, eating, after","MIND - ANXIETY - eating, after",mind,sub,nux-v,2,10
"ANXIETY, eating, after","MIND - ANXIETY - eating, after",mind,sub,ph-ac,1,10
"ANXIETY, eating, after","MIND - ANXIETY - eating, after",mind,sub,phos,1,10
"ANXIETY, eating, after","MIND - ANXIETY - eating, after",mind,sub,plat,1,10
"ANXIETY, eating, after","MIND - ANXIETY - eating, after",mind,sub,psor,1,10
"ANXIETY, eating, after","MIND - ANXIETY - eating, after",mind,sub,ran-b,1,10
"ANXIETY, eating, after","MIND - ANXIETY - eating, after",mind,sub,sep,1,10
"ANXIETY, eating, after","MIND - ANXIETY - eating, after",mind,sub,sil,1,10
"ANXIETY, eating, after","MIND - ANXIETY - eating, after",mind,sub,thuj,1,10
"ANXIETY, eating, after","MIND - ANXIETY - eating, after",mind,sub,verat,1,10
"ANXIETY, eating, after","MIND - ANXIETY - eating, after",mind,sub,viol-t,1,10
"ANXIETY, eating, after, amel","MIND - ANXIETY - eating, after, amel",mind,sub,aur,2,10
"ANXIETY, eating, after, amel","MIND - ANXIETY - eating, after, amel",mind,sub,iod,1,10
"ANXIETY, eating, after, amel","MIND - ANXIETY - eating, after, amel",mind,sub,mez,1,10
"ANXIETY, eating, after, amel","MIND - ANXIETY - eating, after, amel",mind,sub,sulph,1,10
"ANXIETY, emissions, after","MIND - ANXIETY - emissions, after",mind,sub,carb-an,2,10
"ANXIETY, emissions, after","MIND - ANXIETY - emissions, after",mind,sub,petr,1,10
"ANXIETY, eructations amel",MIND - ANXIETY - eructations amel,mind,sub,kali-c,2,10
"ANXIETY, eructations amel",MIND - ANXIETY - eructations amel,mind,sub,mag-m,1,10
"ANXIETY, excitement, from","MIND - ANXIETY - excitement, from",mind,sub,acon,2,10
"ANXIETY, excitement, from","MIND - ANXIETY - excitement, from",mind,sub,phos,1,10
"ANXIETY, exercise amel",MIND - ANXIETY - exercise amel,mind,sub,tarent,2,10
"ANXIETY, expected of him, when anything is","MIND - ANXIETY - expected of him, when anything is",mind,sub,ars,2,10
"ANXIETY, fear, with","MIND - ANXIETY - fear, with",mind,sub,acon,2,10
"ANXIETY, fear, with","MIND - ANXIETY - fear, with",mind,sub,alum,1,10
"ANXIETY, fear, with","MIND - ANXIETY - fear, with",mind,sub,am-c,1,10
"ANXIETY, fear, with","MIND - ANXIETY - fear, with",mind,sub,am-m,1,10
"ANXIETY, fear, with","MIND - ANXIETY - fear, with",mind,sub,anac,2,10
"ANXIETY, fear, with","MIND - ANXIETY - fear, with",mind,sub,ant-c,1,10
"ANXIETY, fear, with","MIND - ANXIETY - fear, with",mind,sub,ant-t,1,10
"ANXIETY, fear, with","MIND - ANXIETY - fear, with",mind,sub,ars,1,10
"ANXIETY, fear, with","MIND - ANXIETY - fear, with",mind,sub,asaf,1,10
"ANXIETY, fear, with","MIND - ANXIETY - fear, with",mind,sub,bar-c,2,10
"ANXIETY, fear, with","MIND - ANXIETY - fear, with",mind,sub,bell,1,10
"ANXIETY, fear, with","MIND - ANXIETY - fear, with",mind,sub,berb,1,10
"ANXIETY, fear, with","MIND - ANXIETY - fear, with",mind,sub,bry,1,10
"ANXIETY, fear, with","MIND - ANXIETY - fear, with",mind,sub,calad,1,10
"ANXIETY, fear, with","MIND - ANXIETY - fear, with",mind,sub,calc,1,10
"ANXIETY, fear, with","MIND - ANXIETY - fear, with",mind,sub,calc-s,1,10
"ANXIETY, fear, with","MIND - ANXIETY - fear, with",mind,sub,canth,1,10
"ANXIETY, fear, with","MIND - ANXIETY - fear, with",mind,sub,carb-h,1,10
"ANXIETY, fear, with","MIND - ANXIETY - fear, with",mind,sub,caust,2,10
"ANXIETY, fear, with","MIND - ANXIETY - fear, with",mind,sub,cench,1,10
"ANXIETY, fear, with","MIND - ANXIETY - fear, with",mind,sub,cham,1,10
"ANXIETY, fear, with","MIND - ANXIETY - fear, with",mind,sub,chin,1,10
"ANXIETY, fear, with","MIND - ANXIETY - fear, with",mind,sub,chin-a,1,10
"ANXIETY, fear, with","MIND - ANXIETY - fear, with",mind,sub,chin-s,1,10
"ANXIETY, fear, with","MIND - ANXIETY - fear, with",mind,sub,cic,1,10
"ANXIETY, fear, with","MIND - ANXIETY - fear, with",mind,sub,cina,1,10
"ANXIETY, fear, with","MIND - ANXIETY - fear, with",mind,sub,cocc,1,10
"ANXIETY, fear, with","MIND - ANXIETY - fear, with",mind,sub,coff,1,10
"ANXIETY, fear, with","MIND - ANXIETY - fear, with",mind,sub,con,1,10
"ANXIETY, fear, with","MIND - ANXIETY - fear, with",mind,sub,cupr,1,10
"ANXIETY, fear, with","MIND - ANXIETY - fear, with",mind,sub,dig,1,10
"ANXIETY, fear, with","MIND - ANXIETY - fear, with",mind,sub,dros,1,10
"ANXIETY, fear, with","MIND - ANXIETY - fear, with",mind,sub,dulc,1,10
"ANXIETY, fear, with","MIND - ANXIETY - fear, with",mind,sub,ferr,1,10
"ANXIETY, fear, with","MIND - ANXIETY - fear, with",mind,sub,ferr-p,1,10
"ANXIETY, fear, with","MIND - ANXIETY - fear, with",mind,sub,graph,1,10
"ANXIETY, fear, with","MIND - ANXIETY - fear, with",mind,sub,hell,1,10
"ANXIETY, fear, with","MIND - ANXIETY - fear, with",mind,sub,hep,1,10
"ANXIETY, fear, with","MIND - ANXIETY - fear, with",mind,sub,hyos,1,10
"ANXIETY, fear, with","MIND - ANXIETY - fear, with",mind,sub,ign,2,10
"ANXIETY, fear, with","MIND - ANXIETY - fear, with",mind,sub,aali-ar,2,10
"ANXIETY, fear, with","MIND - ANXIETY - fear, with",mind,sub,kali-c,1,10
"ANXIETY, fear, with","MIND - ANXIETY - fear, with",mind,sub,kali-i,1,10
"ANXIETY, fear, with","MIND - ANXIETY - fear, with",mind,sub,kali-p,1,10
"ANXIETY, fear, with","MIND - ANXIETY - fear, with",mind,sub,kali-s,1,10
"ANXIETY, fear, with","MIND - ANXIETY - fear, with",mind,sub,kreos,1,10
"ANXIETY, fear, with","MIND - ANXIETY - fear, with",mind,sub,lach,1,10
"ANXIETY, fear, with","MIND - ANXIETY - fear, with",mind,sub,lyc,1,10
"ANXIETY, fear, with","MIND - ANXIETY - fear, with",mind,sub,mag-c,1,10
"ANXIETY, fear, with","MIND - ANXIETY - fear, with",mind,sub,mang,1,10
"ANXIETY, fear, with","MIND - ANXIETY - fear, with",mind,sub,meny,1,10
"ANXIETY, fear, with","MIND - ANXIETY - fear, with",mind,sub,merc,1,10
"ANXIETY, fear, with","MIND - ANXIETY - fear, with",mind,sub,mez,1,10
"ANXIETY, fear, with","MIND - ANXIETY - fear, with",mind,sub,nat-ar,1,10
"ANXIETY, fear, with","MIND - ANXIETY - fear, with",mind,sub,nat-c,1,10
"ANXIETY, fear, with","MIND - ANXIETY - fear, with",mind,sub,nat-m,1,10
"ANXIETY, fear, with","MIND - ANXIETY - fear, with",mind,sub,nat-p,1,10
"ANXIETY, fear, with","MIND - ANXIETY - fear, with",mind,sub,nat-s,1,10
"ANXIETY, fear, with","MIND - ANXIETY - fear, with",mind,sub,nicc,1,10
"ANXIETY, fear, with","MIND - ANXIETY - fear, with",mind,sub,nit-ac,1,10
"ANXIETY, fear, with","MIND - ANXIETY - fear, with",mind,sub,nux-m,1,10
"ANXIETY, fear, with","MIND - ANXIETY - fear, with",mind,sub,nux-v,1,10
"ANXIETY, fear, with","MIND - ANXIETY - fear, with",mind,sub,onos,1,10
"ANXIETY, fear, with","MIND - ANXIETY - fear, with",mind,sub,phel,1,10
"ANXIETY, fear, with","MIND - ANXIETY - fear, with",mind,sub,phos,1,10
"ANXIETY, fear, with","MIND - ANXIETY - fear, with",mind,sub,plat,1,10
"ANXIETY, fear, with","MIND - ANXIETY - fear, with",mind,sub,plb,1,10
"ANXIETY, fear, with","MIND - ANXIETY - fear, with",mind,sub,puds,1,10
"ANXIETY, fear, with","MIND - ANXIETY - fear, with",mind,sub,rat,1,10
"ANXIETY, fear, with","MIND - ANXIETY - fear, with",mind,sub,rhus-t,1,10
"ANXIETY, fear, with","MIND - ANXIETY - fear, with",mind,sub,ruta,1,10
"ANXIETY, fear, with","MIND - ANXIETY - fear, with",mind,sub,sabin,1,10
"ANXIETY, fear, with","MIND - ANXIETY - fear, with",mind,sub,samb,1,10
"ANXIETY, fear, with","MIND - ANXIETY - fear, with",mind,sub,sec,2,10
"ANXIETY, fear, with","MIND - ANXIETY - fear, with",mind,sub,sep,1,10
"ANXIETY, fear, with","MIND - ANXIETY - fear, with",mind,sub,spig,1,10
"ANXIETY, fear, with","MIND - ANXIETY - fear, with",mind,sub,spong,1,10
"ANXIETY, fear, with","MIND - ANXIETY - fear, with",mind,sub,staph,1,10
"ANXIETY, fear, with","MIND - ANXIETY - fear, with",mind,sub,stront,1,10
"ANXIETY, fear, with","MIND - ANXIETY - fear, with",mind,sub,sulph,1,10
"ANXIETY, fear, with","MIND - ANXIETY - fear, with",mind,sub,tab,1,10
"ANXIETY, fear, with","MIND - ANXIETY - fear, with",mind,sub,thuy,1,10
"ANXIETY, fear, with","MIND - ANXIETY - fear, with",mind,sub,til,1,10
"ANXIETY, fear, with","MIND - ANXIETY - fear, with",mind,sub,verat,1,10
"ANXIETY, fever, during","MIND - ANXIETY - fever, during",mind,sub,acon,2,11
"ANXIETY, fever, during","MIND - ANXIETY - fever, during",mind,sub,alum,1,11
"ANXIETY, fever, during","MIND - ANXIETY - fever, during",mind,sub,anac,2,11
"ANXIETY, fever, during","MIND - ANXIETY - fever, during",mind,sub,ars,1,11
"ANXIETY, fever, during","MIND - ANXIETY - fever, during",mind,sub,asaf,1,11
"ANXIETY, fever, during","MIND - ANXIETY - fever, during",mind,sub,bar-c,2,11
"ANXIETY, fever, during","MIND - ANXIETY - fever, during",mind,sub,bell,1,11
"ANXIETY, fever, during","MIND - ANXIETY - fever, during",mind,sub,berb,1,11
"ANXIETY, fever, during","MIND - ANXIETY - fever, during",mind,sub,bov,1,11
"ANXIETY, fever, during","MIND - ANXIETY - fever, during",mind,sub,bry,1,11
"ANXIETY, fever, during","MIND - ANXIETY - fever, during",mind,sub,calad,1,11
"ANXIETY, fever, during","MIND - ANXIETY - fever, during",mind,sub,calc,1,11
"ANXIETY, fever, during","MIND - ANXIETY - fever, during",mind,sub,canth,1,11
"ANXIETY, fever, during","MIND - ANXIETY - fever, during",mind,sub,carb-an,1,11
"ANXIETY, fever, during","MIND - ANXIETY - fever, during",mind,sub,carb-s,1,11
"ANXIETY, fever, during","MIND - ANXIETY - fever, during",mind,sub,cham,1,11
"ANXIETY, fever, during","MIND - ANXIETY - fever, during",mind,sub,chin,1,11
"ANXIETY, fever, during","MIND - ANXIETY - fever, during",mind,sub,chin-a,1,11
"ANXIETY, fever, during","MIND - ANXIETY - fever, during",mind,sub,chin-s,1,11
"ANXIETY, fever, during","MIND - ANXIETY - fever, during",mind,sub,coff,1,11
"ANXIETY, fever, during","MIND - ANXIETY - fever, during",mind,sub,crot-h,1,11
"ANXIETY, fever, during","MIND - ANXIETY - fever, during",mind,sub,cycl,1,11
"ANXIETY, fever, during","MIND - ANXIETY - fever, during",mind,sub,dros,1,11
"ANXIETY, fever, during","MIND - ANXIETY - fever, during",mind,sub,ferr,1,11
"ANXIETY, fever, during","MIND - ANXIETY - fever, during",mind,sub,ferr-ar,1,11
"ANXIETY, fever, during","MIND - ANXIETY - fever, during",mind,sub,ferr-p,1,11
"ANXIETY, fever, during","MIND - ANXIETY - fever, during",mind,sub,fl-ac,1,11
"ANXIETY, fever, during","MIND - ANXIETY - fever, during",mind,sub,graph,1,11
"ANXIETY, fever, during","MIND - ANXIETY - fever, during",mind,sub,grat,1,11
"ANXIETY, fever, during","MIND - ANXIETY - fever, during",mind,sub,guare,1,11
"ANXIETY, fever, during","MIND - ANXIETY - fever, during",mind,sub,hep,1,11
"ANXIETY, fever, during","MIND - ANXIETY - fever, during",mind,sub,hyper,1,11
"ANXIETY, fever, during","MIND - ANXIETY - fever, during",mind,sub,ign,1,11
"ANXIETY, fever, during","MIND - ANXIETY - fever, during",mind,sub,ip,2,11
"ANXIETY, fever, during","MIND - ANXIETY - fever, during",mind,sub,kali-c,1,11
"ANXIETY, fever, during","MIND - ANXIETY - fever, during",mind,sub,lach,1,11
"ANXIETY, fever, during","MIND - ANXIETY - fever, during",mind,sub,lact,1,11
"ANXIETY, fever, during","MIND - ANXIETY - fever, during",mind,sub,laur,1,11
"ANXIETY, fever, during","MIND - ANXIETY - fever, during",mind,sub,mag-c,1,11
"ANXIETY, fever, during","MIND - ANXIETY - fever, during",mind,sub,mag-m,1,11
"ANXIETY, fever, during","MIND - ANXIETY - fever, during",mind,sub,merc,1,11
"ANXIETY, fever, during","MIND - ANXIETY - fever, during",mind,sub,mur-ac,1,11
"ANXIETY, fever, during","MIND - ANXIETY - fever, during",mind,sub,nat-c,1,11
"ANXIETY, fever, during","MIND - ANXIETY - fever, during",mind,sub,nat-m,1,11
"ANXIETY, fever, during","MIND - ANXIETY - fever, during",mind,sub,nat-p,1,11
"ANXIETY, fever, during","MIND - ANXIETY - fever, during",mind,sub,nicc,1,11
"ANXIETY, fever, during","MIND - ANXIETY - fever, during",mind,sub,nux-v,1,11
"ANXIETY, fever, during","MIND - ANXIETY - fever, during",mind,sub,op,1,11
"ANXIETY, fever, during","MIND - ANXIETY - fever, during",mind,sub,par,1,11
"ANXIETY, fever, during","MIND - ANXIETY - fever, during",mind,sub,petr,1,11
"ANXIETY, fever, during","MIND - ANXIETY - fever, during",mind,sub,ph-ac,1,11
"ANXIETY, fever, during","MIND - ANXIETY - fever, during",mind,sub,phos,1,11
"ANXIETY, fever, during","MIND - ANXIETY - fever, during",mind,sub,plat,1,11
"ANXIETY, fever, during","MIND - ANXIETY - fever, during",mind,sub,plb,1,11
"ANXIETY, fever, during","MIND - ANXIETY - fever, during",mind,sub,puds,1,11
"ANXIETY, fever, during","MIND - ANXIETY - fever, during",mind,sub,rheum,1,11
"ANXIETY, fever, during","MIND - ANXIETY - fever, during",mind,sub,rhus-t,1,11
"ANXIETY, fever, during","MIND - ANXIETY - fever, during",mind,sub,ruta,1,11
"ANXIETY, fever, during","MIND - ANXIETY - fever, during",mind,sub,sabin,1,11
"ANXIETY, fever, during","MIND - ANXIETY - fever, during",mind,sub,sec,1,11
"ANXIETY, fever, during","MIND - ANXIETY - fever, during",mind,sub,sep,2,11
"ANXIETY, fever, during","MIND - ANXIETY - fever, during",mind,sub,spig,1,11
"ANXIETY, fever, during","MIND - ANXIETY - fever, during",mind,sub,spong,1,11
"ANXIETY, fever, during","MIND - ANXIETY - fever, during",mind,sub,stann,1,11
"ANXIETY, fever, during","MIND - ANXIETY - fever, during",mind,sub,stram,1,11
"ANXIETY, fever, during","MIND - ANXIETY - fever, during",mind,sub,sulph,1,11
"ANXIETY, fever, during","MIND - ANXIETY - fever, during",mind,sub,tub,1,11
"ANXIETY, fever, during","MIND - ANXIETY - fever, during",mind,sub,valer,1,11
"ANXIETY, fever, during","MIND - ANXIETY - fever, during",mind,sub,verat,1,11
"ANXIETY, fever, during","MIND - ANXIETY - fever, during",mind,sub,viol-t,1,11
"ANXIETY, fever, during","MIND - ANXIETY - fever, during",mind,sub,zinc,1,11
"ANXIETY, fits, with","MIND - ANXIETY - fits, with",mind,sub,alum,2,11
"ANXIETY, fits, with","MIND - ANXIETY - fits, with",mind,sub,bell,1,11
"ANXIETY, fits, with","MIND - ANXIETY - fits, with",mind,sub,caust,1,11
"ANXIETY, fits, with","MIND - ANXIETY - fits, with",mind,sub,cupr,1,11
"ANXIETY, fits, with","MIND - ANXIETY - fits, with",mind,sub,cocc,1,11
"ANXIETY, fits, with","MIND - ANXIETY - fits, with",mind,sub,ferr,1,11
"ANXIETY, fits, with","MIND - ANXIETY - fits, with",mind,sub,hyos,2,11
"ANXIETY, fits, with","MIND - ANXIETY - fits, with",mind,sub,ign,1,11
"ANXIETY, flatus, from","MIND - ANXIETY - flatus, from",mind,sub,coff,2,12
"ANXIETY, flatus, from","MIND - ANXIETY - flatus, from",mind,sub,nux-v,1,12
"ANXIETY, emission of, amel","MIND - ANXIETY - emission of, amel",mind,sub,calc,2,12
"ANXIETY, flushes of heat, during","MIND - ANXIETY - flushes of heat, during",mind,sub,ambr,2,12
"ANXIETY, flushes of heat, during","MIND - ANXIETY - flushes of heat, during",mind,sub,am-c,1,12
"ANXIETY, flushes of heat, during","MIND - ANXIETY - flushes of heat, during",mind,sub,calc,1,12
"ANXIETY, flushes of heat, during","MIND - ANXIETY - flushes of heat, during",mind,sub,dros,1,12
"ANXIETY, flushes of heat, during","MIND - ANXIETY - flushes of heat, during",mind,sub,graph,1,12
"ANXIETY, flushes of heat, during","MIND - ANXIETY - flushes of heat, during",mind,sub,ign,1,12
"ANXIETY, flushes of heat, during","MIND - ANXIETY - flushes of heat, during",mind,sub,op,1,12
"ANXIETY, flushes of heat, during","MIND - ANXIETY - flushes of heat, during",mind,sub,phos,1,12
"ANXIETY, flushes of heat, during","MIND - ANXIETY - flushes of heat, during",mind,sub,plat,1,12
"ANXIETY, flushes of heat, during","MIND - ANXIETY - flushes of heat, during",mind,sub,puls,1,12
"ANXIETY, flushes of heat, during","MIND - ANXIETY - flushes of heat, during",mind,sub,sulph,1,12
"ANXIETY, foot bath, after a","MIND - ANXIETY - foot bath, after a",mind,sub,nat-c,2,12
"ANXIETY, friends at home, about","MIND - ANXIETY - friends at home, about",mind,sub,bar-c,2,12
"ANXIETY, friends at home, about","MIND - ANXIETY - friends at home, about",mind,sub,phos,1,12
"ANXIETY, friends at home, about","MIND - ANXIETY - friends at home, about",mind,sub,phys,1,12
"ANXIETY, friends at home, about","MIND - ANXIETY - friends at home, about",mind,sub,sil,1,12
"ANXIETY, fright, after","MIND - ANXIETY - fright, after",mind,sub,acon,2,12
"ANXIETY, fright, after","MIND - ANXIETY - fright, after",mind,sub,gels,1,12
"ANXIETY, fright, after","MIND - ANXIETY - fright, after",mind,sub,lyc,1,12
"ANXIETY, fright, after","MIND - ANXIETY - fright, after",mind,sub,merc,1,12
"ANXIETY, fright, after","MIND - ANXIETY - fright, after",mind,sub,nat-m,1,12
"ANXIETY, fright, after","MIND - ANXIETY - fright, after",mind,sub,op,1,12
"ANXIETY, fright, after","MIND - ANXIETY - fright, after",mind,sub,rob,1,12
"ANXIETY, fright, after","MIND - ANXIETY - fright, after",mind,sub,sil,1,12
"ANXIETY, future, about","MIND - ANXIETY - future, about",mind,sub,acon,2,12
"ANXIETY, future, about","MIND - ANXIETY - future, about",mind,sub,agar,1,12
"ANXIETY, future, about","MIND - ANXIETY - future, about",mind,sub,alum,1,12
"ANXIETY, future, about","MIND - ANXIETY - future, about",mind,sub,anac,1,12
"ANXIETY, future, about","MIND - ANXIETY - future, about",mind,sub,ant-c,1,12
"ANXIETY, future, about","MIND - ANXIETY - future, about",mind,sub,ant-t,1,12
"ANXIETY, future, about","MIND - ANXIETY - future, about",mind,sub,ars,1,12
"ANXIETY, future, about","MIND - ANXIETY - future, about",mind,sub,bar-c,1,12
"ANXIETY, future, about","MIND - ANXIETY - future, about",mind,sub,bell,1,12
"ANXIETY, future, about","MIND - ANXIETY - future, about",mind,sub,bry,1,12
"ANXIETY, future, about","MIND - ANXIETY - future, about",mind,sub,calad,1,12
"ANXIETY, future, about","MIND - ANXIETY - future, about",mind,sub,cale,2,12
"ANXIETY, future, about","MIND - ANXIETY - future, about",mind,sub,calc-ar,1,12
"ANXIETY, future, about","MIND - ANXIETY - future, about",mind,sub,calc-s,1,12
"ANXIETY, future, about","MIND - ANXIETY - future, about",mind,sub,chin-s,2,12
"ANXIETY, future, about","MIND - ANXIETY - future, about",mind,sub,cic,2,12
"ANXIETY, future, about","MIND - ANXIETY - future, about",mind,sub,cocc,1,12
"ANXIETY, future, about","MIND - ANXIETY - future, about",mind,sub,con,1,12
"ANXIETY, future, about","MIND - ANXIETY - future, about",mind,sub,cycl,1,12
"ANXIETY, future, about","MIND - ANXIETY - future, about",mind,sub,dig,1,12
"ANXIETY, future, about","MIND - ANXIETY - future, about",mind,sub,elaps,1,12
"ANXIETY, future, about","MIND - ANXIETY - future, about",mind,sub,euph,1,12
"ANXIETY, future, about","MIND - ANXIETY - future, about",mind,sub,ferr,1,12
"ANXIETY, future, about","MIND - ANXIETY - future, about",mind,sub,ferr-p,1,12
"ANXIETY, future, about","MIND - ANXIETY - future, about",mind,sub,fl-ac,1,12
"ANXIETY, future, about","MIND - ANXIETY - future, about",mind,sub,gels,1,12
"ANXIETY, future, about","MIND - ANXIETY - future, about",mind,sub,gins,1,12
"ANXIETY, future, about","MIND - ANXIETY - future, about",mind,sub,graph,2,12
"ANXIETY, future, about","MIND - ANXIETY - future, about",mind,sub,hep,1,12
"ANXIETY, future, about","MIND - ANXIETY - future, about",mind,sub,hura,1,12
"ANXIETY, future, about","MIND - ANXIETY - future, about",mind,sub,ign,1,12
"ANXIETY, future, about","MIND - ANXIETY - future, about",mind,sub,kali-bi,1,12
"ANXIETY, future, about","MIND - ANXIETY - future, about",mind,sub,kali-c,1,12
"ANXIETY, future, about","MIND - ANXIETY - future, about",mind,sub,kali-i,1,12
"ANXIETY, future, about","MIND - ANXIETY - future, about",mind,sub,kalm,1,12
"ANXIETY, future, about","MIND - ANXIETY - future, about",mind,sub,laur,1,12
"ANXIETY, future, about","MIND - ANXIETY - future, about",mind,sub,lil-t,1,12
"ANXIETY, future, about","MIND - ANXIETY - future, about",mind,sub,mang,1,12
"ANXIETY, future, about","MIND - ANXIETY - future, about",mind,sub,mez,1,12
"ANXIETY, future, about","MIND - ANXIETY - future, about",mind,sub,nat-ac,1,12
"ANXIETY, future, about","MIND - ANXIETY - future, about",mind,sub,nat-c,1,12
"ANXIETY, future, about","MIND - ANXIETY - future, about",mind,sub,nat-m,2,12
"ANXIETY, future, about","MIND - ANXIETY - future, about",mind,sub,nat-p,1,12
"ANXIETY, future, about","MIND - ANXIETY - future, about",mind,sub,nux-v,1,12
"ANXIETY, future, about","MIND - ANXIETY - future, about",mind,sub,petr,1,12
"ANXIETY, future, about","MIND - ANXIETY - future, about",mind,sub,ph-ac,1,12
"ANXIETY, future, about","MIND - ANXIETY - future, about",mind,sub,phos,2,12
"ANXIETY, future, about","MIND - ANXIETY - future, about",mind,sub,psor,1,12
"ANXIETY, future, about","MIND - ANXIETY - future, about",mind,sub,puls,1,12
"ANXIETY, future, about","MIND - ANXIETY - future, about",mind,sub,ran-b,1,12
"ANXIETY, future, about","MIND - ANXIETY - future, about",mind,sub,rhus-t,1,12
"ANXIETY, future, about","MIND - ANXIETY - future, about",mind,sub,sabin,1,12
"ANXIETY, future, about","MIND - ANXIETY - future, about",mind,sub,sang,1,12
"ANXIETY, future, about","MIND - ANXIETY - future, about",mind,sub,sars,1,12
"ANXIETY, future, about","MIND - ANXIETY - future, about",mind,sub,spig,1,12
"ANXIETY, future, about","MIND - ANXIETY - future, about",mind,sub,stann,1,12
"ANXIETY, future, about","MIND - ANXIETY - future, about",mind,sub,staph,1,12
"ANXIETY, future, about","MIND - ANXIETY - future, about",mind,sub,stram,1,12
"ANXIETY, future, about","MIND - ANXIETY - future, about",mind,sub,sulph,1,12
"ANXIETY, future, about","MIND - ANXIETY - future, about",mind,sub,tarent,1,12
"ANXIETY, future, about","MIND - ANXIETY - future, about",mind,sub,thuj,1,12
"ANXIETY, future, about","MIND - ANXIETY - future, about",mind,sub,verat,1,12
"ANXIETY, future, about","MIND - ANXIETY - future, about",mind,sub,xan,1,12
"ANXIETY, headache, with","MIND - ANXIETY - headache, with",mind,sub,acon,2,12
"ANXIETY, headache, with","MIND - ANXIETY - headache, with",mind,sub,am,1,12
"ANXIETY, headache, with","MIND - ANXIETY - headache, with",mind,sub,bell,1,12
"ANXIETY, headache, with","MIND - ANXIETY - headache, with",mind,sub,bov,1,12
"ANXIETY, headache, with","MIND - ANXIETY - headache, with",mind,sub,caust,1,12
"ANXIETY, headache, with","MIND - ANXIETY - headache, with",mind,sub,fl-ac,1,12
"ANXIETY, headache, with","MIND - ANXIETY - headache, with",mind,sub,glon,1,12
"ANXIETY, headache, with","MIND - ANXIETY - headache, with",mind,sub,tub,1,12
"ANXIETY, health, about","MIND - ANXIETY - health, about",mind,sub,acet-ac,2,12
"ANXIETY, health, about","MIND - ANXIETY - health, about",mind,sub,acon,1,12
"ANXIETY, health, about","MIND - ANXIETY - health, about",mind,sub,alum,1,12
"ANXIETY, health, about","MIND - ANXIETY - health, about",mind,sub,arg-m,1,12
"ANXIETY, health, about","MIND - ANXIETY - health, about",mind,sub,arg-n,1,12
"ANXIETY, health, about","MIND - ANXIETY - health, about",mind,sub,arn,1,12
"ANXIETY, health, about","MIND - ANXIETY - health, about",mind,sub,ars,1,12
"ANXIETY, health, about","MIND - ANXIETY - health, about",mind,sub,bry,1,12
"ANXIETY, health, about","MIND - ANXIETY - health, about",mind,sub,calad,1,12
"ANXIETY, health, about","MIND - ANXIETY - health, about",mind,sub,calc,1,12
"ANXIETY, health, about","MIND - ANXIETY - health, about",mind,sub,calc-s,1,12
"ANXIETY, health, about","MIND - ANXIETY - health, about",mind,sub,cocc,1,12
"ANXIETY, health, about","MIND - ANXIETY - health, about",mind,sub,grat,1,12
"ANXIETY, health, about","MIND - ANXIETY - health, about",mind,sub,ign,1,12
"ANXIETY, health, about","MIND - ANXIETY - health, about",mind,sub,kali-ar,2,12
"ANXIETY, health, about","MIND - ANXIETY - health, about",mind,sub,kali-bi,1,12
"ANXIETY, health, about","MIND - ANXIETY - health, about",mind,sub,kali-p,1,12
"ANXIETY, health, about","MIND - ANXIETY - health, about",mind,sub,lac-c,1,12
"ANXIETY, health, about","MIND - ANXIETY - health, about",mind,sub,lach,1,12
"ANXIETY, health, about","MIND - ANXIETY - health, about",mind,sub,laur,1,12
"ANXIETY, health, about","MIND - ANXIETY - health, about",mind,sub,mag-c,1,12
"ANXIETY, health, about","MIND - ANXIETY - health, about",mind,sub,mez,1,12
"ANXIETY, health, about","MIND - ANXIETY - health, about",mind,sub,nat-ac,1,12
"ANXIETY, health, about","MIND - ANXIETY - health, about",mind,sub,nit-ac,2,12
"ANXIETY, health, about","MIND - ANXIETY - health, about",mind,sub,nux-m,1,12
"ANXIETY, health, about","MIND - ANXIETY - health, about",mind,sub,nux-v,1,12
"ANXIETY, health, about","MIND - ANXIETY - health, about",mind,sub,ph-ac,1,12
"ANXIETY, health, about","MIND - ANXIETY - health, about",mind,sub,phos,1,12
"ANXIETY, health, about","MIND - ANXIETY - health, about",mind,sub,psor,1,12
"ANXIETY, health, about","MIND - ANXIETY - health, about",mind,sub,puls,1,12
"ANXIETY, health, about","MIND - ANXIETY - health, about",mind,sub,sep,1,12
"ANXIETY, health, about","MIND - ANXIETY - health, about",mind,sub,sil,1,12
"ANXIETY, health, about","MIND - ANXIETY - health, about",mind,sub,staph,1,12
"ANXIETY, especially during climacteric period",MIND - ANXIETY - especially during climacteric period,mind,sub,sil,2,12
"ANXIETY, hot air as if in",MIND - ANXIETY - hot air as if in,mind,sub,puls,2,12
"ANXIETY, house, in","MIND - ANXIETY - house, in",mind,sub,alum,2,12
"ANXIETY, house, in","MIND - ANXIETY - house, in",mind,sub,ars,1,12
"ANXIETY, house, in","MIND - ANXIETY - house, in",mind,sub,aster,1,12
"ANXIETY, house, in","MIND - ANXIETY - house, in",mind,sub,bry,1,12
"ANXIETY, house, in","MIND - ANXIETY - house, in",mind,sub,carl,1,12
"ANXIETY, house, in","MIND - ANXIETY - house, in",mind,sub,chel,1,12
"ANXIETY, house, in","MIND - ANXIETY - house, in",mind,sub,kali-c,1,12
"ANXIETY, house, in","MIND - ANXIETY - house, in",mind,sub,lyc,2,12
"ANXIETY, house, in","MIND - ANXIETY - house, in",mind,sub,mag-m,1,12
"ANXIETY, house, in","MIND - ANXIETY - house, in",mind,sub,plat,1,12
"ANXIETY, house, in","MIND - ANXIETY - house, in",mind,sub,rhus-t,2,12
"ANXIETY, house, in","MIND - ANXIETY - house, in",mind,sub,spong,1,12
"ANXIETY, house, in","MIND - ANXIETY - house, in",mind,sub,til,1,12
"ANXIETY, house, in","MIND - ANXIETY - house, in",mind,sub,valer,1,12
"ANXIETY, house, amel., on entering","MIND - ANXIETY - house, amel., on entering",mind,sub,alum,2,12
"ANXIETY, house, amel., on entering","MIND - ANXIETY - house, amel., on entering",mind,sub,rhod,1,12
"ANXIETY, hungry, when","MIND - ANXIETY - hungry, when",mind,sub,iod,2,12
"ANXIETY, hungry, when","MIND - ANXIETY - hungry, when",mind,sub,kali-c,1,12
"ANXIETY, hypochondriacal",MIND - ANXIETY - hypochondriacal,mind,sub,am-c,2,12
"ANXIETY, hypochondriacal",MIND - ANXIETY - hypochondriacal,mind,sub,anac,1,12
"ANXIETY, hypochondriacal",MIND - ANXIETY - hypochondriacal,mind,sub,am,1,12
"ANXIETY, hypochondriacal",MIND - ANXIETY - hypochondriacal,mind,sub,ars,1,12
"ANXIETY, hypochondriacal",MIND - ANXIETY - hypochondriacal,mind,sub,asaf,1,12
"ANXIETY, hypochondriacal",MIND - ANXIETY - hypochondriacal,mind,sub,calad,1,12
"ANXIETY, hypochondriacal",MIND - ANXIETY - hypochondriacal,mind,sub,caust,1,12
"ANXIETY, hypochondriacal",MIND - ANXIETY - hypochondriacal,mind,sub,dros,1,12
"ANXIETY, hypochondriacal",MIND - ANXIETY - hypochondriacal,mind,sub,ferr-p,1,12
"ANXIETY, hypochondriacal",MIND - ANXIETY - hypochondriacal,mind,sub,grat,1,12
"ANXIETY, hypochondriacal",MIND - ANXIETY - hypochondriacal,mind,sub,kali-bi,1,12
"ANXIETY, hypochondriacal",MIND - ANXIETY - hypochondriacal,mind,sub,kali-p,1,12
"ANXIETY, hypochondriacal",MIND - ANXIETY - hypochondriacal,mind,sub,mosch,1,12
"ANXIETY, hypochondriacal",MIND - ANXIETY - hypochondriacal,mind,sub,nat-m,2,12
"ANXIETY, hypochondriacal",MIND - ANXIETY - hypochondriacal,mind,sub,nit-ac,1,12
"ANXIETY, hypochondriacal",MIND - ANXIETY - hypochondriacal,mind,sub,ph-ac,1,12
"ANXIETY, hypochondriacal",MIND - ANXIETY - hypochondriacal,mind,sub,phos,2,12
"ANXIETY, hypochondriacal",MIND - ANXIETY - hypochondriacal,mind,sub,valer,1,12
"ANXIETY, ineffectual desire for stool, from","MIND - ANXIETY - ineffectual desire for stool, from",mind,sub,ambr,2,12
"ANXIETY, looking steadily",MIND - ANXIETY - looking steadily,mind,sub,sep,2,12
"ANXIETY, lying, while","MIND - ANXIETY - lying, while",mind,sub,ars,2,12
"ANXIETY, lying, while","MIND - ANXIETY - lying, while",mind,sub,calc-s,1,12
"ANXIETY, lying, while","MIND - ANXIETY - lying, while",mind,sub,caust,2,12
"ANXIETY, lying, while","MIND - ANXIETY - lying, while",mind,sub,cench,1,12
"ANXIETY, lying, while","MIND - ANXIETY - lying, while",mind,sub,nux-v,1,12
"ANXIETY, lying, while","MIND - ANXIETY - lying, while",mind,sub,puls,1,12
"ANXIETY, lying, while","MIND - ANXIETY - lying, while",mind,sub,sil,1,12
"ANXIETY, lying, while","MIND - ANXIETY - lying, while",mind,sub,spong,1,12
"ANXIETY, lying, while","MIND - ANXIETY - lying, while",mind,sub,stann,1,12
"ANXIETY, lying, amel","MIND - ANXIETY - lying, amel",mind,sub,mang,2,12
"ANXIETY, lying, must lie down with anguish","MIND - ANXIETY - lying, must lie down with anguish",mind,sub,mez,2,12
"ANXIETY, lying, must lie down with anguish","MIND - ANXIETY - lying, must lie down with anguish",mind,sub,phel,1,12
"ANXIETY, lying, must lie down with anguish","MIND - ANXIETY - lying, must lie down with anguish",mind,sub,ph-ac,1,12
"ANXIETY, lying, on side","MIND - ANXIETY - lying, on side",mind,sub,bar-c,2,12
"ANXIETY, lying, on side","MIND - ANXIETY - lying, on side",mind,sub,kali-c,1,12
"ANXIETY, lying, on side","MIND - ANXIETY - lying, on side",mind,sub,puls,1,12
"ANXIETY, lying, right side, from flatulence","MIND - ANXIETY - lying, right side, from flatulence",mind,sub,kali-c,2,12
"ANXIETY, lying, on left","MIND - ANXIETY - lying, on left",mind,sub,bar-c,2,12
"ANXIETY, lying, on left","MIND - ANXIETY - lying, on left",mind,sub,phos,2,12
"ANXIETY, lying, on left","MIND - ANXIETY - lying, on left",mind,sub,rob,1,12
"ANXIETY, lying, on left","MIND - ANXIETY - lying, on left",mind,sub,sil,1,12
"ANXIETY, manual labor, from","MIND - ANXIETY - manual labor, from",mind,sub,tod,2,12
"ANXIETY, menses, before","MIND - ANXIETY - menses, before",mind,sub,acon,2,12
"ANXIETY, menses, before","MIND - ANXIETY - menses, before",mind,sub,am-c,1,12
"ANXIETY, menses, before","MIND - ANXIETY - menses, before",mind,sub,carb-an,1,12
"ANXIETY, menses, before","MIND - ANXIETY - menses, before",mind,sub,carb-s,1,12
"ANXIETY, menses, before","MIND - ANXIETY - menses, before",mind,sub,carb-v,1,12
"ANXIETY, menses, before","MIND - ANXIETY - menses, before",mind,sub,cocc,1,12
"ANXIETY, menses, before","MIND - ANXIETY - menses, before",mind,sub,con,1,12
"ANXIETY, menses, before","MIND - ANXIETY - menses, before",mind,sub,graph,1,12
"ANXIETY, menses, before","MIND - ANXIETY - menses, before",mind,sub,ign,1,12
"ANXIETY, menses, before","MIND - ANXIETY - menses, before",mind,sub,kali-bi,1,12
"ANXIETY, menses, before","MIND - ANXIETY - menses, before",mind,sub,mag-ar,1,12
"ANXIETY, menses, before","MIND - ANXIETY - menses, before",mind,sub,mang,1,12
"ANXIETY, menses, before","MIND - ANXIETY - menses, before",mind,sub,merc,1,12
"ANXIETY, menses, before","MIND - ANXIETY - menses, before",mind,sub,nat-m,1,12
"ANXIETY, menses, before","MIND - ANXIETY - menses, before",mind,sub,nit-ac,1,12
"ANXIETY, menses, before","MIND - ANXIETY - menses, before",mind,sub,nux-v,1,12
"ANXIETY, menses, before","MIND - ANXIETY - menses, before",mind,sub,phos,1,12
"ANXIETY, menses, before","MIND - ANXIETY - menses, before",mind,sub,sep,1,12
"ANXIETY, menses, before","MIND - ANXIETY - menses, before",mind,sub,stram,1,12
"ANXIETY, menses, before","MIND - ANXIETY - menses, before",mind,sub,sulph,1,12
"ANXIETY, menses, before","MIND - ANXIETY - menses, before",mind,sub,zinc,1,12
"ANXIETY, menses, during","MIND - ANXIETY - menses, during",mind,sub,acon,2,12
"ANXIETY, menses, during","MIND - ANXIETY - menses, during",mind,sub,bell,1,12
"ANXIETY, menses, during","MIND - ANXIETY - menses, during",mind,sub,calc,1,12
"ANXIETY, menses, during","MIND - ANXIETY - menses, during",mind,sub,canth,1,12
"ANXIETY, menses, during","MIND - ANXIETY - menses, during",mind,sub,cimic,1,12
"ANXIETY, menses, during","MIND - ANXIETY - menses, during",mind,sub,cina,1,12
"ANXIETY, menses, during","MIND - ANXIETY - menses, during",mind,sub,coff,1,12
"ANXIETY, menses, during","MIND - ANXIETY - menses, during",mind,sub,con,1,12
"ANXIETY, menses, during","MIND - ANXIETY - menses, during",mind,sub,ign,1,12
"ANXIETY, menses, during","MIND - ANXIETY - menses, during",mind,sub,nit-ac,1,12
"ANXIETY, menses, during","MIND - ANXIETY - menses, during",mind,sub,kali-bi,1,12
"ANXIETY, menses, during","MIND - ANXIETY - menses, during",mind,sub,merc,1,12
"ANXIETY, menses, during","MIND - ANXIETY - menses, during",mind,sub,nat-m,1,12
"ANXIETY, menses, during","MIND - ANXIETY - menses, during",mind,sub,op,1,12
"ANXIETY, menses, during","MIND - ANXIETY - menses, during",mind,sub,phos,1,12
"ANXIETY, menses, during","MIND - ANXIETY - menses, during",mind,sub,plat,1,12
"ANXIETY, menses, during","MIND - ANXIETY - menses, during",mind,sub,sec,1,12
"ANXIETY, menses, during","MIND - ANXIETY - menses, during",mind,sub,sil,2,12
"ANXIETY, menses, during","MIND - ANXIETY - menses, during",mind,sub,stann,1,12
"ANXIETY, menses, during","MIND - ANXIETY - menses, during",mind,sub,sulph,1,12
"ANXIETY, menses, during","MIND - ANXIETY - menses, during",mind,sub,zinc,1,12
"ANXIETY, menses, amel","MIND - ANXIETY - menses, amel",mind,sub,stann,2,12
"ANXIETY, menses, amel","MIND - ANXIETY - menses, amel",mind,sub,zinc,1,12
"ANXIETY, menses, after","MIND - ANXIETY - menses, after",mind,sub,agar,2,12
"ANXIETY, menses, after","MIND - ANXIETY - menses, after",mind,sub,phos,1,12
"ANXIETY, menses, after","MIND - ANXIETY - menses, after",mind,sub,sec,1,12
"ANXIETY, menses, which prevents sleep","MIND - ANXIETY - menses, which prevents sleep",mind,sub,agat,2,12
"ANXIETY, mental exertion",MIND - ANXIETY - mental exertion,mind,sub,acon,2,12
"ANXIETY, mental exertion",MIND - ANXIETY - mental exertion,mind,sub,ars,1,12
"ANXIETY, mental exertion",MIND - ANXIETY - mental exertion,mind,sub,calc,1,12
"ANXIETY, mental exertion",MIND - ANXIETY - mental exertion,mind,sub,camph,1,12
"ANXIETY, mental exertion",MIND - ANXIETY - mental exertion,mind,sub,cham,1,12
"ANXIETY, mental exertion",MIND - ANXIETY - mental exertion,mind,sub,cupr,1,12
"ANXIETY, mental exertion",MIND - ANXIETY - mental exertion,mind,sub,iod,1,12
"ANXIETY, mental exertion",MIND - ANXIETY - mental exertion,mind,sub,nat-c,1,12
"ANXIETY, mental exertion",MIND - ANXIETY - mental exertion,mind,sub,nit-ac,1,12
"ANXIETY, mental exertion",MIND - ANXIETY - mental exertion,mind,sub,nux-v,1,12
"ANXIETY, mental exertion",MIND - ANXIETY - mental exertion,mind,sub,phos,1,12
"ANXIETY, mental exertion",MIND - ANXIETY - mental exertion,mind,sub,plan,1,12
"ANXIETY, mental exertion",MIND - ANXIETY - mental exertion,mind,sub,puls,1,12
"ANXIETY, mental exertion",MIND - ANXIETY - mental exertion,mind,sub,rhus-t,1,12
"ANXIETY, mental exertion",MIND - ANXIETY - mental exertion,mind,sub,sec,1,12
"ANXIETY, mental exertion",MIND - ANXIETY - mental exertion,mind,sub,verat,1,12
"ANXIETY, motion, from","MIND - ANXIETY - motion, from",mind,sub,ars,2,12
"ANXIETY, motion, from","MIND - ANXIETY - motion, from",mind,sub,bell,1,12
"ANXIETY, motion, from","MIND - ANXIETY - motion, from",mind,sub,bry,1,12
"ANXIETY, motion, from","MIND - ANXIETY - motion, from",mind,sub,laur,1,12
"ANXIETY, motion, from","MIND - ANXIETY - motion, from",mind,sub,nicc,1,12
"ANXIETY, motion, from","MIND - ANXIETY - motion, from",mind,sub,rheum,1,12
"ANXIETY, motion, from","MIND - ANXIETY - motion, from",mind,sub,stann,1,12
"ANXIETY, motion, amel","MIND - ANXIETY - motion, amel",mind,sub,acon,2,12
"ANXIETY, motion, amel","MIND - ANXIETY - motion, amel",mind,sub,act-s,1,12
"ANXIETY, motion, amel","MIND - ANXIETY - motion, amel",mind,sub,ars,1,12
"ANXIETY, motion, amel","MIND - ANXIETY - motion, amel",mind,sub,naja,1,12
"ANXIETY, motion, amel","MIND - ANXIETY - motion, amel",mind,sub,ph-ac,1,12
"ANXIETY, motion, amel","MIND - ANXIETY - motion, amel",mind,sub,puls,1,12
"ANXIETY, motion, amel","MIND - ANXIETY - motion, amel",mind,sub,seneg,1,12
"ANXIETY, motion, amel","MIND - ANXIETY - motion, amel",mind,sub,sil,1,12
"ANXIETY, motion, amel","MIND - ANXIETY - motion, amel",mind,sub,tarax,1,12
"ANXIETY, motion, downward","MIND - ANXIETY - motion, downward",mind,sub,bor,2,12
"ANXIETY, motion, downward","MIND - ANXIETY - motion, downward",mind,sub,gels,1,12
"ANXIETY, music, from","MIND - ANXIETY - music, from",mind,sub,tarent,2,12
"ANXIETY, night watching, from","MIND - ANXIETY - night watching, from",mind,sub,caust,2,12
"ANXIETY, night watching, from","MIND - ANXIETY - night watching, from",mind,sub,cocc,1,12
"ANXIETY, night watching, from","MIND - ANXIETY - night watching, from",mind,sub,cupr,1,12
"ANXIETY, night watching, from","MIND - ANXIETY - night watching, from",mind,sub,nit-ac,2,12
"ANXIETY, noise, from","MIND - ANXIETY - noise, from",mind,sub,agar,2,13
"ANXIETY, noise, from","MIND - ANXIETY - noise, from",mind,sub,alum,1,13
"ANXIETY, noise, from","MIND - ANXIETY - noise, from",mind,sub,aur,1,13
"ANXIETY, noise, from","MIND - ANXIETY - noise, from",mind,sub,bar-c,1,13
"ANXIETY, noise, from","MIND - ANXIETY - noise, from",mind,sub,caps,1,13
"ANXIETY, noise, from","MIND - ANXIETY - noise, from",mind,sub,caust,1,13
"ANXIETY, noise, from","MIND - ANXIETY - noise, from",mind,sub,chel,1,13
"ANXIETY, noise, from","MIND - ANXIETY - noise, from",mind,sub,nat-c,1,13
"ANXIETY, noise, from","MIND - ANXIETY - noise, from",mind,sub,petr,1,13
"ANXIETY, noise, from","MIND - ANXIETY - noise, from",mind,sub,phos,1,13
"ANXIETY, noise, from","MIND - ANXIETY - noise, from",mind,sub,sil,2,13
"ANXIETY, noise, of rushing water","MIND - ANXIETY - noise, of rushing water",mind,sub,lyss,2,13
"ANXIETY, noise, of rushing water","MIND - ANXIETY - noise, of rushing water",mind,sub,stram,2,13
"ANXIETY, others, for","MIND - ANXIETY - others, for",mind,sub,ars,2,13
"ANXIETY, others, for","MIND - ANXIETY - others, for",mind,sub,bar-c,1,13
"ANXIETY, others, for","MIND - ANXIETY - others, for",mind,sub,cocc,1,13
"ANXIETY, others, for","MIND - ANXIETY - others, for",mind,sub,phos,1,13
"ANXIETY, others, for","MIND - ANXIETY - others, for",mind,sub,sulph,1,13
"ANXIETY, pains, from the","MIND - ANXIETY - pains, from the",mind,sub,acon,2,13
"ANXIETY, pains, from the","MIND - ANXIETY - pains, from the",mind,sub,ars,1,13
"ANXIETY, pains, from the","MIND - ANXIETY - pains, from the",mind,sub,carb-v,1,13
"ANXIETY, pains, from the","MIND - ANXIETY - pains, from the",mind,sub,caust,1,13
"ANXIETY, pains, from the","MIND - ANXIETY - pains, from the",mind,sub,kali-c,1,13
"ANXIETY, paroxysms",MIND - ANXIETY - paroxysms,mind,sub,nit-ac,2,13
"ANXIETY, periodical",MIND - ANXIETY - periodical,mind,sub,ars,2,13
"ANXIETY, periodical",MIND - ANXIETY - periodical,mind,sub,cham,1,13
"ANXIETY, periodical",MIND - ANXIETY - periodical,mind,sub,cocc,1,13
"ANXIETY, periodical",MIND - ANXIETY - periodical,mind,sub,nat-c,1,13
"ANXIETY, periodical",MIND - ANXIETY - periodical,mind,sub,nat-m,1,13
"ANXIETY, periodical",MIND - ANXIETY - periodical,mind,sub,petr,1,13
"ANXIETY, periodical",MIND - ANXIETY - periodical,mind,sub,sep,1,13
"ANXIETY, periodical",MIND - ANXIETY - periodical,mind,sub,spong,1,13
"ANXIETY, periodical",MIND - ANXIETY - periodical,mind,sub,sulph,1,13
"ANXIETY, playing piano, while","MIND - ANXIETY - playing piano, while",mind,sub,nat-c,2,13
"ANXIETY, pressure on the chest",MIND - ANXIETY - pressure on the chest,mind,sub,sulph,2,13
"ANXIETY, pursued when walking, as if","MIND - ANXIETY - pursued when walking, as if",mind,sub,anac,2,13
"ANXIETY, railroad, when about to journey by, amel., while in train","MIND - ANXIETY - railroad, when about to journey by, amel., while in train",mind,sub,ars,2,13
"ANXIETY, reading, while","MIND - ANXIETY - reading, while",mind,sub,mag-m,2,13
"ANXIETY, reading, while","MIND - ANXIETY - reading, while",mind,sub,sep,1,13
"ANXIETY, riding, while","MIND - ANXIETY - riding, while",mind,sub,aur,2,13
"ANXIETY, riding, while","MIND - ANXIETY - riding, while",mind,sub,bor,1,13
"ANXIETY, riding, while","MIND - ANXIETY - riding, while",mind,sub,lach,1,13
"ANXIETY, riding, while","MIND - ANXIETY - riding, while",mind,sub,psor,1,13
"ANXIETY, riding, while","MIND - ANXIETY - riding, while",mind,sub,sep,1,13
"ANXIETY, riding hill",MIND - ANXIETY - riding hill,mind,sub,bor,2,13
"ANXIETY, riding hill",MIND - ANXIETY - riding hill,mind,sub,psor,1,13
"ANXIETY, rising, after","MIND - ANXIETY - rising, after",mind,sub,arg-n,2,14
"ANXIETY, rising, after","MIND - ANXIETY - rising, after",mind,sub,carb-an,1,14
"ANXIETY, rising, after","MIND - ANXIETY - rising, after",mind,sub,chel,1,14
"ANXIETY, rising, after","MIND - ANXIETY - rising, after",mind,sub,mag-c,1,14
"ANXIETY, rising, after","MIND - ANXIETY - rising, after",mind,sub,rhus-t,1,14
"ANXIETY, rising from a seat, on","MIND - ANXIETY - rising from a seat, on",mind,sub,berb,2,14
"ANXIETY, rising from a seat, on","MIND - ANXIETY - rising from a seat, on",mind,sub,verat,1,14
"ANXIETY, rising, amel","MIND - ANXIETY - rising, amel",mind,sub,mill,2,14
"ANXIETY, salvation, about","MIND - ANXIETY - salvation, about",mind,sub,ars,2,14
"ANXIETY, salvation, about","MIND - ANXIETY - salvation, about",mind,sub,aur,1,14
"ANXIETY, salvation, about","MIND - ANXIETY - salvation, about",mind,sub,calc,1,14
"ANXIETY, salvation, about","MIND - ANXIETY - salvation, about",mind,sub,calc-s,1,14
"ANXIETY, salvation, about","MIND - ANXIETY - salvation, about",mind,sub,camph,1,14
"ANXIETY, salvation, about","MIND - ANXIETY - salvation, about",mind,sub,cann-i,1,14
"ANXIETY, salvation, about","MIND - ANXIETY - salvation, about",mind,sub,graph,1,14
"ANXIETY, salvation, about","MIND - ANXIETY - salvation, about",mind,sub,hura,1,14
"ANXIETY, salvation, about","MIND - ANXIETY - salvation, about",mind,sub,ign,1,14
"ANXIETY, salvation, about","MIND - ANXIETY - salvation, about",mind,sub,kali-p,1,14
"ANXIETY, salvation, about","MIND - ANXIETY - salvation, about",mind,sub,lach,2,14
"ANXIETY, salvation, about","MIND - ANXIETY - salvation, about",mind,sub,lil-t,2,14
"ANXIETY, salvation, about","MIND - ANXIETY - salvation, about",mind,sub,lyc,1,14
"ANXIETY, salvation, about","MIND - ANXIETY - salvation, about",mind,sub,med,1,14
"ANXIETY, salvation, about","MIND - ANXIETY - salvation, about",mind,sub,mez,1,14
"ANXIETY, salvation, about","MIND - ANXIETY - salvation, about",mind,sub,nat-m,1,14
"ANXIETY, salvation, about","MIND - ANXIETY - salvation, about",mind,sub,plat,1,14
"ANXIETY, salvation, about","MIND - ANXIETY - salvation, about",mind,sub,psor,1,14
"ANXIETY, salvation, about","MIND - ANXIETY - salvation, about",mind,sub,puls,1,14
"ANXIETY, salvation, about","MIND - ANXIETY - salvation, about",mind,sub,stram,1,14
"ANXIETY, salvation, about","MIND - ANXIETY - salvation, about",mind,sub,sulph,1,14
"ANXIETY, salvation, about","MIND - ANXIETY - salvation, about",mind,sub,thuj,1,14
"ANXIETY, salvation, about","MIND - ANXIETY - salvation, about",mind,sub,verat,2,14
"ANXIETY, salvation, morning","MIND - ANXIETY - salvation, morning",mind,sub,psor,2,14
"ANXIETY, sedentary employment, from","MIND - ANXIETY - sedentary employment, from",mind,sub,ars,2,14
"ANXIETY, sedentary employment, from","MIND - ANXIETY - sedentary employment, from",mind,sub,graph,1,14
"ANXIETY, sewing",MIND - ANXIETY - sewing,mind,sub,sep,2,14
"ANXIETY, shaving, while","MIND - ANXIETY - shaving, while",mind,sub,calad,2,14
"ANXIETY, shuddering, with","MIND - ANXIETY - shuddering, with",mind,sub,bell,2,14
"ANXIETY, shuddering, with","MIND - ANXIETY - shuddering, with",mind,sub,calc,1,14
"ANXIETY, shuddering, with","MIND - ANXIETY - shuddering, with",mind,sub,carb-v,1,14
"ANXIETY, shuddering, with","MIND - ANXIETY - shuddering, with",mind,sub,nat-c,1,14
"ANXIETY, shuddering, with","MIND - ANXIETY - shuddering, with",mind,sub,plat,1,14
"ANXIETY, shuddering, with","MIND - ANXIETY - shuddering, with",mind,sub,puls,1,14
"ANXIETY, shuddering, with","MIND - ANXIETY - shuddering, with",mind,sub,tab,1,14
"ANXIETY, shuddering, with","MIND - ANXIETY - shuddering, with",mind,sub,verat,1,14
"ANXIETY, sitting, while","MIND - ANXIETY - sitting, while",mind,sub,benz-ac,2,14
"ANXIETY, sitting, while","MIND - ANXIETY - sitting, while",mind,sub,carb-an,1,14
"ANXIETY, sitting, while","MIND - ANXIETY - sitting, while",mind,sub,caust,1,14
"ANXIETY, sitting, while","MIND - ANXIETY - sitting, while",mind,sub,dig,1,14
"ANXIETY, sitting, while","MIND - ANXIETY - sitting, while",mind,sub,graph,1,14
"ANXIETY, sitting, while","MIND - ANXIETY - sitting, while",mind,sub,nit-ac,1,14
"ANXIETY, sitting, while","MIND - ANXIETY - sitting, while",mind,sub,phos,1,14
"ANXIETY, sitting, while","MIND - ANXIETY - sitting, while",mind,sub,puls,1,14
"ANXIETY, sitting, while","MIND - ANXIETY - sitting, while",mind,sub,sil,1,14
"ANXIETY, sitting, while","MIND - ANXIETY - sitting, while",mind,sub,tarax,1,14
"ANXIETY, sitting, amel","MIND - ANXIETY - sitting, amel",mind,sub,tod,2,14
"ANXIETY, sitting, bent","MIND - ANXIETY - sitting, bent",mind,sub,rhus-t,2,14
"ANXIETY, sleep, before","MIND - ANXIETY - sleep, before",mind,sub,alum,2,14
"ANXIETY, sleep, before","MIND - ANXIETY - sleep, before",mind,sub,ambr,1,14
"ANXIETY, sleep, before","MIND - ANXIETY - sleep, before",mind,sub,berb,1,14
"ANXIETY, sleep, before","MIND - ANXIETY - sleep, before",mind,sub,mag-c,1,14
"ANXIETY, sleep, before","MIND - ANXIETY - sleep, before",mind,sub,nat-c,1,14
"ANXIETY, sleep, before","MIND - ANXIETY - sleep, before",mind,sub,sil,1,14
"ANXIETY, sleep, evening","MIND - ANXIETY - sleep, evening",mind,sub,berb,2,14
"ANXIETY, sleep, on going to","MIND - ANXIETY - sleep, on going to",mind,sub,acon,2,14
"ANXIETY, sleep, on going to","MIND - ANXIETY - sleep, on going to",mind,sub,calc,1,14
"ANXIETY, sleep, on going to","MIND - ANXIETY - sleep, on going to",mind,sub,caust,1,14
"ANXIETY, sleep, on going to","MIND - ANXIETY - sleep, on going to",mind,sub,cench,1,14
"ANXIETY, sleep, on going to","MIND - ANXIETY - sleep, on going to",mind,sub,hep,1,14
"ANXIETY, sleep, on going to","MIND - ANXIETY - sleep, on going to",mind,sub,ach,1,14
"ANXIETY, sleep, on going to","MIND - ANXIETY - sleep, on going to",mind,sub,lyc,1,14
"ANXIETY, sleep, on going to","MIND - ANXIETY - sleep, on going to",mind,sub,merc,1,14
"ANXIETY, sleep, on going to","MIND - ANXIETY - sleep, on going to",mind,sub,nat-m,1,14
"ANXIETY, sleep, on going to","MIND - ANXIETY - sleep, on going to",mind,sub,puls,1,14
"ANXIETY, sleep, on going to","MIND - ANXIETY - sleep, on going to",mind,sub,rhus-t,1,14
"ANXIETY, sleep, during","MIND - ANXIETY - sleep, during",mind,sub,acon,2,14
"ANXIETY, sleep, during","MIND - ANXIETY - sleep, during",mind,sub,agar,1,14
"ANXIETY, sleep, during","MIND - ANXIETY - sleep, during",mind,sub,ang,1,14
"ANXIETY, sleep, during","MIND - ANXIETY - sleep, during",mind,sub,arn,1,14
"ANXIETY, sleep, during","MIND - ANXIETY - sleep, during",mind,sub,ars,2,14
"ANXIETY, sleep, during","MIND - ANXIETY - sleep, during",mind,sub,bell,1,14
"ANXIETY, sleep, during","MIND - ANXIETY - sleep, during",mind,sub,camph,1,14
"ANXIETY, sleep, during","MIND - ANXIETY - sleep, during",mind,sub,castor,1,14
"ANXIETY, sleep, during","MIND - ANXIETY - sleep, during",mind,sub,cham,1,14
"ANXIETY, sleep, during","MIND - ANXIETY - sleep, during",mind,sub,con,1,14
"ANXIETY, sleep, during","MIND - ANXIETY - sleep, during",mind,sub,cocc,1,14
"ANXIETY, sleep, during","MIND - ANXIETY - sleep, during",mind,sub,cycl,1,14
"ANXIETY, sleep, during","MIND - ANXIETY - sleep, during",mind,sub,dig,1,14
"ANXIETY, sleep, during","MIND - ANXIETY - sleep, during",mind,sub,dulc,1,14
"ANXIETY, sleep, during","MIND - ANXIETY - sleep, during",mind,sub,ferr,1,14
"ANXIETY, sleep, during","MIND - ANXIETY - sleep, during",mind,sub,graph,1,14
"ANXIETY, sleep, during","MIND - ANXIETY - sleep, during",mind,sub,hep,1,14
"ANXIETY, sleep, during","MIND - ANXIETY - sleep, during",mind,sub,kali-c,1,14
"ANXIETY, sleep, during","MIND - ANXIETY - sleep, during",mind,sub,lyc,1,14
"ANXIETY, sleep, during","MIND - ANXIETY - sleep, during",mind,sub,merc,1,14
"ANXIETY, sleep, during","MIND - ANXIETY - sleep, during",mind,sub,nat-m,1,14
"ANXIETY, sleep, during","MIND - ANXIETY - sleep, during",mind,sub,nit-ac,1,14
"ANXIETY, sleep, during","MIND - ANXIETY - sleep, during",mind,sub,nux-v,1,14
"ANXIETY, sleep, during","MIND - ANXIETY - sleep, during",mind,sub,op,1,14
"ANXIETY, sleep, during","MIND - ANXIETY - sleep, during",mind,sub,petr,1,14
"ANXIETY, sleep, during","MIND - ANXIETY - sleep, during",mind,sub,phos,1,14
"ANXIETY, sleep, during","MIND - ANXIETY - sleep, during",mind,sub,phys,1,14
"ANXIETY, sleep, during","MIND - ANXIETY - sleep, during",mind,sub,puls,1,14
"ANXIETY, sleep, during","MIND - ANXIETY - sleep, during",mind,sub,rhus-t,1,14
"ANXIETY, sleep, during","MIND - ANXIETY - sleep, during",mind,sub,samb,1,14
"ANXIETY, sleep, during","MIND - ANXIETY - sleep, during",mind,sub,spong,1,14
"ANXIETY, sleep, during","MIND - ANXIETY - sleep, during",mind,sub,stram,1,14
"ANXIETY, sleep, during","MIND - ANXIETY - sleep, during",mind,sub,verat,1,14
"ANXIETY, loss of sleep",MIND - ANXIETY - loss of sleep,mind,sub,cocc,2,14
"ANXIETY, loss of sleep",MIND - ANXIETY - loss of sleep,mind,sub,nit-ac,1,14
"ANXIETY, menses, after (sleep, after menses)","MIND - ANXIETY - menses, after (sleep, after menses)",mind,sub,agar,2,14
"ANXIETY, menses, after (sleep, after menses)","MIND - ANXIETY - menses, after (sleep, after menses)",mind,sub,aster,1,14
"ANXIETY, menses, after (sleep, after menses)","MIND - ANXIETY - menses, after (sleep, after menses)",mind,sub,coce,2,14
"ANXIETY, menses, after (sleep, after menses)","MIND - ANXIETY - menses, after (sleep, after menses)",mind,sub,kali-i,1,14
"ANXIETY, menses, after (sleep, after menses)","MIND - ANXIETY - menses, after (sleep, after menses)",mind,sub,merc-c,1,14
"ANXIETY, menses, after (sleep, after menses)","MIND - ANXIETY - menses, after (sleep, after menses)",mind,sub,zinc,1,14
"ANXIETY, on starting from",MIND - ANXIETY - on starting from,mind,sub,clem,2,14
"ANXIETY, on starting from",MIND - ANXIETY - on starting from,mind,sub,samb,1,14
"ANXIETY, partial slumbering in the morning, during","MIND - ANXIETY - partial slumbering in the morning, during",mind,sub,junc,2,14
"ANXIETY, soup, after","MIND - ANXIETY - soup, after",mind,sub,azth,2,14
"ANXIETY, soup, after","MIND - ANXIETY - soup, after",mind,sub,ol-an,1,14
"ANXIETY, speaking, when","MIND - ANXIETY - speaking, when",mind,sub,alum,2,14
"ANXIETY, speaking, when","MIND - ANXIETY - speaking, when",mind,sub,ambr,1,14
"ANXIETY, speaking, when","MIND - ANXIETY - speaking, when",mind,sub,nat-m,1,14
"ANXIETY, speaking, when","MIND - ANXIETY - speaking, when",mind,sub,plat,1,14
"ANXIETY, speaking, when","MIND - ANXIETY - speaking, when",mind,sub,stram,1,14
"ANXIETY, speaking, when","MIND - ANXIETY - speaking, when",mind,sub,speaking,1,14
"ANXIETY, speaking, when","MIND - ANXIETY - speaking, when",mind,sub,company,1,14
"ANXIETY, standing, while","MIND - ANXIETY - standing, while",mind,sub,aloe,2,14
"ANXIETY, standing, while","MIND - ANXIETY - standing, while",mind,sub,anac,1,14
"ANXIETY, standing, while","MIND - ANXIETY - standing, while",mind,sub,berb,1,14
"ANXIETY, standing, while","MIND - ANXIETY - standing, while",mind,sub,cina,1,14
"ANXIETY, standing, while","MIND - ANXIETY - standing, while",mind,sub,ph-ac,1,14
"ANXIETY, standing, while","MIND - ANXIETY - standing, while",mind,sub,sil,1,14
"ANXIETY, standing, while","MIND - ANXIETY - standing, while",mind,sub,verat,1,14
"ANXIETY, standing, amel","MIND - ANXIETY - standing, amel",mind,sub,calc,2,14
"ANXIETY, standing, amel","MIND - ANXIETY - standing, amel",mind,sub,phos,1,14
"ANXIETY, standing, amel","MIND - ANXIETY - standing, amel",mind,sub,tarax,1,14
"ANXIETY, stool, before","MIND - ANXIETY - stool, before",mind,sub,acon,2,14
"ANXIETY, stool, before","MIND - ANXIETY - stool, before",mind,sub,ambr,1,14
"ANXIETY, stool, before","MIND - ANXIETY - stool, before",mind,sub,ant-c,1,14
"ANXIETY, stool, before","MIND - ANXIETY - stool, before",mind,sub,ars,1,14
"ANXIETY, stool, before","MIND - ANXIETY - stool, before",mind,sub,bar-c,1,14
"ANXIETY, stool, before","MIND - ANXIETY - stool, before",mind,sub,berb,1,14
"ANXIETY, stool, before","MIND - ANXIETY - stool, before",mind,sub,bor,1,14
"ANXIETY, stool, before","MIND - ANXIETY - stool, before",mind,sub,cadm,1,14
"ANXIETY, stool, before","MIND - ANXIETY - stool, before",mind,sub,calc,1,14
"ANXIETY, stool, before","MIND - ANXIETY - stool, before",mind,sub,canth,1,14
"ANXIETY, stool, before","MIND - ANXIETY - stool, before",mind,sub,caps,1,14
"ANXIETY, stool, before","MIND - ANXIETY - stool, before",mind,sub,caust,1,14
"ANXIETY, stool, before","MIND - ANXIETY - stool, before",mind,sub,cham,1,14
"ANXIETY, stool, before","MIND - ANXIETY - stool, before",mind,sub,crot-t,1,14
"ANXIETY, stool, before","MIND - ANXIETY - stool, before",mind,sub,kali-ar,1,14
"ANXIETY, stool, before","MIND - ANXIETY - stool, before",mind,sub,kali-c,1,14
"ANXIETY, stool, before","MIND - ANXIETY - stool, before",mind,sub,mag-m,1,14
"ANXIETY, stool, before","MIND - ANXIETY - stool, before",mind,sub,merc,1,14
"ANXIETY, stool, before","MIND - ANXIETY - stool, before",mind,sub,mez,1,14
"ANXIETY, stool, before","MIND - ANXIETY - stool, before",mind,sub,rhus-t,1,14
"ANXIETY, stool, before","MIND - ANXIETY - stool, before",mind,sub,sabin,1,14
"ANXIETY, stool, before","MIND - ANXIETY - stool, before",mind,sub,stram,1,14
"ANXIETY, stool, before","MIND - ANXIETY - stool, before",mind,sub,sulph,1,14
"ANXIETY, stool, before","MIND - ANXIETY - stool, before",mind,sub,tab,1,14
"ANXIETY, stool, before","MIND - ANXIETY - stool, before",mind,sub,verat,1,14
"ANXIETY, stool, during","MIND - ANXIETY - stool, during",mind,sub,acon,2,14
"ANXIETY, stool, during","MIND - ANXIETY - stool, during",mind,sub,ars,1,14
"ANXIETY, stool, during","MIND - ANXIETY - stool, during",mind,sub,camph,1,14
"ANXIETY, stool, during","MIND - ANXIETY - stool, during",mind,sub,canth,1,14
"ANXIETY, stool, during","MIND - ANXIETY - stool, during",mind,sub,cham,1,14
"ANXIETY, stool, during","MIND - ANXIETY - stool, during",mind,sub,mag-c,1,14
"ANXIETY, stool, during","MIND - ANXIETY - stool, during",mind,sub,merc,1,14
"ANXIETY, stool, during","MIND - ANXIETY - stool, during",mind,sub,plat,1,14
"ANXIETY, stool, during","MIND - ANXIETY - stool, during",mind,sub,raph,1,14
"ANXIETY, stool, during","MIND - ANXIETY - stool, during",mind,sub,sec,1,14
"ANXIETY, stool, during","MIND - ANXIETY - stool, during",mind,sub,sep,1,14
"ANXIETY, stool, during","MIND - ANXIETY - stool, during",mind,sub,stram,1,14
"ANXIETY, stool, during","MIND - ANXIETY - stool, during",mind,sub,sulph,1,14
"ANXIETY, stool, during","MIND - ANXIETY - stool, during",mind,sub,tab,1,14
"ANXIETY, stool, during","MIND - ANXIETY - stool, during",mind,sub,verat,1,14
"ANXIETY, stool, after","MIND - ANXIETY - stool, after",mind,sub,acon,2,14
"ANXIETY, stool, after","MIND - ANXIETY - stool, after",mind,sub,ars,1,14
"ANXIETY, stool, after","MIND - ANXIETY - stool, after",mind,sub,carb-v,1,14
"ANXIETY, stool, after","MIND - ANXIETY - stool, after",mind,sub,caust,1,14
"ANXIETY, stool, after","MIND - ANXIETY - stool, after",mind,sub,coloc,1,14
"ANXIETY, stool, after","MIND - ANXIETY - stool, after",mind,sub,crot-t,1,14
"ANXIETY, stool, after","MIND - ANXIETY - stool, after",mind,sub,jatr,1,14
"ANXIETY, stool, after","MIND - ANXIETY - stool, after",mind,sub,kali-i,1,14
"ANXIETY, stool, after","MIND - ANXIETY - stool, after",mind,sub,laur,1,14
"ANXIETY, stool, after","MIND - ANXIETY - stool, after",mind,sub,merc,1,14
"ANXIETY, stool, after","MIND - ANXIETY - stool, after",mind,sub,nit-ac,1,14
"ANXIETY, stool, after","MIND - ANXIETY - stool, after",mind,sub,nux-v,1,14
"ANXIETY, stool, after","MIND - ANXIETY - stool, after",mind,sub,plat,1,14
"ANXIETY, stool, after","MIND - ANXIETY - stool, after",mind,sub,rhus-t,1,14
"ANXIETY, while straining at",MIND - ANXIETY - while straining at,mind,sub,caust,2,14
"ANXIETY, stooping, when","MIND - ANXIETY - stooping, when",mind,sub,bell,2,14
"ANXIETY, stooping, when","MIND - ANXIETY - stooping, when",mind,sub,rheum,1,14
"ANXIETY, stooping, amel","MIND - ANXIETY - stooping, amel",mind,sub,bar-m,2,14
"ANXIETY, storm, during a thunder","MIND - ANXIETY - storm, during a thunder",mind,sub,gels,2,14
"ANXIETY, storm, during a thunder","MIND - ANXIETY - storm, during a thunder",mind,sub,nat-c,1,14
"ANXIETY, storm, during a thunder","MIND - ANXIETY - storm, during a thunder",mind,sub,nat-m,1,14
"ANXIETY, storm, during a thunder","MIND - ANXIETY - storm, during a thunder",mind,sub,nit-ac,1,14
"ANXIETY, storm, during a thunder","MIND - ANXIETY - storm, during a thunder",mind,sub,phos,2,14
"ANXIETY, storm, during a thunder","MIND - ANXIETY - storm, during a thunder",mind,sub,sep,1,14
"ANXIETY, strangers, in the presence of","MIND - ANXIETY - strangers, in the presence of",mind,sub,carb-v,2,14
"ANXIETY, strangers, in the presence of","MIND - ANXIETY - strangers, in the presence of",mind,sub,stram,1,14
"ANXIETY, sudden",MIND - ANXIETY - sudden,mind,sub,bar-c,2,14
"ANXIETY, sudden",MIND - ANXIETY - sudden,mind,sub,cocc,1,14
"ANXIETY, sudden",MIND - ANXIETY - sudden,mind,sub,plat,1,14
"ANXIETY, sudden",MIND - ANXIETY - sudden,mind,sub,sulph,1,14
"ANXIETY, sudden",MIND - ANXIETY - sudden,mind,sub,thuj,1,14
"ANXIETY, suicidal",MIND - ANXIETY - suicidal,mind,sub,aur,2,14
"ANXIETY, suicidal",MIND - ANXIETY - suicidal,mind,sub,caust,1,14
"ANXIETY, suicidal",MIND - ANXIETY - suicidal,mind,sub,dros,1,14
"ANXIETY, suicidal",MIND - ANXIETY - suicidal,mind,sub,hep,1,14
"ANXIETY, suicidal",MIND - ANXIETY - suicidal,mind,sub,nux-v,1,14
"ANXIETY, suicidal",MIND - ANXIETY - suicidal,mind,sub,plat,1,14
"ANXIETY, suicidal",MIND - ANXIETY - suicidal,mind,sub,puls,1,14
"ANXIETY, suicidal",MIND - ANXIETY - suicidal,mind,sub,rhus-t,1,14
"ANXIETY, suicidal",MIND - ANXIETY - suicidal,mind,sub,staph,1,14
"ANXIETY, supper, after","MIND - ANXIETY - supper, after",mind,sub,mag-c,2,14
"ANXIETY, supper, after","MIND - ANXIETY - supper, after",mind,sub,nux-v,1,14
"ANXIETY, thinking about it, from","MIND - ANXIETY - thinking about it, from",mind,sub,alum,2,14
"ANXIETY, thinking about it, from","MIND - ANXIETY - thinking about it, from",mind,sub,ambr,1,14
"ANXIETY, thinking about it, from","MIND - ANXIETY - thinking about it, from",mind,sub,bry,1,14
"ANXIETY, thinking about it, from","MIND - ANXIETY - thinking about it, from",mind,sub,calc,1,14
"ANXIETY, thinking about it, from","MIND - ANXIETY - thinking about it, from",mind,sub,caust,1,14
"ANXIETY, thinking about it, from","MIND - ANXIETY - thinking about it, from",mind,sub,con,1,14
"ANXIETY, thinking about it, from","MIND - ANXIETY - thinking about it, from",mind,sub,nit-ac,1,14
"ANXIETY, thinking about it, from","MIND - ANXIETY - thinking about it, from",mind,sub,staph,1,14
"ANXIETY, thinking about it, from","MIND - ANXIETY - thinking about it, from",mind,sub,tab,1,14
"ANXIETY, thoughts, from","MIND - ANXIETY - thoughts, from",mind,sub,calc,2,14
"ANXIETY, time is set, if a","MIND - ANXIETY - time is set, if a",mind,sub,arg-n,2,14
"ANXIETY, time is set, if a","MIND - ANXIETY - time is set, if a",mind,sub,gels,1,14
"ANXIETY, time is set, if a","MIND - ANXIETY - time is set, if a",mind,sub,med,1,14
"ANXIETY, tobacco, from smoking","MIND - ANXIETY - tobacco, from smoking",mind,sub,petr,2,14
"ANXIETY, tobacco, from smoking","MIND - ANXIETY - tobacco, from smoking",mind,sub,sep,1,14
"ANXIETY, trifles, about","MIND - ANXIETY - trifles, about",mind,sub,anac,2,15
"ANXIETY, trifles, about","MIND - ANXIETY - trifles, about",mind,sub,ars,1,15
"ANXIETY, trifles, about","MIND - ANXIETY - trifles, about",mind,sub,bar-c,1,15
"ANXIETY, trifles, about","MIND - ANXIETY - trifles, about",mind,sub,bor,1,15
"ANXIETY, trifles, about","MIND - ANXIETY - trifles, about",mind,sub,calc,1,15
"ANXIETY, trifles, about","MIND - ANXIETY - trifles, about",mind,sub,caust,1,15
"ANXIETY, trifles, about","MIND - ANXIETY - trifles, about",mind,sub,chin,1,15
"ANXIETY, trifles, about","MIND - ANXIETY - trifles, about",mind,sub,cocc,1,15
"ANXIETY, trifles, about","MIND - ANXIETY - trifles, about",mind,sub,con,1,15
"ANXIETY, trifles, about","MIND - ANXIETY - trifles, about",mind,sub,ferr,1,15
"ANXIETY, trifles, about","MIND - ANXIETY - trifles, about",mind,sub,graph,1,15
"ANXIETY, trifles, about","MIND - ANXIETY - trifles, about",mind,sub,sil,1,15
"ANXIETY, urination, before","MIND - ANXIETY - urination, before",mind,sub,alum,2,15
"ANXIETY, urination, before","MIND - ANXIETY - urination, before",mind,sub,dig,1,15
"ANXIETY, urination, before","MIND - ANXIETY - urination, before",mind,sub,ph-ac,1,15
"ANXIETY, urination, before","MIND - ANXIETY - urination, before",mind,sub,sep,1,15
"ANXIETY, urination, during","MIND - ANXIETY - urination, during",mind,sub,acon,2,15
"ANXIETY, urination, during","MIND - ANXIETY - urination, during",mind,sub,cham,1,15
"ANXIETY, urination, after","MIND - ANXIETY - urination, after",mind,sub,dig,2,15
"ANXIETY, vexation, after","MIND - ANXIETY - vexation, after",mind,sub,acon,2,15
"ANXIETY, vexation, after","MIND - ANXIETY - vexation, after",mind,sub,lyc,1,15
"ANXIETY, vexation, after","MIND - ANXIETY - vexation, after",mind,sub,phos,1,15
"ANXIETY, vexation, after","MIND - ANXIETY - vexation, after",mind,sub,sep,1,15
"ANXIETY, vexation, after","MIND - ANXIETY - vexation, after",mind,sub,staph,1,15
"ANXIETY, vexation, after","MIND - ANXIETY - vexation, after",mind,sub,verat,1,15
"ANXIETY, voice, on raising the","MIND - ANXIETY - voice, on raising the",mind,sub,cann-s,2,15
"ANXIETY, waking, on","MIND - ANXIETY - waking, on",mind,sub,acon,2,15
"ANXIETY, waking, on","MIND - ANXIETY - waking, on",mind,sub,agar,1,15
"ANXIETY, waking, on","MIND - ANXIETY - waking, on",mind,sub,am-c,1,15
"ANXIETY, waking, on","MIND - ANXIETY - waking, on",mind,sub,am-m,1,15
"ANXIETY, waking, on","MIND - ANXIETY - waking, on",mind,sub,arg-n,1,15
"ANXIETY, waking, on","MIND - ANXIETY - waking, on",mind,sub,arn,1,15
"ANXIETY, waking, on","MIND - ANXIETY - waking, on",mind,sub,ars,2,15
"ANXIETY, waking, on","MIND - ANXIETY - waking, on",mind,sub,aster,1,15
"ANXIETY, waking, on","MIND - ANXIETY - waking, on",mind,sub,bapt,1,15
"ANXIETY, waking, on","MIND - ANXIETY - waking, on",mind,sub,bell,1,15
"ANXIETY, waking, on","MIND - ANXIETY - waking, on",mind,sub,bism,1,15
"ANXIETY, waking, on","MIND - ANXIETY - waking, on",mind,sub,bor,1,15
"ANXIETY, waking, on","MIND - ANXIETY - waking, on",mind,sub,bufo,1,15
"ANXIETY, waking, on","MIND - ANXIETY - waking, on",mind,sub,cact,1,15
"ANXIETY, waking, on","MIND - ANXIETY - waking, on",mind,sub,calc,1,15
"ANXIETY, waking, on","MIND - ANXIETY - waking, on",mind,sub,calc-s,1,15
"ANXIETY, waking, on","MIND - ANXIETY - waking, on",mind,sub,cench,1,15
"ANXIETY, waking, on","MIND - ANXIETY - waking, on",mind,sub,cham,1,15
"ANXIETY, waking, on","MIND - ANXIETY - waking, on",mind,sub,chin-a,1,15
"ANXIETY, waking, on","MIND - ANXIETY - waking, on",mind,sub,cina,1,15
"ANXIETY, waking, on","MIND - ANXIETY - waking, on",mind,sub,con,1,15
"ANXIETY, waking, on","MIND - ANXIETY - waking, on",mind,sub,cub,1,15
"ANXIETY, waking, on","MIND - ANXIETY - waking, on",mind,sub,dig,1,15
"ANXIETY, waking, on","MIND - ANXIETY - waking, on",mind,sub,dios,1,15
"ANXIETY, waking, on","MIND - ANXIETY - waking, on",mind,sub,dros,1,15
"ANXIETY, waking, on","MIND - ANXIETY - waking, on",mind,sub,ferr,1,15
"ANXIETY, waking, on","MIND - ANXIETY - waking, on",mind,sub,gels,1,15
"ANXIETY, waking, on","MIND - ANXIETY - waking, on",mind,sub,gins,1,15
"ANXIETY, waking, on","MIND - ANXIETY - waking, on",mind,sub,gran,1,15
"ANXIETY, waking, on","MIND - ANXIETY - waking, on",mind,sub,grat,1,15
"ANXIETY, waking, on","MIND - ANXIETY - waking, on",mind,sub,guai,1,15
"ANXIETY, waking, on","MIND - ANXIETY - waking, on",mind,sub,hipp,1,15
"ANXIETY, waking, on","MIND - ANXIETY - waking, on",mind,sub,iris,1,15
"ANXIETY, waking, on","MIND - ANXIETY - waking, on",mind,sub,kali-ar,1,15
"ANXIETY, waking, on","MIND - ANXIETY - waking, on",mind,sub,kali-bi,1,15
"ANXIETY, waking, on","MIND - ANXIETY - waking, on",mind,sub,kali-c,1,15
"ANXIETY, waking, on","MIND - ANXIETY - waking, on",mind,sub,kali-p,1,15
"ANXIETY, waking, on","MIND - ANXIETY - waking, on",mind,sub,kali-s,1,15
"ANXIETY, waking, on","MIND - ANXIETY - waking, on",mind,sub,lept,1,15
"ANXIETY, waking, on","MIND - ANXIETY - waking, on",mind,sub,naja,1,15
"ANXIETY, waking, on","MIND - ANXIETY - waking, on",mind,sub,nat-c,1,15
"ANXIETY, waking, on","MIND - ANXIETY - waking, on",mind,sub,nit-ac,1,15
"ANXIETY, waking, on","MIND - ANXIETY - waking, on",mind,sub,nux-v,1,15
"ANXIETY, waking, on","MIND - ANXIETY - waking, on",mind,sub,ol-an,1,15
"ANXIETY, waking, on","MIND - ANXIETY - waking, on",mind,sub,op,1,15
"ANXIETY, waking, on","MIND - ANXIETY - waking, on",mind,sub,phos-ac,1,15
"ANXIETY, waking, on","MIND - ANXIETY - waking, on",mind,sub,phys,1,15
"ANXIETY, waking, on","MIND - ANXIETY - waking, on",mind,sub,pip-m,1,15
"ANXIETY, waking, on","MIND - ANXIETY - waking, on",mind,sub,plb,1,15
"ANXIETY, waking, on","MIND - ANXIETY - waking, on",mind,sub,rat,1,15
"ANXIETY, waking, on","MIND - ANXIETY - waking, on",mind,sub,samb,1,15
"ANXIETY, waking, on","MIND - ANXIETY - waking, on",mind,sub,sil,1,15
"ANXIETY, waking, on","MIND - ANXIETY - waking, on",mind,sub,sol-t-a,1,15
"ANXIETY, waking, on","MIND - ANXIETY - waking, on",mind,sub,spong,1,15
"ANXIETY, waking, on","MIND - ANXIETY - waking, on",mind,sub,stram,1,15
"ANXIETY, waking, on","MIND - ANXIETY - waking, on",mind,sub,sulph,1,15
"ANXIETY, waking, on","MIND - ANXIETY - waking, on",mind,sub,thuj,1,15
"ANXIETY, waking, on","MIND - ANXIETY - waking, on",mind,sub,tub,1,15
"ANXIETY, waking, on","MIND - ANXIETY - waking, on",mind,sub,anxiety,3,15
"ANXIETY, waking, on","MIND - ANXIETY - waking, on",mind,sub,continued,1,15
"ANXIETY, waking, on","MIND - ANXIETY - waking, on",mind,sub,walking,1,15
"ANXIETY, waking, on","MIND - ANXIETY - waking, on",mind,sub,through,1,15
"ANXIETY, waking, on","MIND - ANXIETY - waking, on",mind,sub,work,1,15
"ANXIETY, walking, while","MIND - ANXIETY - walking, while",mind,sub,acon,2,15
"ANXIETY, walking, while","MIND - ANXIETY - walking, while",mind,sub,aloe,1,15
"ANXIETY, walking, while","MIND - ANXIETY - walking, while",mind,sub,anac,1,15
"ANXIETY, walking, while","MIND - ANXIETY - walking, while",mind,sub,am-c,1,15
"ANXIETY, walking, while","MIND - ANXIETY - walking, while",mind,sub,am-m,1,15
"ANXIETY, walking, while","MIND - ANXIETY - walking, while",mind,sub,arg-m,1,15
"ANXIETY, walking, while","MIND - ANXIETY - walking, while",mind,sub,arg-n,1,15
"ANXIETY, walking, while","MIND - ANXIETY - walking, while",mind,sub,bell,1,15
"ANXIETY, walking, while","MIND - ANXIETY - walking, while",mind,sub,cina,1,15
"ANXIETY, walking, while","MIND - ANXIETY - walking, while",mind,sub,hep,1,15
"ANXIETY, walking, while","MIND - ANXIETY - walking, while",mind,sub,ign,1,15
"ANXIETY, walking, while","MIND - ANXIETY - walking, while",mind,sub,manc,1,15
"ANXIETY, walking, while","MIND - ANXIETY - walking, while",mind,sub,mang,1,15
"ANXIETY, walking, while","MIND - ANXIETY - walking, while",mind,sub,nux-v,1,15
"ANXIETY, walking, while","MIND - ANXIETY - walking, while",mind,sub,plat,1,15
"ANXIETY, walking, while","MIND - ANXIETY - walking, while",mind,sub,spong,1,15
"ANXIETY, walking, while","MIND - ANXIETY - walking, while",mind,sub,staph,1,15
"ANXIETY, walking, while","MIND - ANXIETY - walking, while",mind,sub,tab,1,15
"ANXIETY, walking in open air",MIND - ANXIETY - walking in open air,mind,sub,arn,2,15
"ANXIETY, walking in open air",MIND - ANXIETY - walking in open air,mind,sub,arg-m,1,15
"ANXIETY, walking in open air",MIND - ANXIETY - walking in open air,mind,sub,arg-n,1,15
"ANXIETY, walking in open air",MIND - ANXIETY - walking in open air,mind,sub,bell,1,15
"ANXIETY, walking in open air",MIND - ANXIETY - walking in open air,mind,sub,cina,1,15
"ANXIETY, walking in open air",MIND - ANXIETY - walking in open air,mind,sub,hep,1,15
"ANXIETY, walking in open air",MIND - ANXIETY - walking in open air,mind,sub,ign,1,15
"ANXIETY, walking in open air",MIND - ANXIETY - walking in open air,mind,sub,lyc,2,15
"ANXIETY, walking in open air",MIND - ANXIETY - walking in open air,mind,sub,nux-v,1,15
"ANXIETY, walking in open air",MIND - ANXIETY - walking in open air,mind,sub,plat,1,15
"ANXIETY, walking in open air",MIND - ANXIETY - walking in open air,mind,sub,spong,1,15
"ANXIETY, walking in open air",MIND - ANXIETY - walking in open air,mind,sub,tab,1,15
"ANXIETY, walking, amel","MIND - ANXIETY - walking, amel",mind,sub,iod,2,15
"ANXIETY, walking, amel","MIND - ANXIETY - walking, amel",mind,sub,kali-i,1,15
"ANXIETY, walking, amel","MIND - ANXIETY - walking, amel",mind,sub,kali-s,1,15
"ANXIETY, walking, amel","MIND - ANXIETY - walking, amel",mind,sub,puls,1,15
"ANXIETY, walking, amel","MIND - ANXIETY - walking, amel",mind,sub,rhus-t,1,15
"ANXIETY, walking, rapidly, when","MIND - ANXIETY - walking, rapidly, when",mind,sub,nit-ac,2,15
"ANXIETY, walking, rapidly, when","MIND - ANXIETY - walking, rapidly, when",mind,sub,staph,1,15
"ANXIETY, which makes him walk faster",MIND - ANXIETY - which makes him walk faster,mind,sub,arg-n,2,15
"ANXIETY, warm bed yet limbs cold if uncovered",MIND - ANXIETY - warm bed yet limbs cold if uncovered,mind,sub,mag-c,2,15
"ANXIETY, warmth, from","MIND - ANXIETY - warmth, from",mind,sub,gamb,2,15
"ANXIETY, warmth, from","MIND - ANXIETY - warmth, from",mind,sub,kalli-s,2,15
"ANXIETY, warmth, from","MIND - ANXIETY - warmth, from",mind,sub,puls,1,15
"ANXIETY, warmth, amel","MIND - ANXIETY - warmth, amel",mind,sub,graph,2,15
"ANXIETY, warmth, amel","MIND - ANXIETY - warmth, amel",mind,sub,phos,1,15
"ANXIETY, weeping, followed by","MIND - ANXIETY - weeping, followed by",mind,sub,acon,2,15
"ANXIETY, weeping, followed by","MIND - ANXIETY - weeping, followed by",mind,sub,am-m,1,15
"ANXIETY, weeping, followed by","MIND - ANXIETY - weeping, followed by",mind,sub,carb-v,1,15
"ANXIETY, weeping, amel","MIND - ANXIETY - weeping, amel",mind,sub,dig,2,15
"ANXIETY, weeping, amel","MIND - ANXIETY - weeping, amel",mind,sub,graph,1,15
"ANXIETY, weeping, amel","MIND - ANXIETY - weeping, amel",mind,sub,tab,1,15
"ANXIETY, work, during manual","MIND - ANXIETY - work, during manual",mind,sub,anac,2,15
"ANXIETY, work, during manual","MIND - ANXIETY - work, during manual",mind,sub,graph,1,15
"ANXIETY, work, during manual","MIND - ANXIETY - work, during manual",mind,sub,iod,1,15
"ANXIETY, work, during manual","MIND - ANXIETY - work, during manual",mind,sub,apathy,3,15
"ANXIETY, work, during manual","MIND - ANXIETY - work, during manual",mind,sub,aphasia,3,15
"ANXIETY, work, during manual","MIND - ANXIETY - work, during manual",mind,sub,both,2,15
"ANXIETY, work, during manual","MIND - ANXIETY - work, during manual",mind,sub,chen-a,1,15
"ANXIETY, work, during manual","MIND - ANXIETY - work, during manual",mind,sub,glon,1,15
"ANXIETY, work, during manual","MIND - ANXIETY - work, during manual",mind,sub,kali-br,1,15
"ANXIETY, work, during manual","MIND - ANXIETY - work, during manual",mind,sub,apprehensions,3,15
ARDENT,MIND - ARDENT,mind,main,nux-v,2,15
ARDENT,MIND - ARDENT,mind,main,arrogance,3,15
ARDENT,MIND - ARDENT,mind,main,asks,3,15
ARDENT,MIND - ARDENT,mind,main,nothing,1,15
ARDENT,MIND - ARDENT,mind,main,bry,2,15
ARDENT,MIND - ARDENT,mind,main,op,1,15
ARDENT,MIND - ARDENT,mind,main,puls,1,15
ARDENT,MIND - ARDENT,mind,main,rheum,1,15
ARDENT,MIND - ARDENT,mind,main,attention,3,15
ARDENT,MIND - ARDENT,mind,main,attitudes,3,15
ARDENT,MIND - ARDENT,mind,main,assumes,1,15
ARDENT,MIND - ARDENT,mind,main,strange,1,15
ARDENT,MIND - ARDENT,mind,main,plb,2,15
AUDACITY,MIND - AUDACITY,mind,main,agar,2,15
AUDACITY,MIND - AUDACITY,mind,main,merc,1,15
AUDACITY,MIND - AUDACITY,mind,main,op,1,15
AUDACITY,MIND - AUDACITY,mind,main,automatic,3,15
AVARICE,MIND - AVARICE,mind,main,bry,2,15
AVARICE,MIND - AVARICE,mind,main,calc,1,15
AVARICE,MIND - AVARICE,mind,main,calc-f,1,15
AVARICE,MIND - AVARICE,mind,main,cina,1,15
AVARICE,MIND - AVARICE,mind,main,coloc,1,15
AVARICE,MIND - AVARICE,mind,main,yc,1,15
AVARICE,MIND - AVARICE,mind,main,meli,1,15
AVARICE,MIND - AVARICE,mind,main,nat-c,1,15
AVARICE,MIND - AVARICE,mind,main,puls,2,15
AVARICE,MIND - AVARICE,mind,main,sep,1,15
"AVARICE, approached to being",MIND - AVARICE - approached to being,mind,sub,acon,2,16
"AVARICE, approached to being",MIND - AVARICE - approached to being,mind,sub,caj,1,16
"AVARICE, approached to being",MIND - AVARICE - approached to being,mind,sub,hell,1,16
"AVARICE, approached to being",MIND - AVARICE - approached to being,mind,sub,helon,1,16
"AVARICE, approached to being",MIND - AVARICE - approached to being,mind,sub,hipp,1,16
"AVARICE, approached to being",MIND - AVARICE - approached to being,mind,sub,iod,1,16
"AVARICE, approached to being",MIND - AVARICE - approached to being,mind,sub,lil-t,1,16
"AVARICE, approached to being",MIND - AVARICE - approached to being,mind,sub,lyc,2,16
"AVARICE, approached to being",MIND - AVARICE - approached to being,mind,sub,sulph,1,16
"AVARICE, everything, to","MIND - AVARICE - everything, to",mind,sub,alum,2,16
"AVARICE, everything, to","MIND - AVARICE - everything, to",mind,sub,am-m,1,16
"AVARICE, everything, to","MIND - AVARICE - everything, to",mind,sub,calc,1,16
"AVARICE, everything, to","MIND - AVARICE - everything, to",mind,sub,caps,1,16
"AVARICE, everything, to","MIND - AVARICE - everything, to",mind,sub,cupr,1,16
"AVARICE, everything, to","MIND - AVARICE - everything, to",mind,sub,hyos,1,16
"AVARICE, everything, to","MIND - AVARICE - everything, to",mind,sub,ip,1,16
"AVARICE, everything, to","MIND - AVARICE - everything, to",mind,sub,merc,1,16
"AVARICE, everything, to","MIND - AVARICE - everything, to",mind,sub,mez,1,16
"AVARICE, everything, to","MIND - AVARICE - everything, to",mind,sub,puls,1,16
"AVARICE, everything, to","MIND - AVARICE - everything, to",mind,sub,sulph,1,16
"AVARICE, everything, to","MIND - AVARICE - everything, to",mind,sub,thuj,1,16
"AVARICE, friends, to","MIND - AVARICE - friends, to",mind,sub,cedr,2,16
"AVARICE, friends, to","MIND - AVARICE - friends, to",mind,sub,ferr,1,16
"AVARICE, friends, to","MIND - AVARICE - friends, to",mind,sub,led,1,16
"AVARICE, during pregnancy",MIND - AVARICE - during pregnancy,mind,sub,con,2,16
"AVARICE, husband",MIND - AVARICE - husband,mind,sub,glon,2,16
"AVARICE, husband",MIND - AVARICE - husband,mind,sub,kali-p,1,16
"AVARICE, husband",MIND - AVARICE - husband,mind,sub,nat-m,1,16
"AVARICE, husband",MIND - AVARICE - husband,mind,sub,sep,2,16
"AVARICE, husband",MIND - AVARICE - husband,mind,sub,verat,1,16
"AVARICE, in general (of one thing disliked)",MIND - AVARICE - in general (of one thing disliked),mind,sub,phos,2,16
"AVARICE, members of family, to","MIND - AVARICE - members of family, to",mind,sub,calc,2,16
"AVARICE, members of family, to","MIND - AVARICE - members of family, to",mind,sub,crot-h,1,16
"AVARICE, members of family, to","MIND - AVARICE - members of family, to",mind,sub,fl-ac,1,16
"AVARICE, members of family, to","MIND - AVARICE - members of family, to",mind,sub,sep,2,16
"AVARICE, persons, to certain","MIND - AVARICE - persons, to certain",mind,sub,am-m,2,16
"AVARICE, persons, to certain","MIND - AVARICE - persons, to certain",mind,sub,aur,1,16
"AVARICE, persons, to certain","MIND - AVARICE - persons, to certain",mind,sub,calc,1,16
"AVARICE, persons, to certain","MIND - AVARICE - persons, to certain",mind,sub,nat-c,2,16
"AVARICE, persons, to certain","MIND - AVARICE - persons, to certain",mind,sub,sep,1,16
"AVARICE, persons, to certain","MIND - AVARICE - persons, to certain",mind,sub,sulph,1,16
"AVARICE, religious, to the opposite sex","MIND - AVARICE - religious, to the opposite sex",mind,sub,lyc,2,16
"AVARICE, religious, to the opposite sex","MIND - AVARICE - religious, to the opposite sex",mind,sub,puls,1,16
"AVARICE, religious, to the opposite sex","MIND - AVARICE - religious, to the opposite sex",mind,sub,sulph,1,16
"AVARICE, woman to",MIND - AVARICE - woman to,mind,sub,ars,2,16
"AVARICE, woman to",MIND - AVARICE - woman to,mind,sub,bad,3,16
"AVARICE, woman to",MIND - AVARICE - woman to,mind,sub,news,1,16
"AVARICE, woman to",MIND - AVARICE - woman to,mind,sub,ailments,1,16
"AVARICE, woman to",MIND - AVARICE - woman to,mind,sub,apis,2,16
"AVARICE, woman to",MIND - AVARICE - woman to,mind,sub,cale,2,16
"AVARICE, woman to",MIND - AVARICE - woman to,mind,sub,calc-p,1,16
"AVARICE, woman to",MIND - AVARICE - woman to,mind,sub,chin,1,16
"AVARICE, woman to",MIND - AVARICE - woman to,mind,sub,cinnb,1,16
"AVARICE, woman to",MIND - AVARICE - woman to,mind,sub,cupr,1,16
"AVARICE, woman to",MIND - AVARICE - woman to,mind,sub,dros,1,16
"AVARICE, woman to",MIND - AVARICE - woman to,mind,sub,form,1,16
"AVARICE, woman to",MIND - AVARICE - woman to,mind,sub,gels,2,16
"AVARICE, woman to",MIND - AVARICE - woman to,mind,sub,ign,1,16
"AVARICE, woman to",MIND - AVARICE - woman to,mind,sub,kali-c,1,16
"AVARICE, woman to",MIND - AVARICE - woman to,mind,sub,kali-p,1,16
"AVARICE, woman to",MIND - AVARICE - woman to,mind,sub,lach,1,16
"AVARICE, woman to",MIND - AVARICE - woman to,mind,sub,lyss,1,16
"AVARICE, woman to",MIND - AVARICE - woman to,mind,sub,med,1,16
"AVARICE, woman to",MIND - AVARICE - woman to,mind,sub,nat-m,1,16
"AVARICE, woman to",MIND - AVARICE - woman to,mind,sub,nat-p,1,16
"AVARICE, woman to",MIND - AVARICE - woman to,mind,sub,pzon,1,16
"AVARICE, woman to",MIND - AVARICE - woman to,mind,sub,pall,1,16
"AVARICE, woman to",MIND - AVARICE - woman to,mind,sub,phos,1,16
"AVARICE, woman to",MIND - AVARICE - woman to,mind,sub,puls,1,16
"AVARICE, woman to",MIND - AVARICE - woman to,mind,sub,stram,1,16
"AVARICE, woman to",MIND - AVARICE - woman to,mind,sub,sulph,1,16
BARKING,MIND - BARKING,mind,main,bell,2,16
BARKING,MIND - BARKING,mind,main,calc,1,16
BARKING,MIND - BARKING,mind,main,canth,1,16
BARKING,MIND - BARKING,mind,main,stram,1,16
BARKING,MIND - BARKING,mind,main,bashful,3,16
BARKING,MIND - BARKING,mind,main,battles,3,16
BARKING,MIND - BARKING,mind,main,talks,1,16
BARKING,MIND - BARKING,mind,main,about,1,16
BARKING,MIND - BARKING,mind,main,hyos,1,16
BARKING,MIND - BARKING,mind,main,bed,3,16
"BARKING, aversion to (shuns)",MIND - BARKING - aversion to (shuns),mind,sub,acon,2,16
"BARKING, aversion to (shuns)",MIND - BARKING - aversion to (shuns),mind,sub,ars,1,16
"BARKING, aversion to (shuns)",MIND - BARKING - aversion to (shuns),mind,sub,bapt,1,16
"BARKING, aversion to (shuns)",MIND - BARKING - aversion to (shuns),mind,sub,bar-c,1,16
"BARKING, aversion to (shuns)",MIND - BARKING - aversion to (shuns),mind,sub,calc,1,16
"BARKING, aversion to (shuns)",MIND - BARKING - aversion to (shuns),mind,sub,canth,1,16
"BARKING, aversion to (shuns)",MIND - BARKING - aversion to (shuns),mind,sub,caust,1,16
"BARKING, aversion to (shuns)",MIND - BARKING - aversion to (shuns),mind,sub,cedr,1,16
"BARKING, aversion to (shuns)",MIND - BARKING - aversion to (shuns),mind,sub,camph,1,16
"BARKING, aversion to (shuns)",MIND - BARKING - aversion to (shuns),mind,sub,cench,1,16
"BARKING, aversion to (shuns)",MIND - BARKING - aversion to (shuns),mind,sub,cur,1,16
"BARKING, aversion to (shuns)",MIND - BARKING - aversion to (shuns),mind,sub,kali-ar,1,16
"BARKING, aversion to (shuns)",MIND - BARKING - aversion to (shuns),mind,sub,lach,1,16
"BARKING, aversion to (shuns)",MIND - BARKING - aversion to (shuns),mind,sub,merc,1,16
"BARKING, aversion to (shuns)",MIND - BARKING - aversion to (shuns),mind,sub,merc-c,1,16
"BARKING, aversion to (shuns)",MIND - BARKING - aversion to (shuns),mind,sub,nat-c,1,16
"BARKING, aversion to (shuns)",MIND - BARKING - aversion to (shuns),mind,sub,squil,1,16
"BARKING, desires to remain in",MIND - BARKING - desires to remain in,mind,sub,alum,2,16
"BARKING, desires to remain in",MIND - BARKING - desires to remain in,mind,sub,alumn,1,16
"BARKING, desires to remain in",MIND - BARKING - desires to remain in,mind,sub,arg-n,1,16
"BARKING, desires to remain in",MIND - BARKING - desires to remain in,mind,sub,con,1,16
"BARKING, desires to remain in",MIND - BARKING - desires to remain in,mind,sub,hyos,1,16
"BARKING, desires to remain in",MIND - BARKING - desires to remain in,mind,sub,merc,1,16
"BARKING, desires to remain in",MIND - BARKING - desires to remain in,mind,sub,psor,1,16
"BARKING, desires to remain in",MIND - BARKING - desires to remain in,mind,sub,rob,1,16
"BARKING, desires to remain in",MIND - BARKING - desires to remain in,mind,sub,verat-v,1,16
"BARKING, jumps out of, wants to destroy himself but lacks courage","MIND - BARKING - jumps out of, wants to destroy himself but lacks courage",mind,sub,chin,2,16
"BARKING, and runs recklessly about",MIND - BARKING - and runs recklessly about,mind,sub,sabad,2,16
"BARKING, and runs recklessly about",MIND - BARKING - and runs recklessly about,mind,sub,begging,3,16
"BARKING, and runs recklessly about",MIND - BARKING - and runs recklessly about,mind,sub,entreating,1,16
"BARKING, and runs recklessly about",MIND - BARKING - and runs recklessly about,mind,sub,ars,2,16
"BARKING, and runs recklessly about",MIND - BARKING - and runs recklessly about,mind,sub,stram,1,16
BELLOWING,MIND - BELLOWING,mind,main,bell,2,16
BELLOWING,MIND - BELLOWING,mind,main,canth,1,16
BELLOWING,MIND - BELLOWING,mind,main,cupr,1,16
BELLOWING,MIND - BELLOWING,mind,main,bemoaning,3,16
BELLOWING,MIND - BELLOWING,mind,main,benevolence,3,16
BELLOWING,MIND - BELLOWING,mind,main,benumbed,3,16
BELLOWING,MIND - BELLOWING,mind,main,bewildered,3,16
BITING,MIND - BITING,mind,main,acon,2,17
BITING,MIND - BITING,mind,main,ant-c,1,17
BITING,MIND - BITING,mind,main,anthr,1,17
BITING,MIND - BITING,mind,main,bell,1,17
BITING,MIND - BITING,mind,main,bufo,1,17
BITING,MIND - BITING,mind,main,calc,1,17
BITING,MIND - BITING,mind,main,camph,1,17
BITING,MIND - BITING,mind,main,cann-i,1,17
BITING,MIND - BITING,mind,main,canth,1,17
BITING,MIND - BITING,mind,main,carb-s,1,17
BITING,MIND - BITING,mind,main,carb-v,1,17
BITING,MIND - BITING,mind,main,cic,1,17
BITING,MIND - BITING,mind,main,croc,1,17
BITING,MIND - BITING,mind,main,cub,1,17
BITING,MIND - BITING,mind,main,cur,1,17
BITING,MIND - BITING,mind,main,hydr-ac,1,17
BITING,MIND - BITING,mind,main,hyos,1,17
BITING,MIND - BITING,mind,main,hura,1,17
BITING,MIND - BITING,mind,main,lach,1,17
BITING,MIND - BITING,mind,main,yss,1,17
BITING,MIND - BITING,mind,main,op,1,17
BITING,MIND - BITING,mind,main,phos,1,17
BITING,MIND - BITING,mind,main,phyt,1,17
BITING,MIND - BITING,mind,main,plb,1,17
BITING,MIND - BITING,mind,main,sec,1,17
BITING,MIND - BITING,mind,main,stram,2,17
BITING,MIND - BITING,mind,main,verat,1,17
"BITING, night",MIND - BITING - night,mind,sub,bell,2,17
"BITING, convulsions, with","MIND - BITING - convulsions, with",mind,sub,lyss,2,17
"BITING, fingers",MIND - BITING - fingers,mind,sub,arum-t,2,17
"BITING, fingers",MIND - BITING - fingers,mind,sub,plb,1,17
"BITING, fingers",MIND - BITING - fingers,mind,sub,op,1,17
"BITING, hands",MIND - BITING - hands,mind,sub,hura,2,17
"BITING, hands",MIND - BITING - hands,mind,sub,op,1,17
"BITING, himself",MIND - BITING - himself,mind,sub,acon,2,17
"BITING, himself",MIND - BITING - himself,mind,sub,hura,1,17
"BITING, himself",MIND - BITING - himself,mind,sub,lyss,1,17
"BITING, himself",MIND - BITING - himself,mind,sub,op,1,17
"BITING, himself",MIND - BITING - himself,mind,sub,plb,1,17
"BITING, himself",MIND - BITING - himself,mind,sub,tarent,1,17
"BITING, pillow",MIND - BITING - pillow,mind,sub,lyss,2,17
"BITING, pillow",MIND - BITING - pillow,mind,sub,phos,1,17
"BITING, spoons, etc","MIND - BITING - spoons, etc",mind,sub,ars,2,17
"BITING, spoons, etc","MIND - BITING - spoons, etc",mind,sub,bell,1,17
"BITING, spoons, etc","MIND - BITING - spoons, etc",mind,sub,cupr,1,17
"BITING, spoons, etc","MIND - BITING - spoons, etc",mind,sub,lyss,1,17
"BITING, tumblers",MIND - BITING - tumblers,mind,sub,ars,2,17
"BITING, tumblers",MIND - BITING - tumblers,mind,sub,black,3,17
"BITING, tumblers",MIND - BITING - tumblers,mind,sub,sombre,1,17
"BITING, tumblers",MIND - BITING - tumblers,mind,sub,everything,1,17
"BITING, tumblers",MIND - BITING - tumblers,mind,sub,that,1,17
"BITING, tumblers",MIND - BITING - tumblers,mind,sub,is,1,17
"BITING, tumblers",MIND - BITING - tumblers,mind,sub,aversion,1,17
"BITING, tumblers",MIND - BITING - tumblers,mind,sub,rob,2,17
"BITING, tumblers",MIND - BITING - tumblers,mind,sub,stram,1,17
"BITING, tumblers",MIND - BITING - tumblers,mind,sub,tarent,1,17
"BITING, tumblers",MIND - BITING - tumblers,mind,sub,blindness,3,17
"BITING, tumblers",MIND - BITING - tumblers,mind,sub,pretended,1,17
"BITING, tumblers",MIND - BITING - tumblers,mind,sub,verat,2,17
"BITING, tumblers",MIND - BITING - tumblers,mind,sub,blood,3,17
"BITING, tumblers",MIND - BITING - tumblers,mind,sub,cannot,1,17
"BITING, tumblers",MIND - BITING - tumblers,mind,sub,look,1,17
"BITING, tumblers",MIND - BITING - tumblers,mind,sub,knife,1,17
"BITING, tumblers",MIND - BITING - tumblers,mind,sub,alum,2,17
"BITING, tumblers",MIND - BITING - tumblers,mind,sub,boldness,3,17
"BITING, tumblers",MIND - BITING - tumblers,mind,sub,break,3,17
"BITING, tumblers",MIND - BITING - tumblers,mind,sub,things,1,17
"BITING, tumblers",MIND - BITING - tumblers,mind,sub,desire,1,17
"BITING, tumblers",MIND - BITING - tumblers,mind,sub,apis,2,17
"BITING, tumblers",MIND - BITING - tumblers,mind,sub,hura,1,17
"BITING, tumblers",MIND - BITING - tumblers,mind,sub,tub,1,17
BROODING,MIND - BROODING,mind,main,alum,2,17
BROODING,MIND - BROODING,mind,main,arn,1,17
BROODING,MIND - BROODING,mind,main,aur,1,17
BROODING,MIND - BROODING,mind,main,bell,1,17
BROODING,MIND - BROODING,mind,main,calc-s,1,17
BROODING,MIND - BROODING,mind,main,canth,1,17
BROODING,MIND - BROODING,mind,main,caps,1,17
BROODING,MIND - BROODING,mind,main,caust,1,17
BROODING,MIND - BROODING,mind,main,cham,1,17
BROODING,MIND - BROODING,mind,main,cocc,1,17
BROODING,MIND - BROODING,mind,main,cycl,1,17
BROODING,MIND - BROODING,mind,main,euphr,1,17
BROODING,MIND - BROODING,mind,main,hell,2,17
BROODING,MIND - BROODING,mind,main,ign,2,17
BROODING,MIND - BROODING,mind,main,ip,1,17
BROODING,MIND - BROODING,mind,main,kali-p,1,17
BROODING,MIND - BROODING,mind,main,merc,1,17
BROODING,MIND - BROODING,mind,main,mosch,1,17
BROODING,MIND - BROODING,mind,main,naja,1,17
BROODING,MIND - BROODING,mind,main,nux-v,1,17
BROODING,MIND - BROODING,mind,main,olnd,1,17
BROODING,MIND - BROODING,mind,main,op,1,17
BROODING,MIND - BROODING,mind,main,phos,1,17
BROODING,MIND - BROODING,mind,main,puls,1,17
BROODING,MIND - BROODING,mind,main,sulph,1,17
BROODING,MIND - BROODING,mind,main,verat,2,17
"BROODING, evening",MIND - BROODING - evening,mind,sub,verat,2,17
"BROODING, evening",MIND - BROODING - evening,mind,sub,buffoonery,3,17
"BROODING, evening",MIND - BROODING - evening,mind,sub,business,3,17
"BROODING, averse to",MIND - BROODING - averse to,mind,sub,agar,2,17
"BROODING, averse to",MIND - BROODING - averse to,mind,sub,am-m,1,17
"BROODING, averse to",MIND - BROODING - averse to,mind,sub,aur,1,17
"BROODING, averse to",MIND - BROODING - averse to,mind,sub,ars,1,17
"BROODING, averse to",MIND - BROODING - averse to,mind,sub,ars-h,1,17
"BROODING, averse to",MIND - BROODING - averse to,mind,sub,aur-m,1,17
"BROODING, averse to",MIND - BROODING - averse to,mind,sub,brom,1,17
"BROODING, averse to",MIND - BROODING - averse to,mind,sub,chin-s,1,17
"BROODING, averse to",MIND - BROODING - averse to,mind,sub,cimic,1,17
"BROODING, averse to",MIND - BROODING - averse to,mind,sub,con,1,17
"BROODING, averse to",MIND - BROODING - averse to,mind,sub,cop,1,17
"BROODING, averse to",MIND - BROODING - averse to,mind,sub,fl-ac,1,17
"BROODING, averse to",MIND - BROODING - averse to,mind,sub,graph,1,17
"BROODING, averse to",MIND - BROODING - averse to,mind,sub,hipp,1,17
"BROODING, averse to",MIND - BROODING - averse to,mind,sub,kali-bi,1,17
"BROODING, averse to",MIND - BROODING - averse to,mind,sub,kali-c,1,17
"BROODING, averse to",MIND - BROODING - averse to,mind,sub,kali-i,1,17
"BROODING, averse to",MIND - BROODING - averse to,mind,sub,kali-p,1,17
"BROODING, averse to",MIND - BROODING - averse to,mind,sub,kali-s,1,17
"BROODING, averse to",MIND - BROODING - averse to,mind,sub,lac-ac,1,17
"BROODING, averse to",MIND - BROODING - averse to,mind,sub,lach,1,17
"BROODING, averse to",MIND - BROODING - averse to,mind,sub,laur,1,17
"BROODING, averse to",MIND - BROODING - averse to,mind,sub,lil-t,1,17
"BROODING, averse to",MIND - BROODING - averse to,mind,sub,mag-s,1,17
"BROODING, averse to",MIND - BROODING - averse to,mind,sub,ph-ac,1,17
"BROODING, averse to",MIND - BROODING - averse to,mind,sub,phyt,1,17
"BROODING, averse to",MIND - BROODING - averse to,mind,sub,puls,1,17
"BROODING, averse to",MIND - BROODING - averse to,mind,sub,sep,2,17
"BROODING, averse to",MIND - BROODING - averse to,mind,sub,sulph,1,17
"BROODING, incapacity for",MIND - BROODING - incapacity for,mind,sub,agn,2,17
"BROODING, incapacity for",MIND - BROODING - incapacity for,mind,sub,kali-bi,1,17
"BROODING, incapacity for",MIND - BROODING - incapacity for,mind,sub,kali-i,1,17
"BROODING, talks of",MIND - BROODING - talks of,mind,sub,ars,2,17
"BROODING, talks of",MIND - BROODING - talks of,mind,sub,bell,1,17
"BROODING, talks of",MIND - BROODING - talks of,mind,sub,bry,2,17
"BROODING, talks of",MIND - BROODING - talks of,mind,sub,canth,1,17
"BROODING, talks of",MIND - BROODING - talks of,mind,sub,cimic,1,17
"BROODING, talks of",MIND - BROODING - talks of,mind,sub,dor,1,17
"BROODING, talks of",MIND - BROODING - talks of,mind,sub,hyos,1,17
"BROODING, talks of",MIND - BROODING - talks of,mind,sub,mygale,1,17
"BROODING, talks of",MIND - BROODING - talks of,mind,sub,op,1,17
"BROODING, talks of",MIND - BROODING - talks of,mind,sub,phos,1,17
"BROODING, talks of",MIND - BROODING - talks of,mind,sub,plb,1,17
"BROODING, talks of",MIND - BROODING - talks of,mind,sub,stram,1,17
"BROODING, talks of",MIND - BROODING - talks of,mind,sub,sulph,1,17
BUSY,MIND - BUSY,mind,main,apis,2,17
BUSY,MIND - BUSY,mind,main,arg-n,1,17
BUSY,MIND - BUSY,mind,main,calad,1,17
BUSY,MIND - BUSY,mind,main,calc,1,17
BUSY,MIND - BUSY,mind,main,caps,1,17
BUSY,MIND - BUSY,mind,main,cocc,1,17
BUSY,MIND - BUSY,mind,main,ign,1,17
BUSY,MIND - BUSY,mind,main,rhus-t,1,17
BUSY,MIND - BUSY,mind,main,stram,1,17
BUSY,MIND - BUSY,mind,main,sulph,1,17
BUSY,MIND - BUSY,mind,main,verat,1,17
"BUSY, fruitlessly",MIND - BUSY - fruitlessly,mind,sub,stann,2,17
"BUSY, fruitlessly",MIND - BUSY - fruitlessly,mind,sub,calmness,3,17
"BUSY, fruitlessly",MIND - BUSY - fruitlessly,mind,sub,calumniate,3,17
"BUSY, fruitlessly",MIND - BUSY - fruitlessly,mind,sub,desire,1,17
CAPRICIOUSNESS,MIND - CAPRICIOUSNESS,mind,main,acon,2,18
CAPRICIOUSNESS,MIND - CAPRICIOUSNESS,mind,main,agar,1,18
CAPRICIOUSNESS,MIND - CAPRICIOUSNESS,mind,main,alum,1,18
CAPRICIOUSNESS,MIND - CAPRICIOUSNESS,mind,main,am,1,18
CAPRICIOUSNESS,MIND - CAPRICIOUSNESS,mind,main,am-c,1,18
CAPRICIOUSNESS,MIND - CAPRICIOUSNESS,mind,main,am-m,1,18
CAPRICIOUSNESS,MIND - CAPRICIOUSNESS,mind,main,anac,1,18
CAPRICIOUSNESS,MIND - CAPRICIOUSNESS,mind,main,apis,1,18
CAPRICIOUSNESS,MIND - CAPRICIOUSNESS,mind,main,arg-n,1,18
CAPRICIOUSNESS,MIND - CAPRICIOUSNESS,mind,main,asar,1,18
CAPRICIOUSNESS,MIND - CAPRICIOUSNESS,mind,main,bell,1,18
CAPRICIOUSNESS,MIND - CAPRICIOUSNESS,mind,main,bism,1,18
CAPRICIOUSNESS,MIND - CAPRICIOUSNESS,mind,main,bry,2,18
CAPRICIOUSNESS,MIND - CAPRICIOUSNESS,mind,main,brom,1,18
CAPRICIOUSNESS,MIND - CAPRICIOUSNESS,mind,main,calc,1,18
CAPRICIOUSNESS,MIND - CAPRICIOUSNESS,mind,main,calc-s,1,18
CAPRICIOUSNESS,MIND - CAPRICIOUSNESS,mind,main,calc-p,1,18
CAPRICIOUSNESS,MIND - CAPRICIOUSNESS,mind,main,calc-sil,1,18
CAPRICIOUSNESS,MIND - CAPRICIOUSNESS,mind,main,cann-i,1,18
CAPRICIOUSNESS,MIND - CAPRICIOUSNESS,mind,main,canth,1,18
CAPRICIOUSNESS,MIND - CAPRICIOUSNESS,mind,main,carb-an,1,18
CAPRICIOUSNESS,MIND - CAPRICIOUSNESS,mind,main,carb-s,1,18
CAPRICIOUSNESS,MIND - CAPRICIOUSNESS,mind,main,cham,2,18
CAPRICIOUSNESS,MIND - CAPRICIOUSNESS,mind,main,chin-a,1,18
CAPRICIOUSNESS,MIND - CAPRICIOUSNESS,mind,main,cimic,1,18
CAPRICIOUSNESS,MIND - CAPRICIOUSNESS,mind,main,cina,2,18
CAPRICIOUSNESS,MIND - CAPRICIOUSNESS,mind,main,coff,1,18
CAPRICIOUSNESS,MIND - CAPRICIOUSNESS,mind,main,croc,1,18
CAPRICIOUSNESS,MIND - CAPRICIOUSNESS,mind,main,dig,1,18
CAPRICIOUSNESS,MIND - CAPRICIOUSNESS,mind,main,dros,1,18
CAPRICIOUSNESS,MIND - CAPRICIOUSNESS,mind,main,dulc,1,18
CAPRICIOUSNESS,MIND - CAPRICIOUSNESS,mind,main,grat,1,18
CAPRICIOUSNESS,MIND - CAPRICIOUSNESS,mind,main,hep,1,18
CAPRICIOUSNESS,MIND - CAPRICIOUSNESS,mind,main,ign,1,18
CAPRICIOUSNESS,MIND - CAPRICIOUSNESS,mind,main,ip,1,18
CAPRICIOUSNESS,MIND - CAPRICIOUSNESS,mind,main,kali-c,2,18
CAPRICIOUSNESS,MIND - CAPRICIOUSNESS,mind,main,kreos,1,18
CAPRICIOUSNESS,MIND - CAPRICIOUSNESS,mind,main,lach,1,18
CAPRICIOUSNESS,MIND - CAPRICIOUSNESS,mind,main,led,1,18
CAPRICIOUSNESS,MIND - CAPRICIOUSNESS,mind,main,lyc,1,18
CAPRICIOUSNESS,MIND - CAPRICIOUSNESS,mind,main,mag-m,1,18
CAPRICIOUSNESS,MIND - CAPRICIOUSNESS,mind,main,merc,1,18
CAPRICIOUSNESS,MIND - CAPRICIOUSNESS,mind,main,merc-c,1,18
CAPRICIOUSNESS,MIND - CAPRICIOUSNESS,mind,main,mez,1,18
CAPRICIOUSNESS,MIND - CAPRICIOUSNESS,mind,main,mosch,1,18
CAPRICIOUSNESS,MIND - CAPRICIOUSNESS,mind,main,nat-c,1,18
CAPRICIOUSNESS,MIND - CAPRICIOUSNESS,mind,main,nat-m,1,18
CAPRICIOUSNESS,MIND - CAPRICIOUSNESS,mind,main,nux-m,1,18
CAPRICIOUSNESS,MIND - CAPRICIOUSNESS,mind,main,nux-v,1,18
CAPRICIOUSNESS,MIND - CAPRICIOUSNESS,mind,main,op,1,18
CAPRICIOUSNESS,MIND - CAPRICIOUSNESS,mind,main,petr,1,18
CAPRICIOUSNESS,MIND - CAPRICIOUSNESS,mind,main,phos,1,18
CAPRICIOUSNESS,MIND - CAPRICIOUSNESS,mind,main,plb,1,18
CAPRICIOUSNESS,MIND - CAPRICIOUSNESS,mind,main,puls,2,18
CAPRICIOUSNESS,MIND - CAPRICIOUSNESS,mind,main,ran-b,1,18
CAPRICIOUSNESS,MIND - CAPRICIOUSNESS,mind,main,rheum,1,18
CAPRICIOUSNESS,MIND - CAPRICIOUSNESS,mind,main,rhod,1,18
CAPRICIOUSNESS,MIND - CAPRICIOUSNESS,mind,main,sarr,1,18
CAPRICIOUSNESS,MIND - CAPRICIOUSNESS,mind,main,sec,1,18
CAPRICIOUSNESS,MIND - CAPRICIOUSNESS,mind,main,sil,1,18
CAPRICIOUSNESS,MIND - CAPRICIOUSNESS,mind,main,spong,1,18
CAPRICIOUSNESS,MIND - CAPRICIOUSNESS,mind,main,staph,2,18
CAPRICIOUSNESS,MIND - CAPRICIOUSNESS,mind,main,stram,1,18
CAPRICIOUSNESS,MIND - CAPRICIOUSNESS,mind,main,sulph,1,18
CAPRICIOUSNESS,MIND - CAPRICIOUSNESS,mind,main,thuj,1,18
CAPRICIOUSNESS,MIND - CAPRICIOUSNESS,mind,main,viol-t,1,18
CAPRICIOUSNESS,MIND - CAPRICIOUSNESS,mind,main,zinc,1,18
"CAPRICIOUSNESS, morning",MIND - CAPRICIOUSNESS - morning,mind,sub,staph,2,18
"CAPRICIOUSNESS, evening",MIND - CAPRICIOUSNESS - evening,mind,sub,ign,2,18
CAREFULNESS,MIND - CAREFULNESS,mind,main,ars,2,18
CAREFULNESS,MIND - CAREFULNESS,mind,main,bar-c,1,18
CAREFULNESS,MIND - CAREFULNESS,mind,main,iod,1,18
CAREFULNESS,MIND - CAREFULNESS,mind,main,nux-v,1,18
CAREFULNESS,MIND - CAREFULNESS,mind,main,puls,1,18
CAREFULNESS,MIND - CAREFULNESS,mind,main,ran-b,1,18
CAREFULNESS,MIND - CAREFULNESS,mind,main,careless,3,18
CAREFULNESS,MIND - CAREFULNESS,mind,main,cares,3,18
CAREFULNESS,MIND - CAREFULNESS,mind,main,full,1,18
CAREFULNESS,MIND - CAREFULNESS,mind,main,caust,2,18
CAREFULNESS,MIND - CAREFULNESS,mind,main,chin,1,18
CAREFULNESS,MIND - CAREFULNESS,mind,main,coff,1,18
"CAREFULNESS, ailments, from","MIND - CAREFULNESS - ailments, from",mind,sub,ph-ac,2,18
"CAREFULNESS, domestic affairs, about","MIND - CAREFULNESS - domestic affairs, about",mind,sub,bar-c,2,18
"CAREFULNESS, domestic affairs, about","MIND - CAREFULNESS - domestic affairs, about",mind,sub,puls,1,18
"CAREFULNESS, domestic affairs, about","MIND - CAREFULNESS - domestic affairs, about",mind,sub,sep,1,18
"CAREFULNESS, trifles, about","MIND - CAREFULNESS - trifles, about",mind,sub,ars,2,18
"CAREFULNESS, trifles, about","MIND - CAREFULNESS - trifles, about",mind,sub,carphologia,3,18
"CAREFULNESS, trifles, about","MIND - CAREFULNESS - trifles, about",mind,sub,carried,3,18
"CAREFULNESS, trifles, about","MIND - CAREFULNESS - trifles, about",mind,sub,desires,1,18
"CAREFULNESS, trifles, about","MIND - CAREFULNESS - trifles, about",mind,sub,be,1,18
"CAREFULNESS, trifles, about","MIND - CAREFULNESS - trifles, about",mind,sub,acon,2,18
"CAREFULNESS, trifles, about","MIND - CAREFULNESS - trifles, about",mind,sub,acet-ac,1,18
"CAREFULNESS, trifles, about","MIND - CAREFULNESS - trifles, about",mind,sub,ant-t,1,18
"CAREFULNESS, trifles, about","MIND - CAREFULNESS - trifles, about",mind,sub,benz-ac,1,18
"CAREFULNESS, trifles, about","MIND - CAREFULNESS - trifles, about",mind,sub,bism,1,18
"CAREFULNESS, trifles, about","MIND - CAREFULNESS - trifles, about",mind,sub,bor,1,18
"CAREFULNESS, trifles, about","MIND - CAREFULNESS - trifles, about",mind,sub,carb-v,1,18
"CAREFULNESS, trifles, about","MIND - CAREFULNESS - trifles, about",mind,sub,cham,2,18
"CAREFULNESS, trifles, about","MIND - CAREFULNESS - trifles, about",mind,sub,cina,1,18
"CAREFULNESS, trifles, about","MIND - CAREFULNESS - trifles, about",mind,sub,ign,1,18
"CAREFULNESS, trifles, about","MIND - CAREFULNESS - trifles, about",mind,sub,lyc,1,18
"CAREFULNESS, trifles, about","MIND - CAREFULNESS - trifles, about",mind,sub,kali-c,1,18
"CAREFULNESS, trifles, about","MIND - CAREFULNESS - trifles, about",mind,sub,puls,1,18
"CAREFULNESS, trifles, about","MIND - CAREFULNESS - trifles, about",mind,sub,sanic,1,18
"CAREFULNESS, trifles, about","MIND - CAREFULNESS - trifles, about",mind,sub,stann,1,18
"CAREFULNESS, trifles, about","MIND - CAREFULNESS - trifles, about",mind,sub,sulph,1,18
"CAREFULNESS, trifles, about","MIND - CAREFULNESS - trifles, about",mind,sub,verat,1,18
"CAREFULNESS, in croup",MIND - CAREFULNESS - in croup,mind,sub,brom,2,18
"CAREFULNESS, fast",MIND - CAREFULNESS - fast,mind,sub,ars,2,18
"CAREFULNESS, fast",MIND - CAREFULNESS - fast,mind,sub,bell,1,18
"CAREFULNESS, fast",MIND - CAREFULNESS - fast,mind,sub,brom,1,18
"CAREFULNESS, fast",MIND - CAREFULNESS - fast,mind,sub,rhus-t,1,18
"CAREFULNESS, fast",MIND - CAREFULNESS - fast,mind,sub,verat,1,18
"CAREFULNESS, slowly",MIND - CAREFULNESS - slowly,mind,sub,puls,2,18
CAUTIOUS,MIND - CAUTIOUS,mind,main,caust,2,18
CAUTIOUS,MIND - CAUTIOUS,mind,main,graph,1,18
CAUTIOUS,MIND - CAUTIOUS,mind,main,ip,1,18
CAUTIOUS,MIND - CAUTIOUS,mind,main,mag-c,1,18
"CAUTIOUS, anxiously",MIND - CAUTIOUS - anxiously,mind,sub,caust,2,18
"CAUTIOUS, anxiously",MIND - CAUTIOUS - anxiously,mind,sub,censorious,3,18
"CAUTIOUS, anxiously",MIND - CAUTIOUS - anxiously,mind,sub,critical,1,18
"CAUTIOUS, anxiously",MIND - CAUTIOUS - anxiously,mind,sub,acon,2,18
"CAUTIOUS, anxiously",MIND - CAUTIOUS - anxiously,mind,sub,am-c,1,18
"CAUTIOUS, anxiously",MIND - CAUTIOUS - anxiously,mind,sub,alum,1,18
"CAUTIOUS, anxiously",MIND - CAUTIOUS - anxiously,mind,sub,arn,1,18
"CAUTIOUS, anxiously",MIND - CAUTIOUS - anxiously,mind,sub,ars,2,18
"CAUTIOUS, anxiously",MIND - CAUTIOUS - anxiously,mind,sub,aur,1,18
"CAUTIOUS, anxiously",MIND - CAUTIOUS - anxiously,mind,sub,calc,1,18
"CAUTIOUS, anxiously",MIND - CAUTIOUS - anxiously,mind,sub,cench,1,18
"CAUTIOUS, anxiously",MIND - CAUTIOUS - anxiously,mind,sub,calc-p,1,18
"CAUTIOUS, anxiously",MIND - CAUTIOUS - anxiously,mind,sub,caps,1,18
"CAUTIOUS, anxiously",MIND - CAUTIOUS - anxiously,mind,sub,carl,1,18
"CAUTIOUS, anxiously",MIND - CAUTIOUS - anxiously,mind,sub,cham,1,18
"CAUTIOUS, anxiously",MIND - CAUTIOUS - anxiously,mind,sub,chin,1,18
"CAUTIOUS, anxiously",MIND - CAUTIOUS - anxiously,mind,sub,chin-a,1,18
"CAUTIOUS, anxiously",MIND - CAUTIOUS - anxiously,mind,sub,cic,1,18
"CAUTIOUS, anxiously",MIND - CAUTIOUS - anxiously,mind,sub,coca,1,18
"CAUTIOUS, anxiously",MIND - CAUTIOUS - anxiously,mind,sub,coff,1,18
"CAUTIOUS, anxiously",MIND - CAUTIOUS - anxiously,mind,sub,der,1,18
"CAUTIOUS, anxiously",MIND - CAUTIOUS - anxiously,mind,sub,dulc,1,18
"CAUTIOUS, anxiously",MIND - CAUTIOUS - anxiously,mind,sub,graph,1,18
"CAUTIOUS, anxiously",MIND - CAUTIOUS - anxiously,mind,sub,guaj,1,18
"CAUTIOUS, anxiously",MIND - CAUTIOUS - anxiously,mind,sub,helon,1,18
"CAUTIOUS, anxiously",MIND - CAUTIOUS - anxiously,mind,sub,hyos,1,18
"CAUTIOUS, anxiously",MIND - CAUTIOUS - anxiously,mind,sub,ign,1,18
"CAUTIOUS, anxiously",MIND - CAUTIOUS - anxiously,mind,sub,ip,1,18
"CAUTIOUS, anxiously",MIND - CAUTIOUS - anxiously,mind,sub,iris,1,18
"CAUTIOUS, anxiously",MIND - CAUTIOUS - anxiously,mind,sub,lac-c,1,18
"CAUTIOUS, anxiously",MIND - CAUTIOUS - anxiously,mind,sub,lach,1,18
"CAUTIOUS, anxiously",MIND - CAUTIOUS - anxiously,mind,sub,lyc,1,18
"CAUTIOUS, anxiously",MIND - CAUTIOUS - anxiously,mind,sub,merc,1,18
"CAUTIOUS, anxiously",MIND - CAUTIOUS - anxiously,mind,sub,mez,1,18
"CAUTIOUS, anxiously",MIND - CAUTIOUS - anxiously,mind,sub,mosch,1,18
"CAUTIOUS, anxiously",MIND - CAUTIOUS - anxiously,mind,sub,myric,1,18
"CAUTIOUS, anxiously",MIND - CAUTIOUS - anxiously,mind,sub,naja,1,18
"CAUTIOUS, anxiously",MIND - CAUTIOUS - anxiously,mind,sub,nat-ar,1,18
"CAUTIOUS, anxiously",MIND - CAUTIOUS - anxiously,mind,sub,par,1,18
"CAUTIOUS, anxiously",MIND - CAUTIOUS - anxiously,mind,sub,petr,1,18
"CAUTIOUS, anxiously",MIND - CAUTIOUS - anxiously,mind,sub,plat,1,18
"CAUTIOUS, anxiously",MIND - CAUTIOUS - anxiously,mind,sub,plb,1,18
"CAUTIOUS, anxiously",MIND - CAUTIOUS - anxiously,mind,sub,ran-b,1,18
"CAUTIOUS, anxiously",MIND - CAUTIOUS - anxiously,mind,sub,rhus-t,1,18
"CAUTIOUS, anxiously",MIND - CAUTIOUS - anxiously,mind,sub,sep,1,18
"CAUTIOUS, anxiously",MIND - CAUTIOUS - anxiously,mind,sub,sil,1,18
"CAUTIOUS, anxiously",MIND - CAUTIOUS - anxiously,mind,sub,sol-t-ze,1,18
"CAUTIOUS, anxiously",MIND - CAUTIOUS - anxiously,mind,sub,sulph,2,18
"CAUTIOUS, anxiously",MIND - CAUTIOUS - anxiously,mind,sub,til,1,18
"CAUTIOUS, anxiously",MIND - CAUTIOUS - anxiously,mind,sub,verat,1,18
"CAUTIOUS, afternoon",MIND - CAUTIOUS - afternoon,mind,sub,dulc,2,18
"CAUTIOUS, dearest friends, with","MIND - CAUTIOUS - dearest friends, with",mind,sub,chin-a,2,18
"CAUTIOUS, dearest friends, with","MIND - CAUTIOUS - dearest friends, with",mind,sub,der,1,18
"CAUTIOUS, disposed to find fault or is silent",MIND - CAUTIOUS - disposed to find fault or is silent,mind,sub,chin,2,18
"CAUTIOUS, disposed to find fault or is silent",MIND - CAUTIOUS - disposed to find fault or is silent,mind,sub,chagrin,3,18
"CAUTIOUS, disposed to find fault or is silent",MIND - CAUTIOUS - disposed to find fault or is silent,mind,sub,changeable,3,18
CHAOTIC,MIND - CHAOTIC,mind,main,agar,2,18
CHAOTIC,MIND - CHAOTIC,mind,main,am-c,1,18
CHAOTIC,MIND - CHAOTIC,mind,main,anac,1,18
CHAOTIC,MIND - CHAOTIC,mind,main,ars,1,18
CHAOTIC,MIND - CHAOTIC,mind,main,bell,1,18
CHAOTIC,MIND - CHAOTIC,mind,main,bov,1,18
CHAOTIC,MIND - CHAOTIC,mind,main,kali-c,1,18
CHAOTIC,MIND - CHAOTIC,mind,main,mag-m,1,18
CHAOTIC,MIND - CHAOTIC,mind,main,mez,1,18
CHAOTIC,MIND - CHAOTIC,mind,main,nat-c,1,18
CHAOTIC,MIND - CHAOTIC,mind,main,phos,1,18
CHAOTIC,MIND - CHAOTIC,mind,main,ph-ac,1,18
CHAOTIC,MIND - CHAOTIC,mind,main,rhod,1,18
CHAOTIC,MIND - CHAOTIC,mind,main,seneg,1,18
CHAOTIC,MIND - CHAOTIC,mind,main,thuj,1,18
CHAOTIC,MIND - CHAOTIC,mind,main,zinc,1,18
CHAOTIC,MIND - CHAOTIC,mind,main,chases,3,18
CHAOTIC,MIND - CHAOTIC,mind,main,imaginary,1,18
CHAOTIC,MIND - CHAOTIC,mind,main,objects,1,18
CHAOTIC,MIND - CHAOTIC,mind,main,stram,2,18
"CHAOTIC, persons",MIND - CHAOTIC - persons,mind,sub,cur,2,18
"CHAOTIC, daytime",MIND - CHAOTIC - daytime,mind,sub,anac,2,20
"CHAOTIC, daytime",MIND - CHAOTIC - daytime,mind,sub,arg-m,1,20
"CHAOTIC, daytime",MIND - CHAOTIC - daytime,mind,sub,aur,1,20
"CHAOTIC, daytime",MIND - CHAOTIC - daytime,mind,sub,caust,1,20
"CHAOTIC, daytime",MIND - CHAOTIC - daytime,mind,sub,mag-m,1,20
"CHAOTIC, daytime",MIND - CHAOTIC - daytime,mind,sub,mur-ac,1,20
"CHAOTIC, daytime",MIND - CHAOTIC - daytime,mind,sub,sars,1,20
"CHAOTIC, morning",MIND - CHAOTIC - morning,mind,sub,aeth,2,20
"CHAOTIC, morning",MIND - CHAOTIC - morning,mind,sub,bor,1,20
"CHAOTIC, morning",MIND - CHAOTIC - morning,mind,sub,caust,1,20
"CHAOTIC, morning",MIND - CHAOTIC - morning,mind,sub,clem,1,20
"CHAOTIC, morning",MIND - CHAOTIC - morning,mind,sub,com,1,20
"CHAOTIC, morning",MIND - CHAOTIC - morning,mind,sub,graph,1,20
"CHAOTIC, morning",MIND - CHAOTIC - morning,mind,sub,nat-m,1,20
"CHAOTIC, morning",MIND - CHAOTIC - morning,mind,sub,nat-s,1,20
"CHAOTIC, morning",MIND - CHAOTIC - morning,mind,sub,phos,1,20
"CHAOTIC, morning",MIND - CHAOTIC - morning,mind,sub,plb,1,20
"CHAOTIC, morning",MIND - CHAOTIC - morning,mind,sub,zinc,1,20
"CHAOTIC, forenoon",MIND - CHAOTIC - forenoon,mind,sub,hura,2,20
"CHAOTIC, afternoon",MIND - CHAOTIC - afternoon,mind,sub,aur-m,2,20
"CHAOTIC, afternoon",MIND - CHAOTIC - afternoon,mind,sub,anac,1,20
"CHAOTIC, afternoon",MIND - CHAOTIC - afternoon,mind,sub,ang,1,20
"CHAOTIC, afternoon",MIND - CHAOTIC - afternoon,mind,sub,arg-m,1,20
"CHAOTIC, afternoon",MIND - CHAOTIC - afternoon,mind,sub,calc,1,20
"CHAOTIC, afternoon",MIND - CHAOTIC - afternoon,mind,sub,calc-s,1,20
"CHAOTIC, afternoon",MIND - CHAOTIC - afternoon,mind,sub,mag-c,1,20
"CHAOTIC, afternoon",MIND - CHAOTIC - afternoon,mind,sub,nat-s,1,20
"CHAOTIC, afternoon",MIND - CHAOTIC - afternoon,mind,sub,ox-ac,1,20
"CHAOTIC, afternoon",MIND - CHAOTIC - afternoon,mind,sub,phos,1,20
"CHAOTIC, afternoon",MIND - CHAOTIC - afternoon,mind,sub,plb,1,20
"CHAOTIC, afternoon",MIND - CHAOTIC - afternoon,mind,sub,sars,1,20
"CHAOTIC, afternoon",MIND - CHAOTIC - afternoon,mind,sub,thuj,1,20
"CHAOTIC, evening",MIND - CHAOTIC - evening,mind,sub,agar,2,20
"CHAOTIC, evening",MIND - CHAOTIC - evening,mind,sub,aloe,1,20
"CHAOTIC, evening",MIND - CHAOTIC - evening,mind,sub,alum,1,20
"CHAOTIC, evening",MIND - CHAOTIC - evening,mind,sub,aster,1,20
"CHAOTIC, evening",MIND - CHAOTIC - evening,mind,sub,bell,1,20
"CHAOTIC, evening",MIND - CHAOTIC - evening,mind,sub,bism,1,20
"CHAOTIC, evening",MIND - CHAOTIC - evening,mind,sub,bufo,1,20
"CHAOTIC, evening",MIND - CHAOTIC - evening,mind,sub,calc,1,20
"CHAOTIC, evening",MIND - CHAOTIC - evening,mind,sub,carb-ac,1,20
"CHAOTIC, evening",MIND - CHAOTIC - evening,mind,sub,cast,1,20
"CHAOTIC, evening",MIND - CHAOTIC - evening,mind,sub,chin,1,20
"CHAOTIC, evening",MIND - CHAOTIC - evening,mind,sub,cupr,1,20
"CHAOTIC, evening",MIND - CHAOTIC - evening,mind,sub,cycl,1,20
"CHAOTIC, evening",MIND - CHAOTIC - evening,mind,sub,ferr,1,20
"CHAOTIC, evening",MIND - CHAOTIC - evening,mind,sub,graph,1,20
"CHAOTIC, evening",MIND - CHAOTIC - evening,mind,sub,lach,1,20
"CHAOTIC, evening",MIND - CHAOTIC - evening,mind,sub,achn,1,20
"CHAOTIC, evening",MIND - CHAOTIC - evening,mind,sub,lyss,1,20
"CHAOTIC, evening",MIND - CHAOTIC - evening,mind,sub,mag-c,1,20
"CHAOTIC, evening",MIND - CHAOTIC - evening,mind,sub,med,1,20
"CHAOTIC, evening",MIND - CHAOTIC - evening,mind,sub,merc-i-f,1,20
"CHAOTIC, evening",MIND - CHAOTIC - evening,mind,sub,merc-i-r,1,20
"CHAOTIC, evening",MIND - CHAOTIC - evening,mind,sub,nat-m,1,20
"CHAOTIC, evening",MIND - CHAOTIC - evening,mind,sub,nux-m,1,20
"CHAOTIC, evening",MIND - CHAOTIC - evening,mind,sub,ol-an,1,20
"CHAOTIC, evening",MIND - CHAOTIC - evening,mind,sub,phel,1,20
"CHAOTIC, evening",MIND - CHAOTIC - evening,mind,sub,plat,1,20
"CHAOTIC, evening",MIND - CHAOTIC - evening,mind,sub,sulph,1,20
"CHAOTIC, evening",MIND - CHAOTIC - evening,mind,sub,sumb,1,20
"CHAOTIC, evening",MIND - CHAOTIC - evening,mind,sub,teucr,1,20
"CHAOTIC, evening",MIND - CHAOTIC - evening,mind,sub,valer,1,20
"CHAOTIC, evening",MIND - CHAOTIC - evening,mind,sub,verb,1,20
"CHAOTIC, evening",MIND - CHAOTIC - evening,mind,sub,viol-t,1,20
"CHAOTIC, evening",MIND - CHAOTIC - evening,mind,sub,zinc,1,20
"CHAOTIC, night",MIND - CHAOTIC - night,mind,sub,alum,2,20
"CHAOTIC, night",MIND - CHAOTIC - night,mind,sub,bell,1,20
"CHAOTIC, night",MIND - CHAOTIC - night,mind,sub,caust,1,20
"CHAOTIC, night",MIND - CHAOTIC - night,mind,sub,croc,1,20
"CHAOTIC, night",MIND - CHAOTIC - night,mind,sub,cupr,1,20
"CHAOTIC, night",MIND - CHAOTIC - night,mind,sub,hyos,1,20
"CHAOTIC, night",MIND - CHAOTIC - night,mind,sub,kreos,1,20
"CHAOTIC, night",MIND - CHAOTIC - night,mind,sub,lyc,1,20
"CHAOTIC, night",MIND - CHAOTIC - night,mind,sub,op,1,20
"CHAOTIC, night",MIND - CHAOTIC - night,mind,sub,ph-ac,1,20
"CHAOTIC, night",MIND - CHAOTIC - night,mind,sub,sep,1,20
"CHAOTIC, night",MIND - CHAOTIC - night,mind,sub,sil,1,20
"CHAOTIC, night",MIND - CHAOTIC - night,mind,sub,stram,1,20
"CHAOTIC, night",MIND - CHAOTIC - night,mind,sub,sulph,1,20
"CHAOTIC, night",MIND - CHAOTIC - night,mind,sub,verat,1,20
"CHAOTIC, air, in open","MIND - CHAOTIC - air, in open",mind,sub,merc-i-f,2,20
"CHAOTIC, air, in open","MIND - CHAOTIC - air, in open",mind,sub,plat,1,20
"CHAOTIC, air, in open","MIND - CHAOTIC - air, in open",mind,sub,plb,1,20
"CHAOTIC, air, in open","MIND - CHAOTIC - air, in open",mind,sub,tarent,1,20
"CHAOTIC, air, in open","MIND - CHAOTIC - air, in open",mind,sub,teucr,1,20
"CHAOTIC, alternating with aversion to work",MIND - CHAOTIC - alternating with aversion to work,mind,sub,spong,2,20
"CHAOTIC, mania, with","MIND - CHAOTIC - mania, with",mind,sub,bell,2,20
"CHAOTIC, mania, with","MIND - CHAOTIC - mania, with",mind,sub,cann-s,1,20
"CHAOTIC, mania, with","MIND - CHAOTIC - mania, with",mind,sub,croc,1,20
"CHAOTIC, pain, with","MIND - CHAOTIC - pain, with",mind,sub,plat,2,20
"CHAOTIC, passion, burst of","MIND - CHAOTIC - passion, burst of",mind,sub,aur,2,20
"CHAOTIC, passion, burst of","MIND - CHAOTIC - passion, burst of",mind,sub,caps,1,20
"CHAOTIC, passion, burst of","MIND - CHAOTIC - passion, burst of",mind,sub,croc,1,20
"CHAOTIC, passion, burst of","MIND - CHAOTIC - passion, burst of",mind,sub,ign,1,20
"CHAOTIC, passion, burst of","MIND - CHAOTIC - passion, burst of",mind,sub,stram,1,20
"CHAOTIC, physical sufferings",MIND - CHAOTIC - physical sufferings,mind,sub,plat,2,20
"CHAOTIC, sadness, with","MIND - CHAOTIC - sadness, with",mind,sub,acon,2,20
"CHAOTIC, sadness, with","MIND - CHAOTIC - sadness, with",mind,sub,agar,1,20
"CHAOTIC, sadness, with","MIND - CHAOTIC - sadness, with",mind,sub,asar,1,20
"CHAOTIC, sadness, with","MIND - CHAOTIC - sadness, with",mind,sub,canth,1,20
"CHAOTIC, sadness, with","MIND - CHAOTIC - sadness, with",mind,sub,carb-an,1,20
"CHAOTIC, sadness, with","MIND - CHAOTIC - sadness, with",mind,sub,caust,1,20
"CHAOTIC, sadness, with","MIND - CHAOTIC - sadness, with",mind,sub,chin,1,20
"CHAOTIC, sadness, with","MIND - CHAOTIC - sadness, with",mind,sub,clem,1,20
"CHAOTIC, sadness, with","MIND - CHAOTIC - sadness, with",mind,sub,cupr,1,20
"CHAOTIC, sadness, with","MIND - CHAOTIC - sadness, with",mind,sub,graph,1,20
"CHAOTIC, sadness, with","MIND - CHAOTIC - sadness, with",mind,sub,lach,1,20
"CHAOTIC, sadness, with","MIND - CHAOTIC - sadness, with",mind,sub,lachn,1,20
"CHAOTIC, sadness, with","MIND - CHAOTIC - sadness, with",mind,sub,lyss,1,20
"CHAOTIC, sadness, with","MIND - CHAOTIC - sadness, with",mind,sub,mag-c,1,20
"CHAOTIC, sadness, with","MIND - CHAOTIC - sadness, with",mind,sub,merc,1,20
"CHAOTIC, sadness, with","MIND - CHAOTIC - sadness, with",mind,sub,merc-c,1,20
"CHAOTIC, sadness, with","MIND - CHAOTIC - sadness, with",mind,sub,meri,1,20
"CHAOTIC, sadness, with","MIND - CHAOTIC - sadness, with",mind,sub,nat-c,1,20
"CHAOTIC, sadness, with","MIND - CHAOTIC - sadness, with",mind,sub,nux-m,1,20
"CHAOTIC, sadness, with","MIND - CHAOTIC - sadness, with",mind,sub,ol-an,1,20
"CHAOTIC, sadness, with","MIND - CHAOTIC - sadness, with",mind,sub,phel,1,20
"CHAOTIC, sadness, with","MIND - CHAOTIC - sadness, with",mind,sub,plat,1,20
"CHAOTIC, sadness, with","MIND - CHAOTIC - sadness, with",mind,sub,sulph,1,20
"CHAOTIC, sadness, with","MIND - CHAOTIC - sadness, with",mind,sub,sumb,1,20
"CHAOTIC, sadness, with","MIND - CHAOTIC - sadness, with",mind,sub,teucr,1,20
"CHAOTIC, sadness, with","MIND - CHAOTIC - sadness, with",mind,sub,valer,1,20
"CHAOTIC, sadness, with","MIND - CHAOTIC - sadness, with",mind,sub,verb,1,20
"CHAOTIC, sadness, with","MIND - CHAOTIC - sadness, with",mind,sub,viol-t,1,20
"CHAOTIC, sadness, with","MIND - CHAOTIC - sadness, with",mind,sub,zinc,1,20
"CHAOTIC, violence, with","MIND - CHAOTIC - violence, with",mind,sub,aur,2,20
"CHAOTIC, violence, with","MIND - CHAOTIC - violence, with",mind,sub,croc,1,20
"CHAOTIC, violence, with","MIND - CHAOTIC - violence, with",mind,sub,stram,1,20
"CHAOTIC, want of sympathy, with","MIND - CHAOTIC - want of sympathy, with",mind,sub,merc,2,20
"CHAOTIC, bed, in","MIND - CHAOTIC - bed, in",mind,sub,hep,2,20
"CHAOTIC, chill, during","MIND - CHAOTIC - chill, during",mind,sub,cann-s,2,20
"CHAOTIC, chill, during","MIND - CHAOTIC - chill, during",mind,sub,nux-m,1,20
"CHAOTIC, chill, during","MIND - CHAOTIC - chill, during",mind,sub,phos,1,20
"CHAOTIC, chill, during","MIND - CHAOTIC - chill, during",mind,sub,puls,1,20
"CHAOTIC, coition, after","MIND - CHAOTIC - coition, after",mind,sub,nat-m,2,20
"CHAOTIC, company, in","MIND - CHAOTIC - company, in",mind,sub,bov,2,20
"CHAOTIC, constipated, when","MIND - CHAOTIC - constipated, when",mind,sub,calc,2,20
"CHAOTIC, constipated, when","MIND - CHAOTIC - constipated, when",mind,sub,psor,1,20
"CHAOTIC, convulsions after",MIND - CHAOTIC - convulsions after,mind,sub,sulph,2,20
"CHAOTIC, eating while",MIND - CHAOTIC - eating while,mind,sub,anac,2,20
"CHAOTIC, eating while",MIND - CHAOTIC - eating while,mind,sub,bell,1,20
"CHAOTIC, eating while",MIND - CHAOTIC - eating while,mind,sub,carb-ac,1,20
"CHAOTIC, eating while",MIND - CHAOTIC - eating while,mind,sub,cist,1,20
"CHAOTIC, eating, after","MIND - CHAOTIC - eating, after",mind,sub,carb-v,2,20
"CHAOTIC, eating, after","MIND - CHAOTIC - eating, after",mind,sub,psor,1,20
"CHAOTIC, followed by irritability, etc","MIND - CHAOTIC - followed by irritability, etc",mind,sub,clem,2,20
"CHAOTIC, followed by irritability, etc","MIND - CHAOTIC - followed by irritability, etc",mind,sub,hyos,1,20
"CHAOTIC, followed by irritability, etc","MIND - CHAOTIC - followed by irritability, etc",mind,sub,nat-s,1,20
"CHAOTIC, followed by irritability, etc","MIND - CHAOTIC - followed by irritability, etc",mind,sub,ol-an,1,20
"CHAOTIC, followed by irritability, etc","MIND - CHAOTIC - followed by irritability, etc",mind,sub,op,1,20
"CHAOTIC, followed by irritability, etc","MIND - CHAOTIC - followed by irritability, etc",mind,sub,seneg,1,20
"CHAOTIC, followed by irritability, etc","MIND - CHAOTIC - followed by irritability, etc",mind,sub,tarax,1,20
"CHAOTIC, melancholy",MIND - CHAOTIC - melancholy,mind,sub,gels,2,20
"CHAOTIC, melancholy",MIND - CHAOTIC - melancholy,mind,sub,graph,1,20
"CHAOTIC, melancholy",MIND - CHAOTIC - melancholy,mind,sub,petr,1,20
"CHAOTIC, melancholy",MIND - CHAOTIC - melancholy,mind,sub,plat,1,20
"CHAOTIC, melancholy",MIND - CHAOTIC - melancholy,mind,sub,ziz,1,20
"CHAOTIC, prostration, etc","MIND - CHAOTIC - prostration, etc",mind,sub,clem,2,20
"CHAOTIC, prostration, etc","MIND - CHAOTIC - prostration, etc",mind,sub,spong,1,20
"CHAOTIC, sleepiness",MIND - CHAOTIC - sleepiness,mind,sub,bell,2,20
"CHAOTIC, sleepiness",MIND - CHAOTIC - sleepiness,mind,sub,calc,1,20
"CHAOTIC, heat, during","MIND - CHAOTIC - heat, during",mind,sub,acon,2,20
"CHAOTIC, heat, during","MIND - CHAOTIC - heat, during",mind,sub,op,1,20
"CHAOTIC, menses, before","MIND - CHAOTIC - menses, before",mind,sub,acon,2,20
"CHAOTIC, menses, before","MIND - CHAOTIC - menses, before",mind,sub,fl-ac,1,20
"CHAOTIC, menses, before","MIND - CHAOTIC - menses, before",mind,sub,hyos,1,20
"CHAOTIC, menses, during","MIND - CHAOTIC - menses, during",mind,sub,fl-ac,2,20
"CHAOTIC, menses, during","MIND - CHAOTIC - menses, during",mind,sub,stram,1,20
"CHAOTIC, pain, with all","MIND - CHAOTIC - pain, with all",mind,sub,spig,2,20
"CHAOTIC, perspiration, during","MIND - CHAOTIC - perspiration, during",mind,sub,apis,2,20
"CHAOTIC, perspiration, during","MIND - CHAOTIC - perspiration, during",mind,sub,ars,1,20
"CHAOTIC, perspiration, during","MIND - CHAOTIC - perspiration, during",mind,sub,bell,1,20
"CHAOTIC, perspiration, during","MIND - CHAOTIC - perspiration, during",mind,sub,clem,1,20
"CHAOTIC, room, in the amel","MIND - CHAOTIC - room, in the amel",mind,sub,tarent,2,20
"CHAOTIC, stools, after","MIND - CHAOTIC - stools, after",mind,sub,bor,2,20
"CHAOTIC, stools, after","MIND - CHAOTIC - stools, after",mind,sub,nat-c,1,20
"CHAOTIC, stools, after","MIND - CHAOTIC - stools, after",mind,sub,nat-s,2,20
"CHAOTIC, stools, after","MIND - CHAOTIC - stools, after",mind,sub,ox-ac,1,20
"CHAOTIC, supper, after","MIND - CHAOTIC - supper, after",mind,sub,cist,2,20
"CHAOTIC, thinking of death, while","MIND - CHAOTIC - thinking of death, while",mind,sub,aut,2,20
"CHAOTIC, thunders and lightnings, when it","MIND - CHAOTIC - thunders and lightnings, when it",mind,sub,sep,2,20
"CHAOTIC, urination, after","MIND - CHAOTIC - urination, after",mind,sub,eug,2,20
"CHAOTIC, urination, after","MIND - CHAOTIC - urination, after",mind,sub,hyos,1,20
"CHAOTIC, waking, on","MIND - CHAOTIC - waking, on",mind,sub,tarent,2,20
"CHAOTIC, walking in open air",MIND - CHAOTIC - walking in open air,mind,sub,alum,2,21
"CHAOTIC, walking in open air",MIND - CHAOTIC - walking in open air,mind,sub,ang,1,21
"CHAOTIC, walking in open air",MIND - CHAOTIC - walking in open air,mind,sub,cinnb,1,21
"CHAOTIC, walking in open air",MIND - CHAOTIC - walking in open air,mind,sub,fl-ac,1,21
"CHAOTIC, walking in open air",MIND - CHAOTIC - walking in open air,mind,sub,plb,1,21
"CHAOTIC, walking in open air",MIND - CHAOTIC - walking in open air,mind,sub,tarent,1,21
"CHAOTIC, walking in open air",MIND - CHAOTIC - walking in open air,mind,sub,childish,3,21
"CHAOTIC, walking in open air",MIND - CHAOTIC - walking in open air,mind,sub,behavior,1,21
"CHAOTIC, walking in open air",MIND - CHAOTIC - walking in open air,mind,sub,acon,2,21
"CHAOTIC, walking in open air",MIND - CHAOTIC - walking in open air,mind,sub,anac,1,21
"CHAOTIC, walking in open air",MIND - CHAOTIC - walking in open air,mind,sub,apis,1,21
"CHAOTIC, walking in open air",MIND - CHAOTIC - walking in open air,mind,sub,arg-n,1,21
"CHAOTIC, walking in open air",MIND - CHAOTIC - walking in open air,mind,sub,bar-c,2,21
"CHAOTIC, walking in open air",MIND - CHAOTIC - walking in open air,mind,sub,bar-m,1,21
"CHAOTIC, walking in open air",MIND - CHAOTIC - walking in open air,mind,sub,bufo,1,21
"CHAOTIC, walking in open air",MIND - CHAOTIC - walking in open air,mind,sub,calad,1,21
"CHAOTIC, walking in open air",MIND - CHAOTIC - walking in open air,mind,sub,carb-an,1,21
"CHAOTIC, walking in open air",MIND - CHAOTIC - walking in open air,mind,sub,carb-s,1,21
"CHAOTIC, walking in open air",MIND - CHAOTIC - walking in open air,mind,sub,carb-v,1,21
"CHAOTIC, walking in open air",MIND - CHAOTIC - walking in open air,mind,sub,chlol,1,21
"CHAOTIC, walking in open air",MIND - CHAOTIC - walking in open air,mind,sub,cic,2,21
"CHAOTIC, walking in open air",MIND - CHAOTIC - walking in open air,mind,sub,croc,1,21
"CHAOTIC, walking in open air",MIND - CHAOTIC - walking in open air,mind,sub,crot-c,1,21
"CHAOTIC, walking in open air",MIND - CHAOTIC - walking in open air,mind,sub,ign,1,21
"CHAOTIC, walking in open air",MIND - CHAOTIC - walking in open air,mind,sub,kali-br,1,21
"CHAOTIC, walking in open air",MIND - CHAOTIC - walking in open air,mind,sub,nux-m,1,21
"CHAOTIC, walking in open air",MIND - CHAOTIC - walking in open air,mind,sub,par,1,21
"CHAOTIC, walking in open air",MIND - CHAOTIC - walking in open air,mind,sub,puls,1,21
"CHAOTIC, walking in open air",MIND - CHAOTIC - walking in open air,mind,sub,rhus-t,1,21
"CHAOTIC, walking in open air",MIND - CHAOTIC - walking in open air,mind,sub,seneg,1,21
"CHAOTIC, walking in open air",MIND - CHAOTIC - walking in open air,mind,sub,stram,1,21
"CHAOTIC, walking in open air",MIND - CHAOTIC - walking in open air,mind,sub,viol-o,1,21
"CHAOTIC, walking in open air",MIND - CHAOTIC - walking in open air,mind,sub,children,3,21
"CHAOTIC, walking in open air",MIND - CHAOTIC - walking in open air,mind,sub,aversion,1,21
"CHAOTIC, walking in open air",MIND - CHAOTIC - walking in open air,mind,sub,plat,2,21
"CHAOTIC, desires to beat",MIND - CHAOTIC - desires to beat,mind,sub,chel,2,21
"CHAOTIC, to have, to beget","MIND - CHAOTIC - to have, to beget",mind,sub,ox-ac,2,21
"CHAOTIC, dislikes her own",MIND - CHAOTIC - dislikes her own,mind,sub,glon,2,21
"CHAOTIC, dislikes her own",MIND - CHAOTIC - dislikes her own,mind,sub,lyc,1,21
"CHAOTIC, dislikes her own",MIND - CHAOTIC - dislikes her own,mind,sub,plat,1,21
"CHAOTIC, dislikes her own",MIND - CHAOTIC - dislikes her own,mind,sub,verat,1,21
"CHAOTIC, especially little girls (a woman)",MIND - CHAOTIC - especially little girls (a woman),mind,sub,raph,2,21
"CHAOTIC, flies from his own",MIND - CHAOTIC - flies from his own,mind,sub,lyc,2,21
"CHAOTIC, flies from his own",MIND - CHAOTIC - flies from his own,mind,sub,circumspection,3,21
"CHAOTIC, flies from his own",MIND - CHAOTIC - flies from his own,mind,sub,lack,1,21
CLAIRVOYANCE,MIND - CLAIRVOYANCE,mind,main,acon,2,21
CLAIRVOYANCE,MIND - CLAIRVOYANCE,mind,main,anac,1,21
CLAIRVOYANCE,MIND - CLAIRVOYANCE,mind,main,arn,1,21
CLAIRVOYANCE,MIND - CLAIRVOYANCE,mind,main,calc,1,21
CLAIRVOYANCE,MIND - CLAIRVOYANCE,mind,main,cann-i,1,21
CLAIRVOYANCE,MIND - CLAIRVOYANCE,mind,main,crot-c,1,21
CLAIRVOYANCE,MIND - CLAIRVOYANCE,mind,main,hyos,1,21
CLAIRVOYANCE,MIND - CLAIRVOYANCE,mind,main,lach,1,21
CLAIRVOYANCE,MIND - CLAIRVOYANCE,mind,main,yss,1,21
CLAIRVOYANCE,MIND - CLAIRVOYANCE,mind,main,med,1,21
CLAIRVOYANCE,MIND - CLAIRVOYANCE,mind,main,nux-m,1,21
CLAIRVOYANCE,MIND - CLAIRVOYANCE,mind,main,op,1,21
CLAIRVOYANCE,MIND - CLAIRVOYANCE,mind,main,phos,1,21
CLAIRVOYANCE,MIND - CLAIRVOYANCE,mind,main,pyrus,1,21
CLAIRVOYANCE,MIND - CLAIRVOYANCE,mind,main,sil,1,21
CLAIRVOYANCE,MIND - CLAIRVOYANCE,mind,main,stann,1,21
CLAIRVOYANCE,MIND - CLAIRVOYANCE,mind,main,stram,1,21
CLAIRVOYANCE,MIND - CLAIRVOYANCE,mind,main,tarent,1,21
CLAIRVOYANCE,MIND - CLAIRVOYANCE,mind,main,clinging,3,21
CLAIRVOYANCE,MIND - CLAIRVOYANCE,mind,main,persons,1,21
CLAIRVOYANCE,MIND - CLAIRVOYANCE,mind,main,furniture,1,21
CLAIRVOYANCE,MIND - CLAIRVOYANCE,mind,main,coff,2,21
CLAIRVOYANCE,MIND - CLAIRVOYANCE,mind,main,gels,1,21
"CLAIRVOYANCE, child awakens terrified, knows no one, screams, clings to those near","MIND - CLAIRVOYANCE - child awakens terrified, knows no one, screams, clings to those near",mind,sub,stram,2,21
"CLAIRVOYANCE, child awakens terrified, knows no one, screams, clings to those near","MIND - CLAIRVOYANCE - child awakens terrified, knows no one, screams, clings to those near",mind,sub,closing,3,21
"CLAIRVOYANCE, child awakens terrified, knows no one, screams, clings to those near","MIND - CLAIRVOYANCE - child awakens terrified, knows no one, screams, clings to those near",mind,sub,eyes,1,21
"CLAIRVOYANCE, child awakens terrified, knows no one, screams, clings to those near","MIND - CLAIRVOYANCE - child awakens terrified, knows no one, screams, clings to those near",mind,sub,amel,1,21
"CLAIRVOYANCE, child awakens terrified, knows no one, screams, clings to those near","MIND - CLAIRVOYANCE - child awakens terrified, knows no one, screams, clings to those near",mind,sub,kali-c,2,21
"CLAIRVOYANCE, child awakens terrified, knows no one, screams, clings to those near","MIND - CLAIRVOYANCE - child awakens terrified, knows no one, screams, clings to those near",mind,sub,zinc,1,21
"CLAIRVOYANCE, child awakens terrified, knows no one, screams, clings to those near","MIND - CLAIRVOYANCE - child awakens terrified, knows no one, screams, clings to those near",mind,sub,cloudiness,3,21
"CLAIRVOYANCE, child awakens terrified, knows no one, screams, clings to those near","MIND - CLAIRVOYANCE - child awakens terrified, knows no one, screams, clings to those near",mind,sub,confusion,1,21
"CLAIRVOYANCE, child awakens terrified, knows no one, screams, clings to those near","MIND - CLAIRVOYANCE - child awakens terrified, knows no one, screams, clings to those near",mind,sub,color,3,21
"CLAIRVOYANCE, child awakens terrified, knows no one, screams, clings to those near","MIND - CLAIRVOYANCE - child awakens terrified, knows no one, screams, clings to those near",mind,sub,aversion,1,21
"CLAIRVOYANCE, child awakens terrified, knows no one, screams, clings to those near","MIND - CLAIRVOYANCE - child awakens terrified, knows no one, screams, clings to those near",mind,sub,red,1,21
"CLAIRVOYANCE, child awakens terrified, knows no one, screams, clings to those near","MIND - CLAIRVOYANCE - child awakens terrified, knows no one, screams, clings to those near",mind,sub,yellow,1,21
"CLAIRVOYANCE, child awakens terrified, knows no one, screams, clings to those near","MIND - CLAIRVOYANCE - child awakens terrified, knows no one, screams, clings to those near",mind,sub,green,1,21
"CLAIRVOYANCE, child awakens terrified, knows no one, screams, clings to those near","MIND - CLAIRVOYANCE - child awakens terrified, knows no one, screams, clings to those near",mind,sub,black,1,21
"CLAIRVOYANCE, child awakens terrified, knows no one, screams, clings to those near","MIND - CLAIRVOYANCE - child awakens terrified, knows no one, screams, clings to those near",mind,sub,tarent,2,21
"CLAIRVOYANCE, aversion to",MIND - CLAIRVOYANCE - aversion to,mind,sub,acon,2,22
"CLAIRVOYANCE, aversion to",MIND - CLAIRVOYANCE - aversion to,mind,sub,aloe,1,22
"CLAIRVOYANCE, aversion to",MIND - CLAIRVOYANCE - aversion to,mind,sub,alum,1,22
"CLAIRVOYANCE, aversion to",MIND - CLAIRVOYANCE - aversion to,mind,sub,ambr,1,22
"CLAIRVOYANCE, aversion to",MIND - CLAIRVOYANCE - aversion to,mind,sub,anac,2,22
"CLAIRVOYANCE, aversion to",MIND - CLAIRVOYANCE - aversion to,mind,sub,anan,1,22
"CLAIRVOYANCE, aversion to",MIND - CLAIRVOYANCE - aversion to,mind,sub,ant-c,1,22
"CLAIRVOYANCE, aversion to",MIND - CLAIRVOYANCE - aversion to,mind,sub,ant-t,1,22
"CLAIRVOYANCE, aversion to",MIND - CLAIRVOYANCE - aversion to,mind,sub,atro,1,22
"CLAIRVOYANCE, aversion to",MIND - CLAIRVOYANCE - aversion to,mind,sub,aur,1,22
"CLAIRVOYANCE, aversion to",MIND - CLAIRVOYANCE - aversion to,mind,sub,aur-s,1,22
"CLAIRVOYANCE, aversion to",MIND - CLAIRVOYANCE - aversion to,mind,sub,bar-c,2,22
"CLAIRVOYANCE, aversion to",MIND - CLAIRVOYANCE - aversion to,mind,sub,bar-m,1,22
"CLAIRVOYANCE, aversion to",MIND - CLAIRVOYANCE - aversion to,mind,sub,bell,1,22
"CLAIRVOYANCE, aversion to",MIND - CLAIRVOYANCE - aversion to,mind,sub,bry,1,22
"CLAIRVOYANCE, aversion to",MIND - CLAIRVOYANCE - aversion to,mind,sub,bufo,1,22
"CLAIRVOYANCE, aversion to",MIND - CLAIRVOYANCE - aversion to,mind,sub,bufo-s,1,22
"CLAIRVOYANCE, aversion to",MIND - CLAIRVOYANCE - aversion to,mind,sub,cale,2,22
"CLAIRVOYANCE, aversion to",MIND - CLAIRVOYANCE - aversion to,mind,sub,calc-p,1,22
"CLAIRVOYANCE, aversion to",MIND - CLAIRVOYANCE - aversion to,mind,sub,calc-s,1,22
"CLAIRVOYANCE, aversion to",MIND - CLAIRVOYANCE - aversion to,mind,sub,cann-i,1,22
"CLAIRVOYANCE, aversion to",MIND - CLAIRVOYANCE - aversion to,mind,sub,carb-an,2,22
"CLAIRVOYANCE, aversion to",MIND - CLAIRVOYANCE - aversion to,mind,sub,carb-s,1,22
"CLAIRVOYANCE, aversion to",MIND - CLAIRVOYANCE - aversion to,mind,sub,carb-v,1,22
"CLAIRVOYANCE, aversion to",MIND - CLAIRVOYANCE - aversion to,mind,sub,cedr,1,22
"CLAIRVOYANCE, aversion to",MIND - CLAIRVOYANCE - aversion to,mind,sub,cham,2,22
"CLAIRVOYANCE, aversion to",MIND - CLAIRVOYANCE - aversion to,mind,sub,chin,1,22
"CLAIRVOYANCE, aversion to",MIND - CLAIRVOYANCE - aversion to,mind,sub,cic,2,22
"CLAIRVOYANCE, aversion to",MIND - CLAIRVOYANCE - aversion to,mind,sub,cimic,1,22
"CLAIRVOYANCE, aversion to",MIND - CLAIRVOYANCE - aversion to,mind,sub,cinnb,1,22
"CLAIRVOYANCE, aversion to",MIND - CLAIRVOYANCE - aversion to,mind,sub,clem,1,22
"CLAIRVOYANCE, aversion to",MIND - CLAIRVOYANCE - aversion to,mind,sub,coca,1,22
"CLAIRVOYANCE, aversion to",MIND - CLAIRVOYANCE - aversion to,mind,sub,coloc,1,22
"CLAIRVOYANCE, aversion to",MIND - CLAIRVOYANCE - aversion to,mind,sub,con,1,22
"CLAIRVOYANCE, aversion to",MIND - CLAIRVOYANCE - aversion to,mind,sub,cop,1,22
"CLAIRVOYANCE, aversion to",MIND - CLAIRVOYANCE - aversion to,mind,sub,cupr,1,22
"CLAIRVOYANCE, aversion to",MIND - CLAIRVOYANCE - aversion to,mind,sub,cur,1,22
"CLAIRVOYANCE, aversion to",MIND - CLAIRVOYANCE - aversion to,mind,sub,cycl,1,22
"CLAIRVOYANCE, aversion to",MIND - CLAIRVOYANCE - aversion to,mind,sub,dig,1,22
"CLAIRVOYANCE, aversion to",MIND - CLAIRVOYANCE - aversion to,mind,sub,dios,1,22
"CLAIRVOYANCE, aversion to",MIND - CLAIRVOYANCE - aversion to,mind,sub,elaps,1,22
"CLAIRVOYANCE, aversion to",MIND - CLAIRVOYANCE - aversion to,mind,sub,ferr,1,22
"CLAIRVOYANCE, aversion to",MIND - CLAIRVOYANCE - aversion to,mind,sub,ferr-i,1,22
"CLAIRVOYANCE, aversion to",MIND - CLAIRVOYANCE - aversion to,mind,sub,ferr-p,1,22
"CLAIRVOYANCE, aversion to",MIND - CLAIRVOYANCE - aversion to,mind,sub,fl-ac,1,22
"CLAIRVOYANCE, aversion to",MIND - CLAIRVOYANCE - aversion to,mind,sub,gels,2,22
"CLAIRVOYANCE, aversion to",MIND - CLAIRVOYANCE - aversion to,mind,sub,graph,1,22
"CLAIRVOYANCE, aversion to",MIND - CLAIRVOYANCE - aversion to,mind,sub,grat,1,22
"CLAIRVOYANCE, aversion to",MIND - CLAIRVOYANCE - aversion to,mind,sub,ham,1,22
"CLAIRVOYANCE, aversion to",MIND - CLAIRVOYANCE - aversion to,mind,sub,helon,1,22
"CLAIRVOYANCE, aversion to",MIND - CLAIRVOYANCE - aversion to,mind,sub,hep,1,22
"CLAIRVOYANCE, aversion to",MIND - CLAIRVOYANCE - aversion to,mind,sub,hipp,1,22
"CLAIRVOYANCE, aversion to",MIND - CLAIRVOYANCE - aversion to,mind,sub,hydr,1,22
"CLAIRVOYANCE, aversion to",MIND - CLAIRVOYANCE - aversion to,mind,sub,ign,2,22
"CLAIRVOYANCE, aversion to",MIND - CLAIRVOYANCE - aversion to,mind,sub,iod,1,22
"CLAIRVOYANCE, aversion to",MIND - CLAIRVOYANCE - aversion to,mind,sub,jug-r,1,22
"CLAIRVOYANCE, aversion to",MIND - CLAIRVOYANCE - aversion to,mind,sub,kali-bi,1,22
"CLAIRVOYANCE, aversion to",MIND - CLAIRVOYANCE - aversion to,mind,sub,kali-br,1,22
"CLAIRVOYANCE, aversion to",MIND - CLAIRVOYANCE - aversion to,mind,sub,kali-c,1,22
"CLAIRVOYANCE, aversion to",MIND - CLAIRVOYANCE - aversion to,mind,sub,kali-p,1,22
"CLAIRVOYANCE, aversion to",MIND - CLAIRVOYANCE - aversion to,mind,sub,kali-s,1,22
"CLAIRVOYANCE, aversion to",MIND - CLAIRVOYANCE - aversion to,mind,sub,lac-d,1,22
"CLAIRVOYANCE, aversion to",MIND - CLAIRVOYANCE - aversion to,mind,sub,lach,1,22
"CLAIRVOYANCE, aversion to",MIND - CLAIRVOYANCE - aversion to,mind,sub,led,1,22
"CLAIRVOYANCE, aversion to",MIND - CLAIRVOYANCE - aversion to,mind,sub,lyc,1,22
"CLAIRVOYANCE, aversion to",MIND - CLAIRVOYANCE - aversion to,mind,sub,mag-m,1,22
"CLAIRVOYANCE, aversion to",MIND - CLAIRVOYANCE - aversion to,mind,sub,meny,1,22
"CLAIRVOYANCE, aversion to",MIND - CLAIRVOYANCE - aversion to,mind,sub,nat-c,1,22
"CLAIRVOYANCE, aversion to",MIND - CLAIRVOYANCE - aversion to,mind,sub,nat-m,2,22
"CLAIRVOYANCE, aversion to",MIND - CLAIRVOYANCE - aversion to,mind,sub,nat-p,1,22
"CLAIRVOYANCE, aversion to",MIND - CLAIRVOYANCE - aversion to,mind,sub,nicc,1,22
"CLAIRVOYANCE, aversion to",MIND - CLAIRVOYANCE - aversion to,mind,sub,nit-ac,1,22
"CLAIRVOYANCE, aversion to",MIND - CLAIRVOYANCE - aversion to,mind,sub,nux-v,1,22
"CLAIRVOYANCE, aversion to",MIND - CLAIRVOYANCE - aversion to,mind,sub,oxyt,1,22
"CLAIRVOYANCE, aversion to",MIND - CLAIRVOYANCE - aversion to,mind,sub,petr,1,22
"CLAIRVOYANCE, aversion to",MIND - CLAIRVOYANCE - aversion to,mind,sub,ph-ac,1,22
"CLAIRVOYANCE, aversion to",MIND - CLAIRVOYANCE - aversion to,mind,sub,phos,1,22
"CLAIRVOYANCE, aversion to",MIND - CLAIRVOYANCE - aversion to,mind,sub,plat,1,22
"CLAIRVOYANCE, aversion to",MIND - CLAIRVOYANCE - aversion to,mind,sub,puls,1,22
"CLAIRVOYANCE, aversion to",MIND - CLAIRVOYANCE - aversion to,mind,sub,rhus-t,1,22
"CLAIRVOYANCE, aversion to",MIND - CLAIRVOYANCE - aversion to,mind,sub,sabin,1,22
"CLAIRVOYANCE, aversion to",MIND - CLAIRVOYANCE - aversion to,mind,sub,sec,1,22
"CLAIRVOYANCE, aversion to",MIND - CLAIRVOYANCE - aversion to,mind,sub,sep,1,22
"CLAIRVOYANCE, aversion to",MIND - CLAIRVOYANCE - aversion to,mind,sub,sil,1,22
"CLAIRVOYANCE, aversion to",MIND - CLAIRVOYANCE - aversion to,mind,sub,stann,1,22
"CLAIRVOYANCE, aversion to",MIND - CLAIRVOYANCE - aversion to,mind,sub,sulph,1,22
"CLAIRVOYANCE, aversion to",MIND - CLAIRVOYANCE - aversion to,mind,sub,tab,1,22
"CLAIRVOYANCE, aversion to",MIND - CLAIRVOYANCE - aversion to,mind,sub,thuj,1,22
"CLAIRVOYANCE, aversion to",MIND - CLAIRVOYANCE - aversion to,mind,sub,verat,1,22
"CLAIRVOYANCE, aversion to",MIND - CLAIRVOYANCE - aversion to,mind,sub,zinc,1,22
"CLAIRVOYANCE, meeting of friends, whom he imagines he has offended","MIND - CLAIRVOYANCE - meeting of friends, whom he imagines he has offended",mind,sub,ars,2,22
"CLAIRVOYANCE, menses, during","MIND - CLAIRVOYANCE - menses, during",mind,sub,con,2,22
"CLAIRVOYANCE, menses, during","MIND - CLAIRVOYANCE - menses, during",mind,sub,plat,1,22
"CLAIRVOYANCE, menses, during","MIND - CLAIRVOYANCE - menses, during",mind,sub,sep,1,22
"CLAIRVOYANCE, desires to be let alone",MIND - CLAIRVOYANCE - desires to be let alone,mind,sub,cic,2,22
"CLAIRVOYANCE, desires to be let alone",MIND - CLAIRVOYANCE - desires to be let alone,mind,sub,nux-v,1,22
"CLAIRVOYANCE, desires to be let alone",MIND - CLAIRVOYANCE - desires to be let alone,mind,sub,puls,1,22
"CLAIRVOYANCE, desires to be let alone",MIND - CLAIRVOYANCE - desires to be let alone,mind,sub,sep,1,22
"CLAIRVOYANCE, perspiration, during","MIND - CLAIRVOYANCE - perspiration, during",mind,sub,ars,2,22
"CLAIRVOYANCE, perspiration, during","MIND - CLAIRVOYANCE - perspiration, during",mind,sub,bell,1,22
"CLAIRVOYANCE, perspiration, during","MIND - CLAIRVOYANCE - perspiration, during",mind,sub,lach,1,22
"CLAIRVOYANCE, perspiration, during","MIND - CLAIRVOYANCE - perspiration, during",mind,sub,lyc,1,22
"CLAIRVOYANCE, perspiration, during","MIND - CLAIRVOYANCE - perspiration, during",mind,sub,puls,1,22
"CLAIRVOYANCE, perspiration, during","MIND - CLAIRVOYANCE - perspiration, during",mind,sub,sep,1,22
"CLAIRVOYANCE, pregnant, when","MIND - CLAIRVOYANCE - pregnant, when",mind,sub,lach,2,22
"CLAIRVOYANCE, presence of strangers, to","MIND - CLAIRVOYANCE - presence of strangers, to",mind,sub,am-br,2,22
"CLAIRVOYANCE, presence of strangers, to","MIND - CLAIRVOYANCE - presence of strangers, to",mind,sub,bar-c,1,22
"CLAIRVOYANCE, presence of strangers, to","MIND - CLAIRVOYANCE - presence of strangers, to",mind,sub,bar-m,1,22
"CLAIRVOYANCE, presence of strangers, to","MIND - CLAIRVOYANCE - presence of strangers, to",mind,sub,bufo,1,22
"CLAIRVOYANCE, presence of strangers, to","MIND - CLAIRVOYANCE - presence of strangers, to",mind,sub,cic,2,22
"CLAIRVOYANCE, presence of strangers, to","MIND - CLAIRVOYANCE - presence of strangers, to",mind,sub,con,1,22
"CLAIRVOYANCE, presence of strangers, to","MIND - CLAIRVOYANCE - presence of strangers, to",mind,sub,iod,1,22
"CLAIRVOYANCE, presence of strangers, to","MIND - CLAIRVOYANCE - presence of strangers, to",mind,sub,lyc,1,22
"CLAIRVOYANCE, presence of strangers, to","MIND - CLAIRVOYANCE - presence of strangers, to",mind,sub,petr,1,22
"CLAIRVOYANCE, presence of strangers, to","MIND - CLAIRVOYANCE - presence of strangers, to",mind,sub,sep,1,22
"CLAIRVOYANCE, presence of strangers, to","MIND - CLAIRVOYANCE - presence of strangers, to",mind,sub,stram,1,22
"CLAIRVOYANCE, presence of strangers, to","MIND - CLAIRVOYANCE - presence of strangers, to",mind,sub,thuj,1,22
"CLAIRVOYANCE, people intolerable to her during stool",MIND - CLAIRVOYANCE - people intolerable to her during stool,mind,sub,ambr,2,22
"CLAIRVOYANCE, during urination",MIND - CLAIRVOYANCE - during urination,mind,sub,nat-m,2,22
"CLAIRVOYANCE, smiling faces",MIND - CLAIRVOYANCE - smiling faces,mind,sub,ambr,2,22
"CLAIRVOYANCE, walk alone, want to","MIND - CLAIRVOYANCE - walk alone, want to",mind,sub,caj,2,22
"CLAIRVOYANCE, desire for",MIND - CLAIRVOYANCE - desire for,mind,sub,act-s,2,22
"CLAIRVOYANCE, desire for",MIND - CLAIRVOYANCE - desire for,mind,sub,eth,1,22
"CLAIRVOYANCE, desire for",MIND - CLAIRVOYANCE - desire for,mind,sub,all-s,1,22
"CLAIRVOYANCE, desire for",MIND - CLAIRVOYANCE - desire for,mind,sub,ant-t,1,22
"CLAIRVOYANCE, desire for",MIND - CLAIRVOYANCE - desire for,mind,sub,apis,1,22
"CLAIRVOYANCE, desire for",MIND - CLAIRVOYANCE - desire for,mind,sub,arg-n,2,22
"CLAIRVOYANCE, desire for",MIND - CLAIRVOYANCE - desire for,mind,sub,ars,2,22
"CLAIRVOYANCE, desire for",MIND - CLAIRVOYANCE - desire for,mind,sub,asaf,1,22
"CLAIRVOYANCE, desire for",MIND - CLAIRVOYANCE - desire for,mind,sub,aur-m,1,22
"CLAIRVOYANCE, desire for",MIND - CLAIRVOYANCE - desire for,mind,sub,bell,1,22
"CLAIRVOYANCE, desire for",MIND - CLAIRVOYANCE - desire for,mind,sub,bism,2,22
"CLAIRVOYANCE, desire for",MIND - CLAIRVOYANCE - desire for,mind,sub,bov,1,22
"CLAIRVOYANCE, desire for",MIND - CLAIRVOYANCE - desire for,mind,sub,brom,1,22
"CLAIRVOYANCE, desire for",MIND - CLAIRVOYANCE - desire for,mind,sub,bry,1,22
"CLAIRVOYANCE, desire for",MIND - CLAIRVOYANCE - desire for,mind,sub,bufo,1,22
"CLAIRVOYANCE, desire for",MIND - CLAIRVOYANCE - desire for,mind,sub,cadm,1,22
"CLAIRVOYANCE, desire for",MIND - CLAIRVOYANCE - desire for,mind,sub,calc,1,22
"CLAIRVOYANCE, desire for",MIND - CLAIRVOYANCE - desire for,mind,sub,calc-p,1,22
"CLAIRVOYANCE, desire for",MIND - CLAIRVOYANCE - desire for,mind,sub,coloc,1,22
"CLAIRVOYANCE, desire for",MIND - CLAIRVOYANCE - desire for,mind,sub,con,1,22
"CLAIRVOYANCE, desire for",MIND - CLAIRVOYANCE - desire for,mind,sub,crot-h,1,22
"CLAIRVOYANCE, desire for",MIND - CLAIRVOYANCE - desire for,mind,sub,der,1,22
"CLAIRVOYANCE, desire for",MIND - CLAIRVOYANCE - desire for,mind,sub,dros,1,22
"CLAIRVOYANCE, desire for",MIND - CLAIRVOYANCE - desire for,mind,sub,elaps,1,22
"CLAIRVOYANCE, desire for",MIND - CLAIRVOYANCE - desire for,mind,sub,gels,1,22
"CLAIRVOYANCE, desire for",MIND - CLAIRVOYANCE - desire for,mind,sub,hep,1,22
"CLAIRVOYANCE, desire for",MIND - CLAIRVOYANCE - desire for,mind,sub,hyos,2,22
"CLAIRVOYANCE, desire for",MIND - CLAIRVOYANCE - desire for,mind,sub,ign,1,22
"CLAIRVOYANCE, desire for",MIND - CLAIRVOYANCE - desire for,mind,sub,kali-ar,1,22
"CLAIRVOYANCE, desire for",MIND - CLAIRVOYANCE - desire for,mind,sub,kali-bi,1,22
"CLAIRVOYANCE, desire for",MIND - CLAIRVOYANCE - desire for,mind,sub,kali-c,2,22
"CLAIRVOYANCE, desire for",MIND - CLAIRVOYANCE - desire for,mind,sub,kali-p,1,22
"CLAIRVOYANCE, desire for",MIND - CLAIRVOYANCE - desire for,mind,sub,lac-c,2,22
"CLAIRVOYANCE, desire for",MIND - CLAIRVOYANCE - desire for,mind,sub,lit-t,1,22
"CLAIRVOYANCE, desire for",MIND - CLAIRVOYANCE - desire for,mind,sub,lyc,2,22
"CLAIRVOYANCE, desire for",MIND - CLAIRVOYANCE - desire for,mind,sub,manc,1,22
"CLAIRVOYANCE, desire for",MIND - CLAIRVOYANCE - desire for,mind,sub,mez,1,22
"CLAIRVOYANCE, desire for",MIND - CLAIRVOYANCE - desire for,mind,sub,nux-v,1,22
"CLAIRVOYANCE, desire for",MIND - CLAIRVOYANCE - desire for,mind,sub,pall,1,22
"CLAIRVOYANCE, desire for",MIND - CLAIRVOYANCE - desire for,mind,sub,phos,2,22
"CLAIRVOYANCE, desire for",MIND - CLAIRVOYANCE - desire for,mind,sub,plb,1,22
"CLAIRVOYANCE, desire for",MIND - CLAIRVOYANCE - desire for,mind,sub,puls,1,22
"CLAIRVOYANCE, desire for",MIND - CLAIRVOYANCE - desire for,mind,sub,ran-b,1,22
"CLAIRVOYANCE, desire for",MIND - CLAIRVOYANCE - desire for,mind,sub,rat,1,22
"CLAIRVOYANCE, desire for",MIND - CLAIRVOYANCE - desire for,mind,sub,sep,1,22
"CLAIRVOYANCE, desire for",MIND - CLAIRVOYANCE - desire for,mind,sub,stram,1,22
"CLAIRVOYANCE, desire for",MIND - CLAIRVOYANCE - desire for,mind,sub,strych,1,22
"CLAIRVOYANCE, desire for",MIND - CLAIRVOYANCE - desire for,mind,sub,tab,1,22
"CLAIRVOYANCE, desire for",MIND - CLAIRVOYANCE - desire for,mind,sub,tarent,1,22
"CLAIRVOYANCE, desire for",MIND - CLAIRVOYANCE - desire for,mind,sub,verat,1,22
"CLAIRVOYANCE, desire for",MIND - CLAIRVOYANCE - desire for,mind,sub,verb,1,22
"CLAIRVOYANCE, desire for",MIND - CLAIRVOYANCE - desire for,mind,sub,zinc,1,22
"CLAIRVOYANCE, evening",MIND - CLAIRVOYANCE - evening,mind,sub,brom,2,22
"CLAIRVOYANCE, evening",MIND - CLAIRVOYANCE - evening,mind,sub,dros,1,22
"CLAIRVOYANCE, evening",MIND - CLAIRVOYANCE - evening,mind,sub,kali-c,1,22
"CLAIRVOYANCE, evening",MIND - CLAIRVOYANCE - evening,mind,sub,plb,1,22
"CLAIRVOYANCE, evening",MIND - CLAIRVOYANCE - evening,mind,sub,puls,1,22
"CLAIRVOYANCE, evening",MIND - CLAIRVOYANCE - evening,mind,sub,ran-b,1,22
"CLAIRVOYANCE, evening",MIND - CLAIRVOYANCE - evening,mind,sub,tab,1,22
"CLAIRVOYANCE, night",MIND - CLAIRVOYANCE - night,mind,sub,camph,2,22
"CLAIRVOYANCE, night",MIND - CLAIRVOYANCE - night,mind,sub,stram,2,22
"CLAIRVOYANCE, night",MIND - CLAIRVOYANCE - night,mind,sub,tab,1,22
"CLAIRVOYANCE, alone, while agg","MIND - CLAIRVOYANCE - alone, while agg",mind,sub,ambr,2,22
"CLAIRVOYANCE, alone, while agg","MIND - CLAIRVOYANCE - alone, while agg",mind,sub,ars,2,22
"CLAIRVOYANCE, alone, while agg","MIND - CLAIRVOYANCE - alone, while agg",mind,sub,bov,1,22
"CLAIRVOYANCE, alone, while agg","MIND - CLAIRVOYANCE - alone, while agg",mind,sub,brom,1,22
"CLAIRVOYANCE, alone, while agg","MIND - CLAIRVOYANCE - alone, while agg",mind,sub,cadm,1,22
"CLAIRVOYANCE, alone, while agg","MIND - CLAIRVOYANCE - alone, while agg",mind,sub,camph,1,22
"CLAIRVOYANCE, alone, while agg","MIND - CLAIRVOYANCE - alone, while agg",mind,sub,con,1,22
"CLAIRVOYANCE, alone, while agg","MIND - CLAIRVOYANCE - alone, while agg",mind,sub,dros,1,22
"CLAIRVOYANCE, alone, while agg","MIND - CLAIRVOYANCE - alone, while agg",mind,sub,elaps,1,22
"CLAIRVOYANCE, alone, while agg","MIND - CLAIRVOYANCE - alone, while agg",mind,sub,kali-c,1,22
"CLAIRVOYANCE, alone, while agg","MIND - CLAIRVOYANCE - alone, while agg",mind,sub,lyc,1,22
"CLAIRVOYANCE, alone, while agg","MIND - CLAIRVOYANCE - alone, while agg",mind,sub,mez,1,22
"CLAIRVOYANCE, alone, while agg","MIND - CLAIRVOYANCE - alone, while agg",mind,sub,pall,1,22
"CLAIRVOYANCE, alone, while agg","MIND - CLAIRVOYANCE - alone, while agg",mind,sub,phos,2,22
"CLAIRVOYANCE, alone, while agg","MIND - CLAIRVOYANCE - alone, while agg",mind,sub,rat,1,22
"CLAIRVOYANCE, alone, while agg","MIND - CLAIRVOYANCE - alone, while agg",mind,sub,sil,1,22
"CLAIRVOYANCE, alone, while agg","MIND - CLAIRVOYANCE - alone, while agg",mind,sub,stram,1,22
"CLAIRVOYANCE, alone, while agg","MIND - CLAIRVOYANCE - alone, while agg",mind,sub,tab,1,22
"CLAIRVOYANCE, alone, while agg","MIND - CLAIRVOYANCE - alone, while agg",mind,sub,zinc,1,22
"CLAIRVOYANCE, friend, of a","MIND - CLAIRVOYANCE - friend, of a",mind,sub,plb,2,22
"CLAIRVOYANCE, menses, during","MIND - CLAIRVOYANCE - menses, during",mind,sub,stram,2,22
"CLAIRVOYANCE, yet treats them outrageously",MIND - CLAIRVOYANCE - yet treats them outrageously,mind,sub,kali-c,2,22
COMPLAINING,MIND - COMPLAINING,mind,main,acon,2,22
COMPLAINING,MIND - COMPLAINING,mind,main,alum,1,22
COMPLAINING,MIND - COMPLAINING,mind,main,ambr,1,22
COMPLAINING,MIND - COMPLAINING,mind,main,arn,1,22
COMPLAINING,MIND - COMPLAINING,mind,main,ars,1,22
COMPLAINING,MIND - COMPLAINING,mind,main,aur,1,22
COMPLAINING,MIND - COMPLAINING,mind,main,bism,1,22
COMPLAINING,MIND - COMPLAINING,mind,main,bry,1,22
COMPLAINING,MIND - COMPLAINING,mind,main,bufo,1,22
COMPLAINING,MIND - COMPLAINING,mind,main,calc,1,22
COMPLAINING,MIND - COMPLAINING,mind,main,canth,1,22
COMPLAINING,MIND - COMPLAINING,mind,main,cham,1,22
COMPLAINING,MIND - COMPLAINING,mind,main,chin,1,22
COMPLAINING,MIND - COMPLAINING,mind,main,chin-a,1,22
COMPLAINING,MIND - COMPLAINING,mind,main,cina,1,22
COMPLAINING,MIND - COMPLAINING,mind,main,cocc,1,22
COMPLAINING,MIND - COMPLAINING,mind,main,coff,1,22
COMPLAINING,MIND - COMPLAINING,mind,main,coloc,1,22
COMPLAINING,MIND - COMPLAINING,mind,main,cor-r,1,22
COMPLAINING,MIND - COMPLAINING,mind,main,dig,1,22
COMPLAINING,MIND - COMPLAINING,mind,main,dulc,1,22
COMPLAINING,MIND - COMPLAINING,mind,main,hell,1,22
COMPLAINING,MIND - COMPLAINING,mind,main,ign,1,22
COMPLAINING,MIND - COMPLAINING,mind,main,kali-i,1,22
COMPLAINING,MIND - COMPLAINING,mind,main,lach,1,22
COMPLAINING,MIND - COMPLAINING,mind,main,yc,1,22
COMPLAINING,MIND - COMPLAINING,mind,main,mosch,1,22
COMPLAINING,MIND - COMPLAINING,mind,main,mur-ac,1,22
COMPLAINING,MIND - COMPLAINING,mind,main,ph-ac,1,22
COMPLAINING,MIND - COMPLAINING,mind,main,petr,1,22
COMPLAINING,MIND - COMPLAINING,mind,main,plat,1,22
COMPLAINING,MIND - COMPLAINING,mind,main,puls,1,22
COMPLAINING,MIND - COMPLAINING,mind,main,sep,1,22
COMPLAINING,MIND - COMPLAINING,mind,main,sudph,1,22
COMPLAINING,MIND - COMPLAINING,mind,main,tarent,1,22
"COMPLAINING, offenses long past",MIND - COMPLAINING - offenses long past,mind,sub,calc,2,22
"COMPLAINING, sleep in",MIND - COMPLAINING - sleep in,mind,sub,bell,2,22
"COMPLAINING, sleep in",MIND - COMPLAINING - sleep in,mind,sub,ign,1,22
"COMPLAINING, supposed injury, of","MIND - COMPLAINING - supposed injury, of",mind,sub,hyos,2,22
"COMPLAINING, waking, on","MIND - COMPLAINING - waking, on",mind,sub,cina,2,22
"COMPLAINING, waking, on","MIND - COMPLAINING - waking, on",mind,sub,comprehension,3,22
"COMPLAINING, waking, on","MIND - COMPLAINING - waking, on",mind,sub,difficult,1,22
"COMPLAINING, active",MIND - COMPLAINING - active,mind,sub,coff,2,23
"COMPLAINING, active",MIND - COMPLAINING - active,mind,sub,ox-al,1,23
"COMPLAINING, active",MIND - COMPLAINING - active,mind,sub,thea,1,23
"COMPLAINING, difficult",MIND - COMPLAINING - difficult,mind,sub,acon,2,23
"COMPLAINING, difficult",MIND - COMPLAINING - difficult,mind,sub,esc,1,23
"COMPLAINING, difficult",MIND - COMPLAINING - difficult,mind,sub,eth,1,23
"COMPLAINING, difficult",MIND - COMPLAINING - difficult,mind,sub,agar,1,23
"COMPLAINING, difficult",MIND - COMPLAINING - difficult,mind,sub,agn,1,23
"COMPLAINING, difficult",MIND - COMPLAINING - difficult,mind,sub,ail,1,23
"COMPLAINING, difficult",MIND - COMPLAINING - difficult,mind,sub,alet,1,23
"COMPLAINING, difficult",MIND - COMPLAINING - difficult,mind,sub,all-c,1,23
"COMPLAINING, difficult",MIND - COMPLAINING - difficult,mind,sub,alum,1,23
"COMPLAINING, difficult",MIND - COMPLAINING - difficult,mind,sub,ambr,1,23
"COMPLAINING, difficult",MIND - COMPLAINING - difficult,mind,sub,am-c,1,23
"COMPLAINING, difficult",MIND - COMPLAINING - difficult,mind,sub,anac,2,23
"COMPLAINING, difficult",MIND - COMPLAINING - difficult,mind,sub,ang,1,23
"COMPLAINING, difficult",MIND - COMPLAINING - difficult,mind,sub,ant-c,1,23
"COMPLAINING, difficult",MIND - COMPLAINING - difficult,mind,sub,apis,1,23
"COMPLAINING, difficult",MIND - COMPLAINING - difficult,mind,sub,arg-n,1,23
"COMPLAINING, difficult",MIND - COMPLAINING - difficult,mind,sub,asaf,1,23
"COMPLAINING, difficult",MIND - COMPLAINING - difficult,mind,sub,bapt,1,23
"COMPLAINING, difficult",MIND - COMPLAINING - difficult,mind,sub,bar-c,2,23
"COMPLAINING, difficult",MIND - COMPLAINING - difficult,mind,sub,bar-m,1,23
"COMPLAINING, difficult",MIND - COMPLAINING - difficult,mind,sub,bell,1,23
"COMPLAINING, difficult",MIND - COMPLAINING - difficult,mind,sub,bov,1,23
"COMPLAINING, difficult",MIND - COMPLAINING - difficult,mind,sub,brom,1,23
"COMPLAINING, difficult",MIND - COMPLAINING - difficult,mind,sub,bry,1,23
"COMPLAINING, difficult",MIND - COMPLAINING - difficult,mind,sub,camph,1,23
"COMPLAINING, difficult",MIND - COMPLAINING - difficult,mind,sub,cann-i,1,23
"COMPLAINING, difficult",MIND - COMPLAINING - difficult,mind,sub,cann-s,1,23
"COMPLAINING, difficult",MIND - COMPLAINING - difficult,mind,sub,canth,1,23
"COMPLAINING, difficult",MIND - COMPLAINING - difficult,mind,sub,carb-ac,1,23
"COMPLAINING, difficult",MIND - COMPLAINING - difficult,mind,sub,carb-an,1,23
"COMPLAINING, difficult",MIND - COMPLAINING - difficult,mind,sub,carb-s,2,23
"COMPLAINING, difficult",MIND - COMPLAINING - difficult,mind,sub,carb-v,2,23
"COMPLAINING, difficult",MIND - COMPLAINING - difficult,mind,sub,caust,2,23
"COMPLAINING, difficult",MIND - COMPLAINING - difficult,mind,sub,cent,1,23
"COMPLAINING, difficult",MIND - COMPLAINING - difficult,mind,sub,cham,1,23
"COMPLAINING, difficult",MIND - COMPLAINING - difficult,mind,sub,chel,1,23
"COMPLAINING, difficult",MIND - COMPLAINING - difficult,mind,sub,chin,1,23
"COMPLAINING, difficult",MIND - COMPLAINING - difficult,mind,sub,chin-s,1,23
"COMPLAINING, difficult",MIND - COMPLAINING - difficult,mind,sub,chlol,1,23
"COMPLAINING, difficult",MIND - COMPLAINING - difficult,mind,sub,cimic,1,23
"COMPLAINING, difficult",MIND - COMPLAINING - difficult,mind,sub,cinnb,1,23
"COMPLAINING, difficult",MIND - COMPLAINING - difficult,mind,sub,cocc,1,23
"COMPLAINING, difficult",MIND - COMPLAINING - difficult,mind,sub,coff,1,23
"COMPLAINING, difficult",MIND - COMPLAINING - difficult,mind,sub,colch,1,23
"COMPLAINING, difficult",MIND - COMPLAINING - difficult,mind,sub,coloc,1,23
"COMPLAINING, difficult",MIND - COMPLAINING - difficult,mind,sub,con,1,23
"COMPLAINING, difficult",MIND - COMPLAINING - difficult,mind,sub,corn,1,23
"COMPLAINING, difficult",MIND - COMPLAINING - difficult,mind,sub,croc,1,23
"COMPLAINING, difficult",MIND - COMPLAINING - difficult,mind,sub,cupr,1,23
"COMPLAINING, difficult",MIND - COMPLAINING - difficult,mind,sub,cycl,1,23
"COMPLAINING, difficult",MIND - COMPLAINING - difficult,mind,sub,dros,1,23
"COMPLAINING, difficult",MIND - COMPLAINING - difficult,mind,sub,dulc,1,23
"COMPLAINING, difficult",MIND - COMPLAINING - difficult,mind,sub,elaps,1,23
"COMPLAINING, difficult",MIND - COMPLAINING - difficult,mind,sub,cry-aq,1,23
"COMPLAINING, difficult",MIND - COMPLAINING - difficult,mind,sub,euphr,1,23
"COMPLAINING, difficult",MIND - COMPLAINING - difficult,mind,sub,fago,1,23
"COMPLAINING, difficult",MIND - COMPLAINING - difficult,mind,sub,ferr,1,23
"COMPLAINING, difficult",MIND - COMPLAINING - difficult,mind,sub,ferr-a,1,23
"COMPLAINING, difficult",MIND - COMPLAINING - difficult,mind,sub,ferr-p,1,23
"COMPLAINING, difficult",MIND - COMPLAINING - difficult,mind,sub,fl-ac,1,23
"COMPLAINING, difficult",MIND - COMPLAINING - difficult,mind,sub,gels,1,23
"COMPLAINING, difficult",MIND - COMPLAINING - difficult,mind,sub,glon,2,23
"COMPLAINING, difficult",MIND - COMPLAINING - difficult,mind,sub,graph,2,23
"COMPLAINING, difficult",MIND - COMPLAINING - difficult,mind,sub,grat,1,23
"COMPLAINING, difficult",MIND - COMPLAINING - difficult,mind,sub,ham,1,23
"COMPLAINING, difficult",MIND - COMPLAINING - difficult,mind,sub,hell,2,23
"COMPLAINING, difficult",MIND - COMPLAINING - difficult,mind,sub,helo,1,23
"COMPLAINING, difficult",MIND - COMPLAINING - difficult,mind,sub,hydr,1,23
"COMPLAINING, difficult",MIND - COMPLAINING - difficult,mind,sub,hydr-ac,1,23
"COMPLAINING, difficult",MIND - COMPLAINING - difficult,mind,sub,hyos,1,23
"COMPLAINING, difficult",MIND - COMPLAINING - difficult,mind,sub,ign,1,23
"COMPLAINING, difficult",MIND - COMPLAINING - difficult,mind,sub,iod,1,23
"COMPLAINING, difficult",MIND - COMPLAINING - difficult,mind,sub,iris,1,23
"COMPLAINING, difficult",MIND - COMPLAINING - difficult,mind,sub,jug-c,1,23
"COMPLAINING, difficult",MIND - COMPLAINING - difficult,mind,sub,jug-r,1,23
"COMPLAINING, difficult",MIND - COMPLAINING - difficult,mind,sub,kali-ar,1,23
"COMPLAINING, difficult",MIND - COMPLAINING - difficult,mind,sub,kali-br,1,23
"COMPLAINING, difficult",MIND - COMPLAINING - difficult,mind,sub,kali-c,1,23
"COMPLAINING, difficult",MIND - COMPLAINING - difficult,mind,sub,kali-p,1,23
"COMPLAINING, difficult",MIND - COMPLAINING - difficult,mind,sub,kali-s,1,23
"COMPLAINING, difficult",MIND - COMPLAINING - difficult,mind,sub,lac-c,1,23
"COMPLAINING, difficult",MIND - COMPLAINING - difficult,mind,sub,lac-d,1,23
"COMPLAINING, difficult",MIND - COMPLAINING - difficult,mind,sub,lach,1,23
"COMPLAINING, difficult",MIND - COMPLAINING - difficult,mind,sub,lachn,1,23
"COMPLAINING, difficult",MIND - COMPLAINING - difficult,mind,sub,lact,1,23
"COMPLAINING, difficult",MIND - COMPLAINING - difficult,mind,sub,lil-t,1,23
"COMPLAINING, difficult",MIND - COMPLAINING - difficult,mind,sub,lob,1,23
"COMPLAINING, difficult",MIND - COMPLAINING - difficult,mind,sub,lyc,2,23
"COMPLAINING, difficult",MIND - COMPLAINING - difficult,mind,sub,lyss,1,23
"COMPLAINING, difficult",MIND - COMPLAINING - difficult,mind,sub,mag-c,1,23
"COMPLAINING, difficult",MIND - COMPLAINING - difficult,mind,sub,mag-m,1,23
"COMPLAINING, difficult",MIND - COMPLAINING - difficult,mind,sub,mag-s,1,23
"COMPLAINING, difficult",MIND - COMPLAINING - difficult,mind,sub,mang,1,23
"COMPLAINING, difficult",MIND - COMPLAINING - difficult,mind,sub,meny,1,23
"COMPLAINING, difficult",MIND - COMPLAINING - difficult,mind,sub,merc,1,23
"COMPLAINING, difficult",MIND - COMPLAINING - difficult,mind,sub,mez,1,23
"COMPLAINING, difficult",MIND - COMPLAINING - difficult,mind,sub,mosch,1,23
"COMPLAINING, difficult",MIND - COMPLAINING - difficult,mind,sub,nat-a,2,23
"COMPLAINING, difficult",MIND - COMPLAINING - difficult,mind,sub,nat-c,1,23
"COMPLAINING, difficult",MIND - COMPLAINING - difficult,mind,sub,nat-m,1,23
"COMPLAINING, difficult",MIND - COMPLAINING - difficult,mind,sub,nat-p,1,23
"COMPLAINING, difficult",MIND - COMPLAINING - difficult,mind,sub,nit-ac,1,23
"COMPLAINING, difficult",MIND - COMPLAINING - difficult,mind,sub,nux-m,2,23
"COMPLAINING, difficult",MIND - COMPLAINING - difficult,mind,sub,nux-v,2,23
"COMPLAINING, difficult",MIND - COMPLAINING - difficult,mind,sub,olnd,1,23
"COMPLAINING, difficult",MIND - COMPLAINING - difficult,mind,sub,op,1,23
"COMPLAINING, difficult",MIND - COMPLAINING - difficult,mind,sub,orig,1,23
"COMPLAINING, difficult",MIND - COMPLAINING - difficult,mind,sub,ox-ac,1,23
"COMPLAINING, difficult",MIND - COMPLAINING - difficult,mind,sub,petr,1,23
"COMPLAINING, difficult",MIND - COMPLAINING - difficult,mind,sub,ph-ac,2,23
"COMPLAINING, difficult",MIND - COMPLAINING - difficult,mind,sub,phos,2,23
"COMPLAINING, difficult",MIND - COMPLAINING - difficult,mind,sub,phys,1,23
"COMPLAINING, difficult",MIND - COMPLAINING - difficult,mind,sub,pic-ac,1,23
"COMPLAINING, difficult",MIND - COMPLAINING - difficult,mind,sub,plat,1,23
"COMPLAINING, difficult",MIND - COMPLAINING - difficult,mind,sub,plect,1,23
"COMPLAINING, difficult",MIND - COMPLAINING - difficult,mind,sub,poth,1,23
"COMPLAINING, difficult",MIND - COMPLAINING - difficult,mind,sub,pte,1,23
"COMPLAINING, difficult",MIND - COMPLAINING - difficult,mind,sub,puls,1,23
"COMPLAINING, difficult",MIND - COMPLAINING - difficult,mind,sub,ran-sc,1,23
"COMPLAINING, difficult",MIND - COMPLAINING - difficult,mind,sub,raph,1,23
"COMPLAINING, difficult",MIND - COMPLAINING - difficult,mind,sub,rhod,1,23
"COMPLAINING, difficult",MIND - COMPLAINING - difficult,mind,sub,sang,1,23
"COMPLAINING, difficult",MIND - COMPLAINING - difficult,mind,sub,sarr,1,23
"COMPLAINING, difficult",MIND - COMPLAINING - difficult,mind,sub,sars,1,23
"COMPLAINING, difficult",MIND - COMPLAINING - difficult,mind,sub,sec,1,23
"COMPLAINING, difficult",MIND - COMPLAINING - difficult,mind,sub,sel,1,23
"COMPLAINING, difficult",MIND - COMPLAINING - difficult,mind,sub,senec,1,23
"COMPLAINING, difficult",MIND - COMPLAINING - difficult,mind,sub,seneg,1,23
"COMPLAINING, difficult",MIND - COMPLAINING - difficult,mind,sub,sep,2,23
"COMPLAINING, difficult",MIND - COMPLAINING - difficult,mind,sub,sil,2,23
"COMPLAINING, difficult",MIND - COMPLAINING - difficult,mind,sub,spig,2,23
"COMPLAINING, difficult",MIND - COMPLAINING - difficult,mind,sub,spong,1,23
"COMPLAINING, difficult",MIND - COMPLAINING - difficult,mind,sub,squil,1,23
"COMPLAINING, difficult",MIND - COMPLAINING - difficult,mind,sub,stann,1,23
"COMPLAINING, difficult",MIND - COMPLAINING - difficult,mind,sub,staph,1,23
"COMPLAINING, difficult",MIND - COMPLAINING - difficult,mind,sub,stict,1,23
"COMPLAINING, difficult",MIND - COMPLAINING - difficult,mind,sub,stram,1,23
"COMPLAINING, difficult",MIND - COMPLAINING - difficult,mind,sub,sul-ac,1,23
"COMPLAINING, difficult",MIND - COMPLAINING - difficult,mind,sub,sulph,1,23
"COMPLAINING, difficult",MIND - COMPLAINING - difficult,mind,sub,tab,1,23
"COMPLAINING, difficult",MIND - COMPLAINING - difficult,mind,sub,ter,1,23
"COMPLAINING, difficult",MIND - COMPLAINING - difficult,mind,sub,thuj,1,23
"COMPLAINING, difficult",MIND - COMPLAINING - difficult,mind,sub,til,1,23
"COMPLAINING, difficult",MIND - COMPLAINING - difficult,mind,sub,verat,1,23
"COMPLAINING, difficult",MIND - COMPLAINING - difficult,mind,sub,verb,1,23
"COMPLAINING, difficult",MIND - COMPLAINING - difficult,mind,sub,viol-o,1,23
"COMPLAINING, difficult",MIND - COMPLAINING - difficult,mind,sub,zinc,1,23
"COMPLAINING, morning",MIND - COMPLAINING - morning,mind,sub,anac,2,23
"COMPLAINING, morning",MIND - COMPLAINING - morning,mind,sub,canth,1,23
"COMPLAINING, morning",MIND - COMPLAINING - morning,mind,sub,phos,1,23
"COMPLAINING, alternating with uterine pains",MIND - COMPLAINING - alternating with uterine pains,mind,sub,gels,2,23
"COMPLAINING, calculating, while","MIND - COMPLAINING - calculating, while",mind,sub,nux-v,2,23
"COMPLAINING, children, in","MIND - COMPLAINING - children, in",mind,sub,aeth,2,23
"COMPLAINING, children, in","MIND - COMPLAINING - children, in",mind,sub,bar-c,1,23
"COMPLAINING, conversation, during","MIND - COMPLAINING - conversation, during",mind,sub,lyc,2,23
"COMPLAINING, crazy feeling on top of head, wild feeling in head, with confusion of ideas","MIND - COMPLAINING - crazy feeling on top of head, wild feeling in head, with confusion of ideas",mind,sub,lil-t,2,23
"COMPLAINING, interrupted, if","MIND - COMPLAINING - interrupted, if",mind,sub,berb,2,23
"COMPLAINING, on attempting to, it becomes dark before the eyes","MIND - COMPLAINING - on attempting to, it becomes dark before the eyes",mind,sub,arg-n,2,23
"COMPLAINING, has a vacant feeling",MIND - COMPLAINING - has a vacant feeling,mind,sub,asar,2,23
"COMPLAINING, has a vacant feeling",MIND - COMPLAINING - has a vacant feeling,mind,sub,gels,1,23
"COMPLAINING, has a vacant feeling",MIND - COMPLAINING - has a vacant feeling,mind,sub,mez,1,23
"COMPLAINING, has a vacant feeling",MIND - COMPLAINING - has a vacant feeling,mind,sub,nat-m,1,23
"COMPLAINING, has a vacant feeling",MIND - COMPLAINING - has a vacant feeling,mind,sub,ph-ac,1,23
"COMPLAINING, has a vacant feeling",MIND - COMPLAINING - has a vacant feeling,mind,sub,phos,1,23
"COMPLAINING, has a vacant feeling",MIND - COMPLAINING - has a vacant feeling,mind,sub,sil,1,23
"COMPLAINING, has a vacant feeling",MIND - COMPLAINING - has a vacant feeling,mind,sub,stann,1,23
"COMPLAINING, has a vacant feeling",MIND - COMPLAINING - has a vacant feeling,mind,sub,staph,1,23
"COMPLAINING, has a vacant feeling",MIND - COMPLAINING - has a vacant feeling,mind,sub,stram,1,23
"COMPLAINING, has a vacant feeling",MIND - COMPLAINING - has a vacant feeling,mind,sub,sulph,1,23
"COMPLAINING, studying, reading, etc., while","MIND - COMPLAINING - studying, reading, etc., while",mind,sub,acon,2,23
"COMPLAINING, studying, reading, etc., while","MIND - COMPLAINING - studying, reading, etc., while",mind,sub,eth,1,23
"COMPLAINING, studying, reading, etc., while","MIND - COMPLAINING - studying, reading, etc., while",mind,sub,agn,1,23
"COMPLAINING, studying, reading, etc., while","MIND - COMPLAINING - studying, reading, etc., while",mind,sub,alum,1,23
"COMPLAINING, studying, reading, etc., while","MIND - COMPLAINING - studying, reading, etc., while",mind,sub,asar,1,23
"COMPLAINING, studying, reading, etc., while","MIND - COMPLAINING - studying, reading, etc., while",mind,sub,bar-c,1,23
"COMPLAINING, studying, reading, etc., while","MIND - COMPLAINING - studying, reading, etc., while",mind,sub,bar-m,1,23
"COMPLAINING, studying, reading, etc., while","MIND - COMPLAINING - studying, reading, etc., while",mind,sub,bell,1,23
"COMPLAINING, studying, reading, etc., while","MIND - COMPLAINING - studying, reading, etc., while",mind,sub,carb-s,1,23
"COMPLAINING, studying, reading, etc., while","MIND - COMPLAINING - studying, reading, etc., while",mind,sub,caust,1,23
"COMPLAINING, studying, reading, etc., while","MIND - COMPLAINING - studying, reading, etc., while",mind,sub,cham,1,23
"COMPLAINING, studying, reading, etc., while","MIND - COMPLAINING - studying, reading, etc., while",mind,sub,coff,1,23
"COMPLAINING, studying, reading, etc., while","MIND - COMPLAINING - studying, reading, etc., while",mind,sub,corn,1,23
"COMPLAINING, studying, reading, etc., while","MIND - COMPLAINING - studying, reading, etc., while",mind,sub,dros,1,23
"COMPLAINING, studying, reading, etc., while","MIND - COMPLAINING - studying, reading, etc., while",mind,sub,fago,1,23
"COMPLAINING, studying, reading, etc., while","MIND - COMPLAINING - studying, reading, etc., while",mind,sub,hell,2,23
"COMPLAINING, studying, reading, etc., while","MIND - COMPLAINING - studying, reading, etc., while",mind,sub,kali-c,1,23
"COMPLAINING, studying, reading, etc., while","MIND - COMPLAINING - studying, reading, etc., while",mind,sub,lach,1,23
"COMPLAINING, studying, reading, etc., while","MIND - COMPLAINING - studying, reading, etc., while",mind,sub,nat-c,1,23
"COMPLAINING, studying, reading, etc., while","MIND - COMPLAINING - studying, reading, etc., while",mind,sub,nux-v,2,23
"COMPLAINING, studying, reading, etc., while","MIND - COMPLAINING - studying, reading, etc., while",mind,sub,ox-ac,1,23
"COMPLAINING, studying, reading, etc., while","MIND - COMPLAINING - studying, reading, etc., while",mind,sub,spig,1,23
"COMPLAINING, studying, reading, etc., while","MIND - COMPLAINING - studying, reading, etc., while",mind,sub,sulph,1,23
"COMPLAINING, talking, while","MIND - COMPLAINING - talking, while",mind,sub,merc-c,2,23
"COMPLAINING, talking, while","MIND - COMPLAINING - talking, while",mind,sub,nat-m,1,23
"COMPLAINING, writing, while","MIND - COMPLAINING - writing, while",mind,sub,acon,2,23
"COMPLAINING, writing, while","MIND - COMPLAINING - writing, while",mind,sub,mag-c,1,23
"COMPLAINING, writing, while","MIND - COMPLAINING - writing, while",mind,sub,confidence,3,23
"COMPLAINING, writing, while","MIND - COMPLAINING - writing, while",mind,sub,want,1,23
"COMPLAINING, writing, while","MIND - COMPLAINING - writing, while",mind,sub,self,1,23
"COMPLAINING, writing, while","MIND - COMPLAINING - writing, while",mind,sub,agn,2,23
"COMPLAINING, writing, while","MIND - COMPLAINING - writing, while",mind,sub,alum,1,23
"COMPLAINING, writing, while","MIND - COMPLAINING - writing, while",mind,sub,anac,2,23
"COMPLAINING, writing, while","MIND - COMPLAINING - writing, while",mind,sub,anan,1,23
"COMPLAINING, writing, while","MIND - COMPLAINING - writing, while",mind,sub,arg-n,1,23
"COMPLAINING, writing, while","MIND - COMPLAINING - writing, while",mind,sub,aur,1,23
"COMPLAINING, writing, while","MIND - COMPLAINING - writing, while",mind,sub,bar-c,1,23
"COMPLAINING, writing, while","MIND - COMPLAINING - writing, while",mind,sub,bell,1,23
"COMPLAINING, writing, while","MIND - COMPLAINING - writing, while",mind,sub,bry,1,23
"COMPLAINING, writing, while","MIND - COMPLAINING - writing, while",mind,sub,calc,1,23
"COMPLAINING, writing, while","MIND - COMPLAINING - writing, while",mind,sub,canth,1,23
"COMPLAINING, writing, while","MIND - COMPLAINING - writing, while",mind,sub,carb-an,1,23
"COMPLAINING, writing, while","MIND - COMPLAINING - writing, while",mind,sub,carb-v,1,23
"COMPLAINING, writing, while","MIND - COMPLAINING - writing, while",mind,sub,caust,1,23
"COMPLAINING, writing, while","MIND - COMPLAINING - writing, while",mind,sub,chin,1,23
"COMPLAINING, writing, while","MIND - COMPLAINING - writing, while",mind,sub,chlor,1,23
"COMPLAINING, writing, while","MIND - COMPLAINING - writing, while",mind,sub,dros,1,23
"COMPLAINING, writing, while","MIND - COMPLAINING - writing, while",mind,sub,gels,1,23
"COMPLAINING, writing, while","MIND - COMPLAINING - writing, while",mind,sub,hyos,1,23
"COMPLAINING, writing, while","MIND - COMPLAINING - writing, while",mind,sub,ign,1,23
"COMPLAINING, writing, while","MIND - COMPLAINING - writing, while",mind,sub,iod,1,23
"COMPLAINING, writing, while","MIND - COMPLAINING - writing, while",mind,sub,kali-c,1,23
"COMPLAINING, writing, while","MIND - COMPLAINING - writing, while",mind,sub,kali-n,1,23
"COMPLAINING, writing, while","MIND - COMPLAINING - writing, while",mind,sub,kali-s,1,23
"COMPLAINING, writing, while","MIND - COMPLAINING - writing, while",mind,sub,lac-c,1,23
"COMPLAINING, writing, while","MIND - COMPLAINING - writing, while",mind,sub,lac-d,1,23
"COMPLAINING, writing, while","MIND - COMPLAINING - writing, while",mind,sub,lach,1,23
"COMPLAINING, writing, while","MIND - COMPLAINING - writing, while",mind,sub,lyc,1,23
"COMPLAINING, writing, while","MIND - COMPLAINING - writing, while",mind,sub,mur-ac,1,23
"COMPLAINING, writing, while","MIND - COMPLAINING - writing, while",mind,sub,nat-c,1,23
"COMPLAINING, writing, while","MIND - COMPLAINING - writing, while",mind,sub,nat-m,1,23
"COMPLAINING, writing, while","MIND - COMPLAINING - writing, while",mind,sub,nit-ac,1,23
"COMPLAINING, writing, while","MIND - COMPLAINING - writing, while",mind,sub,nux-v,1,23
"COMPLAINING, writing, while","MIND - COMPLAINING - writing, while",mind,sub,olnd,1,23
"COMPLAINING, writing, while","MIND - COMPLAINING - writing, while",mind,sub,op,1,23
"COMPLAINING, writing, while","MIND - COMPLAINING - writing, while",mind,sub,pall,1,23
"COMPLAINING, writing, while","MIND - COMPLAINING - writing, while",mind,sub,phos,1,23
"COMPLAINING, writing, while","MIND - COMPLAINING - writing, while",mind,sub,plb,1,23
"COMPLAINING, writing, while","MIND - COMPLAINING - writing, while",mind,sub,ran-b,1,23
"COMPLAINING, writing, while","MIND - COMPLAINING - writing, while",mind,sub,rhus-t,1,23
"COMPLAINING, writing, while","MIND - COMPLAINING - writing, while",mind,sub,ruta,1,23
"COMPLAINING, writing, while","MIND - COMPLAINING - writing, while",mind,sub,sil,1,23
"COMPLAINING, writing, while","MIND - COMPLAINING - writing, while",mind,sub,stram,1,23
"COMPLAINING, writing, while","MIND - COMPLAINING - writing, while",mind,sub,sulph,1,23
"COMPLAINING, writing, while","MIND - COMPLAINING - writing, while",mind,sub,sul-ac,1,23
"COMPLAINING, writing, while","MIND - COMPLAINING - writing, while",mind,sub,tab,1,23
"COMPLAINING, writing, while","MIND - COMPLAINING - writing, while",mind,sub,ther,1,23
"COMPLAINING, writing, while","MIND - COMPLAINING - writing, while",mind,sub,verb,1,23
"COMPLAINING, writing, while","MIND - COMPLAINING - writing, while",mind,sub,viol-t,1,23
"COMPLAINING, writing, while","MIND - COMPLAINING - writing, while",mind,sub,zinc,1,23
"COMPLAINING, and thinks others have none which makes her unhappy",MIND - COMPLAINING - and thinks others have none which makes her unhappy,mind,sub,aut,2,23
CONFIDING,MIND - CONFIDING,mind,main,hydr,2,23
CONFIDING,MIND - CONFIDING,mind,main,mur-ac,1,23
CONFIDING,MIND - CONFIDING,mind,main,spig,1,23
CONFIDING,MIND - CONFIDING,mind,main,confounding,3,23
CONFIDING,MIND - CONFIDING,mind,main,objects,1,23
CONFIDING,MIND - CONFIDING,mind,main,ideas,1,23
CONFIDING,MIND - CONFIDING,mind,main,calc,2,23
CONFIDING,MIND - CONFIDING,mind,main,cann-s,1,23
CONFIDING,MIND - CONFIDING,mind,main,hyos,1,23
CONFIDING,MIND - CONFIDING,mind,main,nux-v,1,23
CONFIDING,MIND - CONFIDING,mind,main,plat,1,23
CONFIDING,MIND - CONFIDING,mind,main,sulph,1,23
CONFIDING,MIND - CONFIDING,mind,main,confusion,3,23
CONFIDING,MIND - CONFIDING,mind,main,absin,2,23
CONFIDING,MIND - CONFIDING,mind,main,acet-ac,1,23
CONFIDING,MIND - CONFIDING,mind,main,acon,1,23
CONFIDING,MIND - CONFIDING,mind,main,act-sp,1,23
CONFIDING,MIND - CONFIDING,mind,main,zth,1,23
CONFIDING,MIND - CONFIDING,mind,main,agar,1,23
CONFIDING,MIND - CONFIDING,mind,main,agn,1,23
CONFIDING,MIND - CONFIDING,mind,main,ail,1,23
CONFIDING,MIND - CONFIDING,mind,main,aloe,1,23
CONFIDING,MIND - CONFIDING,mind,main,alum,1,23
CONFIDING,MIND - CONFIDING,mind,main,ambr,1,23
CONFIDING,MIND - CONFIDING,mind,main,am-c,1,23
CONFIDING,MIND - CONFIDING,mind,main,am-m,1,23
CONFIDING,MIND - CONFIDING,mind,main,anac,1,23
CONFIDING,MIND - CONFIDING,mind,main,anac-oc,1,23
CONFIDING,MIND - CONFIDING,mind,main,ant-t,1,23
CONFIDING,MIND - CONFIDING,mind,main,apis,1,23
CONFIDING,MIND - CONFIDING,mind,main,aran,1,23
CONFIDING,MIND - CONFIDING,mind,main,arg-m,1,23
CONFIDING,MIND - CONFIDING,mind,main,arg-n,1,23
CONFIDING,MIND - CONFIDING,mind,main,arn,1,23
CONFIDING,MIND - CONFIDING,mind,main,ars,1,23
CONFIDING,MIND - CONFIDING,mind,main,ars-1,1,23
CONFIDING,MIND - CONFIDING,mind,main,asaf,1,23
CONFIDING,MIND - CONFIDING,mind,main,asar,1,23
CONFIDING,MIND - CONFIDING,mind,main,aspar,1,23
CONFIDING,MIND - CONFIDING,mind,main,aur,1,23
CONFIDING,MIND - CONFIDING,mind,main,aur-m,1,23
CONFIDING,MIND - CONFIDING,mind,main,bapt,1,23
CONFIDING,MIND - CONFIDING,mind,main,bar-c,1,23
CONFIDING,MIND - CONFIDING,mind,main,bar-m,1,23
CONFIDING,MIND - CONFIDING,mind,main,bell,2,23
CONFIDING,MIND - CONFIDING,mind,main,benz-c,1,23
CONFIDING,MIND - CONFIDING,mind,main,berb,1,23
CONFIDING,MIND - CONFIDING,mind,main,bism,1,23
CONFIDING,MIND - CONFIDING,mind,main,bor,1,23
CONFIDING,MIND - CONFIDING,mind,main,bov,1,23
CONFIDING,MIND - CONFIDING,mind,main,brom,1,23
CONFIDING,MIND - CONFIDING,mind,main,bry,2,23
CONFIDING,MIND - CONFIDING,mind,main,bufo,1,23
CONFIDING,MIND - CONFIDING,mind,main,calad,1,23
CONFIDING,MIND - CONFIDING,mind,main,cale,2,23
CONFIDING,MIND - CONFIDING,mind,main,calc-p,1,23
CONFIDING,MIND - CONFIDING,mind,main,calcs,1,23
CONFIDING,MIND - CONFIDING,mind,main,camph,1,23
CONFIDING,MIND - CONFIDING,mind,main,cann-i,2,23
CONFIDING,MIND - CONFIDING,mind,main,canth,1,23
CONFIDING,MIND - CONFIDING,mind,main,caps,1,23
CONFIDING,MIND - CONFIDING,mind,main,carb-ac,1,23
CONFIDING,MIND - CONFIDING,mind,main,carb-an,1,23
CONFIDING,MIND - CONFIDING,mind,main,carb-o,1,23
CONFIDING,MIND - CONFIDING,mind,main,carb-s,1,23
CONFIDING,MIND - CONFIDING,mind,main,carb-v,2,23
CONFIDING,MIND - CONFIDING,mind,main,carl,1,23
CONFIDING,MIND - CONFIDING,mind,main,caust,1,23
CONFIDING,MIND - CONFIDING,mind,main,cham,1,23
CONFIDING,MIND - CONFIDING,mind,main,chel,1,23
CONFIDING,MIND - CONFIDING,mind,main,chin,1,23
CONFIDING,MIND - CONFIDING,mind,main,chin-a,1,23
CONFIDING,MIND - CONFIDING,mind,main,chin-s,1,23
CONFIDING,MIND - CONFIDING,mind,main,chlol,1,23
CONFIDING,MIND - CONFIDING,mind,main,chlor,1,23
CONFIDING,MIND - CONFIDING,mind,main,cic,1,23
CONFIDING,MIND - CONFIDING,mind,main,cina,1,23
CONFIDING,MIND - CONFIDING,mind,main,cinnb,1,23
CONFIDING,MIND - CONFIDING,mind,main,cimx,1,23
CONFIDING,MIND - CONFIDING,mind,main,clem,1,23
CONFIDING,MIND - CONFIDING,mind,main,coce,2,23
CONFIDING,MIND - CONFIDING,mind,main,coff,1,23
CONFIDING,MIND - CONFIDING,mind,main,colch,1,23
CONFIDING,MIND - CONFIDING,mind,main,coloc,1,23
CONFIDING,MIND - CONFIDING,mind,main,corn,1,23
CONFIDING,MIND - CONFIDING,mind,main,con,1,23
CONFIDING,MIND - CONFIDING,mind,main,cop,1,23
CONFIDING,MIND - CONFIDING,mind,main,corn-a,1,23
CONFIDING,MIND - CONFIDING,mind,main,croc,1,23
CONFIDING,MIND - CONFIDING,mind,main,crot-c,1,23
CONFIDING,MIND - CONFIDING,mind,main,crot-h,1,23
CONFIDING,MIND - CONFIDING,mind,main,crot-t,1,23
CONFIDING,MIND - CONFIDING,mind,main,cupr,1,23
CONFIDING,MIND - CONFIDING,mind,main,cup-ar,1,23
CONFIDING,MIND - CONFIDING,mind,main,cun,1,23
CONFIDING,MIND - CONFIDING,mind,main,cycl,1,23
CONFIDING,MIND - CONFIDING,mind,main,dig,1,23
CONFIDING,MIND - CONFIDING,mind,main,dios,1,23
CONFIDING,MIND - CONFIDING,mind,main,dros,1,23
CONFIDING,MIND - CONFIDING,mind,main,dulc,1,23
CONFIDING,MIND - CONFIDING,mind,main,echi,1,23
CONFIDING,MIND - CONFIDING,mind,main,cry-a,1,23
CONFIDING,MIND - CONFIDING,mind,main,eug,1,23
CONFIDING,MIND - CONFIDING,mind,main,cup-pur,1,23
CONFIDING,MIND - CONFIDING,mind,main,euphr,1,23
CONFIDING,MIND - CONFIDING,mind,main,eupi,1,23
CONFIDING,MIND - CONFIDING,mind,main,fago,1,23
CONFIDING,MIND - CONFIDING,mind,main,ferr,1,23
CONFIDING,MIND - CONFIDING,mind,main,ferr-ar,1,23
CONFIDING,MIND - CONFIDING,mind,main,ferr-p,1,23
CONFIDING,MIND - CONFIDING,mind,main,fl-ac,1,23
CONFIDING,MIND - CONFIDING,mind,main,gels,1,23
CONFIDING,MIND - CONFIDING,mind,main,gent-l,1,23
CONFIDING,MIND - CONFIDING,mind,main,gin,1,23
CONFIDING,MIND - CONFIDING,mind,main,glon,2,23
CONFIDING,MIND - CONFIDING,mind,main,gran,1,23
CONFIDING,MIND - CONFIDING,mind,main,graph,1,23
CONFIDING,MIND - CONFIDING,mind,main,grat,1,23
CONFIDING,MIND - CONFIDING,mind,main,hep,1,23
CONFIDING,MIND - CONFIDING,mind,main,hipp,1,23
CONFIDING,MIND - CONFIDING,mind,main,hura,1,23
CONFIDING,MIND - CONFIDING,mind,main,hydr-ac,1,23
CONFIDING,MIND - CONFIDING,mind,main,hyper,1,23
CONFIDING,MIND - CONFIDING,mind,main,ign,1,23
CONFIDING,MIND - CONFIDING,mind,main,indg,1,23
CONFIDING,MIND - CONFIDING,mind,main,iod,1,23
CONFIDING,MIND - CONFIDING,mind,main,ip,1,23
CONFIDING,MIND - CONFIDING,mind,main,jab,1,23
CONFIDING,MIND - CONFIDING,mind,main,jatr,1,23
CONFIDING,MIND - CONFIDING,mind,main,kali-ar,1,23
CONFIDING,MIND - CONFIDING,mind,main,kali-bi,1,23
CONFIDING,MIND - CONFIDING,mind,main,kali-br,1,23
CONFIDING,MIND - CONFIDING,mind,main,aali-c,2,23
CONFIDING,MIND - CONFIDING,mind,main,kalm,1,23
CONFIDING,MIND - CONFIDING,mind,main,kali-i,1,23
CONFIDING,MIND - CONFIDING,mind,main,kali-n,1,23
CONFIDING,MIND - CONFIDING,mind,main,kali-p,1,23
CONFIDING,MIND - CONFIDING,mind,main,kali-s,1,23
CONFIDING,MIND - CONFIDING,mind,main,kreos,1,23
CONFIDING,MIND - CONFIDING,mind,main,lac-c,1,23
CONFIDING,MIND - CONFIDING,mind,main,lach,2,23
CONFIDING,MIND - CONFIDING,mind,main,lac-ac,1,23
CONFIDING,MIND - CONFIDING,mind,main,lact,1,23
CONFIDING,MIND - CONFIDING,mind,main,laur,1,23
CONFIDING,MIND - CONFIDING,mind,main,lec,1,23
CONFIDING,MIND - CONFIDING,mind,main,led,1,23
CONFIDING,MIND - CONFIDING,mind,main,lil-t,1,23
CONFIDING,MIND - CONFIDING,mind,main,lob,1,23
CONFIDING,MIND - CONFIDING,mind,main,jyvc,2,23
CONFIDING,MIND - CONFIDING,mind,main,mag-c,1,23
CONFIDING,MIND - CONFIDING,mind,main,mag-m,1,23
CONFIDING,MIND - CONFIDING,mind,main,mag-s,1,23
CONFIDING,MIND - CONFIDING,mind,main,med,1,23
CONFIDING,MIND - CONFIDING,mind,main,meli,1,23
CONFIDING,MIND - CONFIDING,mind,main,mere,2,23
CONFIDING,MIND - CONFIDING,mind,main,merc-c,1,23
CONFIDING,MIND - CONFIDING,mind,main,mez,1,23
CONFIDING,MIND - CONFIDING,mind,main,morph,1,23
CONFIDING,MIND - CONFIDING,mind,main,mosch,1,23
CONFIDING,MIND - CONFIDING,mind,main,myric,1,23
CONFIDING,MIND - CONFIDING,mind,main,naja,1,23
CONFIDING,MIND - CONFIDING,mind,main,nat-a,1,23
CONFIDING,MIND - CONFIDING,mind,main,nat-c,1,23
CONFIDING,MIND - CONFIDING,mind,main,nat-m,2,23
CONFIDING,MIND - CONFIDING,mind,main,nat-p,1,23
CONFIDING,MIND - CONFIDING,mind,main,nat-s,1,23
CONFIDING,MIND - CONFIDING,mind,main,nicc,1,23
CONFIDING,MIND - CONFIDING,mind,main,nit-ac,1,23
CONFIDING,MIND - CONFIDING,mind,main,nux-m,2,23
CONFIDING,MIND - CONFIDING,mind,main,olnd,1,23
CONFIDING,MIND - CONFIDING,mind,main,onos,2,23
CONFIDING,MIND - CONFIDING,mind,main,op,2,23
CONFIDING,MIND - CONFIDING,mind,main,osm,1,23
CONFIDING,MIND - CONFIDING,mind,main,par,1,23
CONFIDING,MIND - CONFIDING,mind,main,petr,2,23
CONFIDING,MIND - CONFIDING,mind,main,phel,1,23
CONFIDING,MIND - CONFIDING,mind,main,ph-ac,1,23
CONFIDING,MIND - CONFIDING,mind,main,phos,1,23
CONFIDING,MIND - CONFIDING,mind,main,pic-ac,1,23
CONFIDING,MIND - CONFIDING,mind,main,pu,1,23
CONFIDING,MIND - CONFIDING,mind,main,ran-b,1,23
CONFIDING,MIND - CONFIDING,mind,main,sep,1,23
CONFIDING,MIND - CONFIDING,mind,main,sil,1,23
CONFIDING,MIND - CONFIDING,mind,main,spong,1,23
CONFIDING,MIND - CONFIDING,mind,main,stann,1,23
CONFIDING,MIND - CONFIDING,mind,main,staph,1,23
CONFIDING,MIND - CONFIDING,mind,main,stram,2,23
CONFIDING,MIND - CONFIDING,mind,main,tarent,1,23
CONFIDING,MIND - CONFIDING,mind,main,ther,1,23
CONFIDING,MIND - CONFIDING,mind,main,thuj,1,23
CONFIDING,MIND - CONFIDING,mind,main,tril,1,23
CONFIDING,MIND - CONFIDING,mind,main,tromb,1,23
CONFIDING,MIND - CONFIDING,mind,main,valer,1,23
CONFIDING,MIND - CONFIDING,mind,main,verat,1,23
CONFIDING,MIND - CONFIDING,mind,main,verb,1,23
CONFIDING,MIND - CONFIDING,mind,main,viol-o,1,23
CONFIDING,MIND - CONFIDING,mind,main,vip,1,23
CONFIDING,MIND - CONFIDING,mind,main,xanth,1,23
CONFIDING,MIND - CONFIDING,mind,main,zinc,1,23
"CONFIDING, morning",MIND - CONFIDING - morning,mind,sub,am-m,2,24
"CONFIDING, morning",MIND - CONFIDING - morning,mind,sub,anac,1,24
"CONFIDING, morning",MIND - CONFIDING - morning,mind,sub,ant-t,1,24
"CONFIDING, morning",MIND - CONFIDING - morning,mind,sub,arg-n,1,24
"CONFIDING, morning",MIND - CONFIDING - morning,mind,sub,arn,1,24
"CONFIDING, morning",MIND - CONFIDING - morning,mind,sub,ars,1,24
"CONFIDING, morning",MIND - CONFIDING - morning,mind,sub,arund-t,1,24
"CONFIDING, morning",MIND - CONFIDING - morning,mind,sub,asaf,1,24
"CONFIDING, morning",MIND - CONFIDING - morning,mind,sub,asar,1,24
"CONFIDING, morning",MIND - CONFIDING - morning,mind,sub,aur,1,24
"CONFIDING, morning",MIND - CONFIDING - morning,mind,sub,bar-c,1,24
"CONFIDING, morning",MIND - CONFIDING - morning,mind,sub,bell,1,24
"CONFIDING, morning",MIND - CONFIDING - morning,mind,sub,bism,1,24
"CONFIDING, morning",MIND - CONFIDING - morning,mind,sub,bov,1,24
"CONFIDING, morning",MIND - CONFIDING - morning,mind,sub,bry,1,24
"CONFIDING, morning",MIND - CONFIDING - morning,mind,sub,bufo,1,24
"CONFIDING, morning",MIND - CONFIDING - morning,mind,sub,calc,1,24
"CONFIDING, morning",MIND - CONFIDING - morning,mind,sub,calc-s,1,24
"CONFIDING, morning",MIND - CONFIDING - morning,mind,sub,canth,1,24
"CONFIDING, morning",MIND - CONFIDING - morning,mind,sub,caps,1,24
"CONFIDING, morning",MIND - CONFIDING - morning,mind,sub,carb-v,1,24
"CONFIDING, morning",MIND - CONFIDING - morning,mind,sub,caust,1,24
"CONFIDING, morning",MIND - CONFIDING - morning,mind,sub,cham,1,24
"CONFIDING, morning",MIND - CONFIDING - morning,mind,sub,chel,1,24
"CONFIDING, morning",MIND - CONFIDING - morning,mind,sub,chin,1,24
"CONFIDING, morning",MIND - CONFIDING - morning,mind,sub,chin-a,1,24
"CONFIDING, morning",MIND - CONFIDING - morning,mind,sub,chin-s,1,24
"CONFIDING, morning",MIND - CONFIDING - morning,mind,sub,clem,1,24
"CONFIDING, morning",MIND - CONFIDING - morning,mind,sub,cob,1,24
"CONFIDING, morning",MIND - CONFIDING - morning,mind,sub,colch,1,24
"CONFIDING, morning",MIND - CONFIDING - morning,mind,sub,coloc,1,24
"CONFIDING, morning",MIND - CONFIDING - morning,mind,sub,con,1,24
"CONFIDING, morning",MIND - CONFIDING - morning,mind,sub,crot-h,1,24
"CONFIDING, morning",MIND - CONFIDING - morning,mind,sub,euphr,1,24
"CONFIDING, morning",MIND - CONFIDING - morning,mind,sub,ferr-ar,1,24
"CONFIDING, morning",MIND - CONFIDING - morning,mind,sub,ferr-p,1,24
"CONFIDING, morning",MIND - CONFIDING - morning,mind,sub,graph,1,24
"CONFIDING, morning",MIND - CONFIDING - morning,mind,sub,hyos,1,24
"CONFIDING, morning",MIND - CONFIDING - morning,mind,sub,hyper,1,24
"CONFIDING, morning",MIND - CONFIDING - morning,mind,sub,ign,1,24
"CONFIDING, morning",MIND - CONFIDING - morning,mind,sub,iod,1,24
"CONFIDING, morning",MIND - CONFIDING - morning,mind,sub,jug-r,1,24
"CONFIDING, morning",MIND - CONFIDING - morning,mind,sub,kali-ar,1,24
"CONFIDING, morning",MIND - CONFIDING - morning,mind,sub,kali-c,1,24
"CONFIDING, morning",MIND - CONFIDING - morning,mind,sub,kalm,1,24
"CONFIDING, morning",MIND - CONFIDING - morning,mind,sub,kali-n,1,24
"CONFIDING, morning",MIND - CONFIDING - morning,mind,sub,kali-p,1,24
"CONFIDING, morning",MIND - CONFIDING - morning,mind,sub,kali-s,1,24
"CONFIDING, morning",MIND - CONFIDING - morning,mind,sub,lach,2,24
"CONFIDING, morning",MIND - CONFIDING - morning,mind,sub,lact,1,24
"CONFIDING, morning",MIND - CONFIDING - morning,mind,sub,lyc,1,24
"CONFIDING, morning",MIND - CONFIDING - morning,mind,sub,mag-c,2,24
"CONFIDING, morning",MIND - CONFIDING - morning,mind,sub,mag-m,1,24
"CONFIDING, morning",MIND - CONFIDING - morning,mind,sub,mag-s,1,24
"CONFIDING, morning",MIND - CONFIDING - morning,mind,sub,merc,1,24
"CONFIDING, morning",MIND - CONFIDING - morning,mind,sub,mill,1,24
"CONFIDING, morning",MIND - CONFIDING - morning,mind,sub,mosch,1,24
"CONFIDING, morning",MIND - CONFIDING - morning,mind,sub,murx,1,24
"CONFIDING, morning",MIND - CONFIDING - morning,mind,sub,nat-c,1,24
"CONFIDING, morning",MIND - CONFIDING - morning,mind,sub,nat-m,1,24
"CONFIDING, morning",MIND - CONFIDING - morning,mind,sub,nit-ac,1,24
"CONFIDING, morning",MIND - CONFIDING - morning,mind,sub,nux-j,1,24
"CONFIDING, morning",MIND - CONFIDING - morning,mind,sub,nux-v,1,24
"CONFIDING, morning",MIND - CONFIDING - morning,mind,sub,op,1,24
"CONFIDING, morning",MIND - CONFIDING - morning,mind,sub,ox-ac,1,24
"CONFIDING, morning",MIND - CONFIDING - morning,mind,sub,petr,1,24
"CONFIDING, morning",MIND - CONFIDING - morning,mind,sub,ph-ac,1,24
"CONFIDING, morning",MIND - CONFIDING - morning,mind,sub,phos,1,24
"CONFIDING, morning",MIND - CONFIDING - morning,mind,sub,podo,1,24
"CONFIDING, morning",MIND - CONFIDING - morning,mind,sub,ran-b,1,24
"CONFIDING, morning",MIND - CONFIDING - morning,mind,sub,ran-s,1,24
"CONFIDING, morning",MIND - CONFIDING - morning,mind,sub,rhod,1,24
"CONFIDING, morning",MIND - CONFIDING - morning,mind,sub,ruta,1,24
"CONFIDING, morning",MIND - CONFIDING - morning,mind,sub,samb,1,24
"CONFIDING, morning",MIND - CONFIDING - morning,mind,sub,sars,1,24
"CONFIDING, morning",MIND - CONFIDING - morning,mind,sub,seneg,1,24
"CONFIDING, morning",MIND - CONFIDING - morning,mind,sub,sep,1,24
"CONFIDING, morning",MIND - CONFIDING - morning,mind,sub,sil,1,24
"CONFIDING, morning",MIND - CONFIDING - morning,mind,sub,squil,1,24
"CONFIDING, morning",MIND - CONFIDING - morning,mind,sub,stann,1,24
"CONFIDING, morning",MIND - CONFIDING - morning,mind,sub,strych,1,24
"CONFIDING, morning",MIND - CONFIDING - morning,mind,sub,staph,1,24
"CONFIDING, morning",MIND - CONFIDING - morning,mind,sub,sulph,2,24
"CONFIDING, morning",MIND - CONFIDING - morning,mind,sub,sul-ac,1,24
"CONFIDING, morning",MIND - CONFIDING - morning,mind,sub,sumb,1,24
"CONFIDING, morning",MIND - CONFIDING - morning,mind,sub,thuj,1,24
"CONFIDING, morning",MIND - CONFIDING - morning,mind,sub,til,1,24
"CONFIDING, morning",MIND - CONFIDING - morning,mind,sub,ust,1,24
"CONFIDING, morning",MIND - CONFIDING - morning,mind,sub,verat,1,24
"CONFIDING, morning",MIND - CONFIDING - morning,mind,sub,zinc,1,24
"CONFIDING, rising, on","MIND - CONFIDING - rising, on",mind,sub,anac,2,24
"CONFIDING, rising, on","MIND - CONFIDING - rising, on",mind,sub,arg-n,1,24
"CONFIDING, rising, on","MIND - CONFIDING - rising, on",mind,sub,asar,1,24
"CONFIDING, rising, on","MIND - CONFIDING - rising, on",mind,sub,aur,1,24
"CONFIDING, rising, on","MIND - CONFIDING - rising, on",mind,sub,bell,1,24
"CONFIDING, rising, on","MIND - CONFIDING - rising, on",mind,sub,bry,1,24
"CONFIDING, rising, on","MIND - CONFIDING - rising, on",mind,sub,calc,1,24
"CONFIDING, rising, on","MIND - CONFIDING - rising, on",mind,sub,carb-v,1,24
"CONFIDING, rising, on","MIND - CONFIDING - rising, on",mind,sub,cham,1,24
"CONFIDING, rising, on","MIND - CONFIDING - rising, on",mind,sub,chel,1,24
"CONFIDING, rising, on","MIND - CONFIDING - rising, on",mind,sub,cic,1,24
"CONFIDING, rising, on","MIND - CONFIDING - rising, on",mind,sub,cina,1,24
"CONFIDING, rising, on","MIND - CONFIDING - rising, on",mind,sub,clem,1,24
"CONFIDING, rising, on","MIND - CONFIDING - rising, on",mind,sub,corn,1,24
"CONFIDING, rising, on","MIND - CONFIDING - rising, on",mind,sub,graph,1,24
"CONFIDING, rising, on","MIND - CONFIDING - rising, on",mind,sub,ign,1,24
"CONFIDING, rising, on","MIND - CONFIDING - rising, on",mind,sub,kali-c,1,24
"CONFIDING, rising, on","MIND - CONFIDING - rising, on",mind,sub,lact,1,24
"CONFIDING, rising, on","MIND - CONFIDING - rising, on",mind,sub,mag-m,1,24
"CONFIDING, rising, on","MIND - CONFIDING - rising, on",mind,sub,mag-s,1,24
"CONFIDING, rising, on","MIND - CONFIDING - rising, on",mind,sub,merc-i,1,24
"CONFIDING, rising, on","MIND - CONFIDING - rising, on",mind,sub,ph-ac,1,24
"CONFIDING, rising, on","MIND - CONFIDING - rising, on",mind,sub,phos,1,24
"CONFIDING, rising, on","MIND - CONFIDING - rising, on",mind,sub,plb,1,24
"CONFIDING, rising, on","MIND - CONFIDING - rising, on",mind,sub,raph,1,24
"CONFIDING, rising, on","MIND - CONFIDING - rising, on",mind,sub,rhod,1,24
"CONFIDING, rising, on","MIND - CONFIDING - rising, on",mind,sub,rhus-t,1,24
"CONFIDING, rising, on","MIND - CONFIDING - rising, on",mind,sub,sabad,1,24
"CONFIDING, rising, on","MIND - CONFIDING - rising, on",mind,sub,samb,1,24
"CONFIDING, rising, on","MIND - CONFIDING - rising, on",mind,sub,sep,1,24
"CONFIDING, rising, on","MIND - CONFIDING - rising, on",mind,sub,sil,1,24
"CONFIDING, rising, on","MIND - CONFIDING - rising, on",mind,sub,amel,1,24
"CONFIDING, after, amel","MIND - CONFIDING - after, amel",mind,sub,ant-t,2,24
"CONFIDING, after, amel","MIND - CONFIDING - after, amel",mind,sub,mag-s,1,24
"CONFIDING, after, amel","MIND - CONFIDING - after, amel",mind,sub,phos,1,24
"CONFIDING, after, amel","MIND - CONFIDING - after, amel",mind,sub,rhus-t,1,24
"CONFIDING, noon, on","MIND - CONFIDING - noon, on",mind,sub,acon,2,24
"CONFIDING, noon, on","MIND - CONFIDING - noon, on",mind,sub,sc,2,24
"CONFIDING, noon, on","MIND - CONFIDING - noon, on",mind,sub,agar,1,24
"CONFIDING, noon, on","MIND - CONFIDING - noon, on",mind,sub,anac,1,24
"CONFIDING, noon, on","MIND - CONFIDING - noon, on",mind,sub,ant-t,1,24
"CONFIDING, noon, on","MIND - CONFIDING - noon, on",mind,sub,arg-n,1,24
"CONFIDING, noon, on","MIND - CONFIDING - noon, on",mind,sub,ars,1,24
"CONFIDING, noon, on","MIND - CONFIDING - noon, on",mind,sub,bar-c,1,24
"CONFIDING, noon, on","MIND - CONFIDING - noon, on",mind,sub,bry,1,24
"CONFIDING, noon, on","MIND - CONFIDING - noon, on",mind,sub,calc,1,24
"CONFIDING, noon, on","MIND - CONFIDING - noon, on",mind,sub,calc-p,1,24
"CONFIDING, noon, on","MIND - CONFIDING - noon, on",mind,sub,calc-s,1,24
"CONFIDING, noon, on","MIND - CONFIDING - noon, on",mind,sub,cann-s,1,24
"CONFIDING, noon, on","MIND - CONFIDING - noon, on",mind,sub,carb-s,1,24
"CONFIDING, noon, on","MIND - CONFIDING - noon, on",mind,sub,carb-v,1,24
"CONFIDING, noon, on","MIND - CONFIDING - noon, on",mind,sub,chin-a,1,24
"CONFIDING, noon, on","MIND - CONFIDING - noon, on",mind,sub,cimic,1,24
"CONFIDING, noon, on","MIND - CONFIDING - noon, on",mind,sub,clem,1,24
"CONFIDING, noon, on","MIND - CONFIDING - noon, on",mind,sub,cocc,1,24
"CONFIDING, noon, on","MIND - CONFIDING - noon, on",mind,sub,euphr,1,24
"CONFIDING, noon, on","MIND - CONFIDING - noon, on",mind,sub,ferr,1,24
"CONFIDING, noon, on","MIND - CONFIDING - noon, on",mind,sub,ferr-p,1,24
"CONFIDING, noon, on","MIND - CONFIDING - noon, on",mind,sub,graph,1,24
"CONFIDING, noon, on","MIND - CONFIDING - noon, on",mind,sub,hyos,1,24
"CONFIDING, noon, on","MIND - CONFIDING - noon, on",mind,sub,hyper,1,24
"CONFIDING, noon, on","MIND - CONFIDING - noon, on",mind,sub,ign,1,24
"CONFIDING, noon, on","MIND - CONFIDING - noon, on",mind,sub,lach,2,24
"CONFIDING, noon, on","MIND - CONFIDING - noon, on",mind,sub,lyc,1,24
"CONFIDING, noon, on","MIND - CONFIDING - noon, on",mind,sub,mag-c,1,24
"CONFIDING, noon, on","MIND - CONFIDING - noon, on",mind,sub,merc,1,24
"CONFIDING, noon, on","MIND - CONFIDING - noon, on",mind,sub,merc-i-f,1,24
"CONFIDING, noon, on","MIND - CONFIDING - noon, on",mind,sub,naja,1,24
"CONFIDING, noon, on","MIND - CONFIDING - noon, on",mind,sub,nat-m,1,24
"CONFIDING, noon, on","MIND - CONFIDING - noon, on",mind,sub,phos,1,24
"CONFIDING, noon, on","MIND - CONFIDING - noon, on",mind,sub,puls,1,24
"CONFIDING, noon, on","MIND - CONFIDING - noon, on",mind,sub,rhod,1,24
"CONFIDING, noon, on","MIND - CONFIDING - noon, on",mind,sub,ruta,1,24
"CONFIDING, noon, on","MIND - CONFIDING - noon, on",mind,sub,sil,1,24
"CONFIDING, noon, on","MIND - CONFIDING - noon, on",mind,sub,sulph,1,24
"CONFIDING, noon, on","MIND - CONFIDING - noon, on",mind,sub,thuj,1,24
"CONFIDING, noon, on","MIND - CONFIDING - noon, on",mind,sub,til,1,24
"CONFIDING, noon, on","MIND - CONFIDING - noon, on",mind,sub,zinc,1,24
"CONFIDING, night",MIND - CONFIDING - night,mind,sub,anac,2,24
"CONFIDING, night",MIND - CONFIDING - night,mind,sub,arg-n,1,24
"CONFIDING, night",MIND - CONFIDING - night,mind,sub,calc,1,24
"CONFIDING, night",MIND - CONFIDING - night,mind,sub,cedr,1,24
"CONFIDING, night",MIND - CONFIDING - night,mind,sub,corn,1,24
"CONFIDING, night",MIND - CONFIDING - night,mind,sub,crot-t,1,24
"CONFIDING, night",MIND - CONFIDING - night,mind,sub,fl-ac,1,24
"CONFIDING, night",MIND - CONFIDING - night,mind,sub,mur-ac,1,24
"CONFIDING, night",MIND - CONFIDING - night,mind,sub,phos,1,24
"CONFIDING, night",MIND - CONFIDING - night,mind,sub,psor,1,24
"CONFIDING, night",MIND - CONFIDING - night,mind,sub,sulph,1,24
"CONFIDING, night",MIND - CONFIDING - night,mind,sub,til,1,24
"CONFIDING, lying down, on","MIND - CONFIDING - lying down, on",mind,sub,brom,2,24
"CONFIDING, lying down, on","MIND - CONFIDING - lying down, on",mind,sub,lil-t,1,24
"CONFIDING, lying down, on","MIND - CONFIDING - lying down, on",mind,sub,rhus-t,1,24
"CONFIDING, lying down, on","MIND - CONFIDING - lying down, on",mind,sub,phos,1,24
"CONFIDING, lying down, on","MIND - CONFIDING - lying down, on",mind,sub,plat,1,24
"CONFIDING, lying down, on","MIND - CONFIDING - lying down, on",mind,sub,psor,1,24
"CONFIDING, lying down, on","MIND - CONFIDING - lying down, on",mind,sub,sil,1,24
"CONFIDING, waking, on","MIND - CONFIDING - waking, on",mind,sub,chl,2,24
"CONFIDING, waking, on","MIND - CONFIDING - waking, on",mind,sub,glon,1,24
"CONFIDING, waking, on","MIND - CONFIDING - waking, on",mind,sub,merc-i-f,1,24
"CONFIDING, waking, on","MIND - CONFIDING - waking, on",mind,sub,phos,1,24
"CONFIDING, waking, on","MIND - CONFIDING - waking, on",mind,sub,plat,1,24
"CONFIDING, waking, on","MIND - CONFIDING - waking, on",mind,sub,psor,1,24
"CONFIDING, waking, on","MIND - CONFIDING - waking, on",mind,sub,sil,1,24
"CONFIDING, air, in open","MIND - CONFIDING - air, in open",mind,sub,agar,2,24
"CONFIDING, air, in open","MIND - CONFIDING - air, in open",mind,sub,caust,1,24
"CONFIDING, air, in open","MIND - CONFIDING - air, in open",mind,sub,colch,1,24
"CONFIDING, air, in open","MIND - CONFIDING - air, in open",mind,sub,con,1,24
"CONFIDING, air, in open","MIND - CONFIDING - air, in open",mind,sub,crot-t,1,24
"CONFIDING, air, in open","MIND - CONFIDING - air, in open",mind,sub,hyos,1,24
"CONFIDING, air, in open","MIND - CONFIDING - air, in open",mind,sub,nit-ac,1,24
"CONFIDING, air, in open","MIND - CONFIDING - air, in open",mind,sub,nux-v,1,24
"CONFIDING, air, in open","MIND - CONFIDING - air, in open",mind,sub,rhod,1,24
"CONFIDING, air, in open","MIND - CONFIDING - air, in open",mind,sub,spig,1,24
"CONFIDING, air, in open","MIND - CONFIDING - air, in open",mind,sub,sulph,1,24
"CONFIDING, air, in open, amel","MIND - CONFIDING - air, in open, amel",mind,sub,acon,2,24
"CONFIDING, air, in open, amel","MIND - CONFIDING - air, in open, amel",mind,sub,am-m,1,24
"CONFIDING, air, in open, amel","MIND - CONFIDING - air, in open, amel",mind,sub,ant-t,1,24
"CONFIDING, air, in open, amel","MIND - CONFIDING - air, in open, amel",mind,sub,ars,1,24
"CONFIDING, air, in open, amel","MIND - CONFIDING - air, in open, amel",mind,sub,aur-m,1,24
"CONFIDING, air, in open, amel","MIND - CONFIDING - air, in open, amel",mind,sub,bar-c,1,24
"CONFIDING, air, in open, amel","MIND - CONFIDING - air, in open, amel",mind,sub,bell,1,24
"CONFIDING, air, in open, amel","MIND - CONFIDING - air, in open, amel",mind,sub,bry,1,24
"CONFIDING, air, in open, amel","MIND - CONFIDING - air, in open, amel",mind,sub,calc-s,1,24
"CONFIDING, air, in open, amel","MIND - CONFIDING - air, in open, amel",mind,sub,clem,1,24
"CONFIDING, air, in open, amel","MIND - CONFIDING - air, in open, amel",mind,sub,cocc,1,24
"CONFIDING, air, in open, amel","MIND - CONFIDING - air, in open, amel",mind,sub,croc,1,24
"CONFIDING, air, in open, amel","MIND - CONFIDING - air, in open, amel",mind,sub,dulc,1,24
"CONFIDING, air, in open, amel","MIND - CONFIDING - air, in open, amel",mind,sub,glon,1,24
"CONFIDING, air, in open, amel","MIND - CONFIDING - air, in open, amel",mind,sub,hydr-ac,1,24
"CONFIDING, air, in open, amel","MIND - CONFIDING - air, in open, amel",mind,sub,kali-s,1,24
"CONFIDING, air, in open, amel","MIND - CONFIDING - air, in open, amel",mind,sub,mag-m,1,24
"CONFIDING, air, in open, amel","MIND - CONFIDING - air, in open, amel",mind,sub,mag-s,1,24
"CONFIDING, air, in open, amel","MIND - CONFIDING - air, in open, amel",mind,sub,mang,1,24
"CONFIDING, air, in open, amel","MIND - CONFIDING - air, in open, amel",mind,sub,meny,1,24
"CONFIDING, air, in open, amel","MIND - CONFIDING - air, in open, amel",mind,sub,merc,1,24
"CONFIDING, air, in open, amel","MIND - CONFIDING - air, in open, amel",mind,sub,nat-c,1,24
"CONFIDING, air, in open, amel","MIND - CONFIDING - air, in open, amel",mind,sub,par,1,24
"CONFIDING, air, in open, amel","MIND - CONFIDING - air, in open, amel",mind,sub,phos,1,24
"CONFIDING, air, in open, amel","MIND - CONFIDING - air, in open, amel",mind,sub,psor,1,24
"CONFIDING, air, in open, amel","MIND - CONFIDING - air, in open, amel",mind,sub,phyt,1,24
"CONFIDING, air, in open, amel","MIND - CONFIDING - air, in open, amel",mind,sub,rat,1,24
"CONFIDING, air, in open, amel","MIND - CONFIDING - air, in open, amel",mind,sub,sulph,1,24
"CONFIDING, arouse himself, compelled to","MIND - CONFIDING - arouse himself, compelled to",mind,sub,carb-v,2,24
"CONFIDING, arouse himself, compelled to","MIND - CONFIDING - arouse himself, compelled to",mind,sub,sulph,1,24
"CONFIDING, ascending agg",MIND - CONFIDING - ascending agg,mind,sub,ptel,2,24
"CONFIDING, ascending agg",MIND - CONFIDING - ascending agg,mind,sub,sulph,1,24
"CONFIDING, bed, while in","MIND - CONFIDING - bed, while in",mind,sub,ambr,2,24
"CONFIDING, bed, while in","MIND - CONFIDING - bed, while in",mind,sub,calc,1,24
"CONFIDING, bed, while in","MIND - CONFIDING - bed, while in",mind,sub,phos,1,24
"CONFIDING, bed, while in","MIND - CONFIDING - bed, while in",mind,sub,rhod,1,24
"CONFIDING, bed, amel","MIND - CONFIDING - bed, amel",mind,sub,nat-c,2,24
"CONFIDING, beer, from","MIND - CONFIDING - beer, from",mind,sub,bell,2,24
"CONFIDING, beer, from","MIND - CONFIDING - beer, from",mind,sub,calc,1,24
"CONFIDING, beer, from","MIND - CONFIDING - beer, from",mind,sub,chin,1,24
"CONFIDING, beer, from","MIND - CONFIDING - beer, from",mind,sub,coloc,1,24
"CONFIDING, beer, from","MIND - CONFIDING - beer, from",mind,sub,con,1,24
"CONFIDING, bread agg",MIND - CONFIDING - bread agg,mind,sub,crot-t,2,24
"CONFIDING, breakfast, before","MIND - CONFIDING - breakfast, before",mind,sub,calc,2,24
"CONFIDING, breakfast, before","MIND - CONFIDING - breakfast, before",mind,sub,fl-ac,1,24
"CONFIDING, breakfast, after","MIND - CONFIDING - breakfast, after",mind,sub,calad,2,24
"CONFIDING, breakfast, after","MIND - CONFIDING - breakfast, after",mind,sub,cocc,1,24
"CONFIDING, breakfast, amel","MIND - CONFIDING - breakfast, amel",mind,sub,bov,2,24
"CONFIDING, breakfast, amel","MIND - CONFIDING - breakfast, amel",mind,sub,mag-c,1,24
"CONFIDING, calculating, when","MIND - CONFIDING - calculating, when",mind,sub,nat-m,2,24
"CONFIDING, calculating, when","MIND - CONFIDING - calculating, when",mind,sub,mur-ac,1,24
"CONFIDING, carousal, after a","MIND - CONFIDING - carousal, after a",mind,sub,gran,2,24
"CONFIDING, carousal, after a","MIND - CONFIDING - carousal, after a",mind,sub,nux-v,2,24
"CONFIDING, chill, during","MIND - CONFIDING - chill, during",mind,sub,acon,2,24
"CONFIDING, chill, during","MIND - CONFIDING - chill, during",mind,sub,aloe,1,24
"CONFIDING, chill, during","MIND - CONFIDING - chill, during",mind,sub,caps,1,24
"CONFIDING, chill, during","MIND - CONFIDING - chill, during",mind,sub,cham,1,24
"CONFIDING, chill, during","MIND - CONFIDING - chill, during",mind,sub,con,1,24
"CONFIDING, chill, during","MIND - CONFIDING - chill, during",mind,sub,dros,1,24
"CONFIDING, chill, during","MIND - CONFIDING - chill, during",mind,sub,hell,1,24
"CONFIDING, chill, during","MIND - CONFIDING - chill, during",mind,sub,hyos,1,24
"CONFIDING, chill, during","MIND - CONFIDING - chill, during",mind,sub,kali-c,1,24
"CONFIDING, chill, during","MIND - CONFIDING - chill, during",mind,sub,nat-c,1,24
"CONFIDING, chill, during","MIND - CONFIDING - chill, during",mind,sub,nux-m,1,24
"CONFIDING, chill, during","MIND - CONFIDING - chill, during",mind,sub,plb,1,24
"CONFIDING, chill, during","MIND - CONFIDING - chill, during",mind,sub,rhus-t,1,24
"CONFIDING, chill, during","MIND - CONFIDING - chill, during",mind,sub,ruta,1,24
"CONFIDING, chill, during","MIND - CONFIDING - chill, during",mind,sub,stram,1,24
"CONFIDING, chill, during","MIND - CONFIDING - chill, during",mind,sub,verat,1,24
"CONFIDING, chill, during","MIND - CONFIDING - chill, during",mind,sub,viol-t,1,24
"CONFIDING, coffee, after","MIND - CONFIDING - coffee, after",mind,sub,all-c,2,24
"CONFIDING, coffee, after","MIND - CONFIDING - coffee, after",mind,sub,arg-n,1,24
"CONFIDING, coffee, after","MIND - CONFIDING - coffee, after",mind,sub,calc-p,1,24
"CONFIDING, coffee, after","MIND - CONFIDING - coffee, after",mind,sub,mill,1,24
"CONFIDING, coffee, amel","MIND - CONFIDING - coffee, amel",mind,sub,coca,2,24
"CONFIDING, coffee, amel","MIND - CONFIDING - coffee, amel",mind,sub,hipp,1,24
"CONFIDING, coition, after","MIND - CONFIDING - coition, after",mind,sub,bov,2,24
"CONFIDING, coition, after","MIND - CONFIDING - coition, after",mind,sub,calc,1,24
"CONFIDING, coition, after","MIND - CONFIDING - coition, after",mind,sub,caust,1,24
"CONFIDING, coition, after","MIND - CONFIDING - coition, after",mind,sub,mez,1,24
"CONFIDING, coition, after","MIND - CONFIDING - coition, after",mind,sub,ph-ac,1,24
"CONFIDING, coition, after","MIND - CONFIDING - coition, after",mind,sub,phos,1,24
"CONFIDING, coition, after","MIND - CONFIDING - coition, after",mind,sub,rhod,1,24
"CONFIDING, coition, after","MIND - CONFIDING - coition, after",mind,sub,selen,1,24
"CONFIDING, coition, after","MIND - CONFIDING - coition, after",mind,sub,sep,1,24
"CONFIDING, cold bath, amel","MIND - CONFIDING - cold bath, amel",mind,sub,cale-p,2,24
"CONFIDING, cold bath, amel","MIND - CONFIDING - cold bath, amel",mind,sub,euphr,1,24
"CONFIDING, cold bath, amel","MIND - CONFIDING - cold bath, amel",mind,sub,phos,1,24
"CONFIDING, concentrate the mind, on attempting to","MIND - CONFIDING - concentrate the mind, on attempting to",mind,sub,asar,2,24
"CONFIDING, concentrate the mind, on attempting to","MIND - CONFIDING - concentrate the mind, on attempting to",mind,sub,gels,1,24
"CONFIDING, concentrate the mind, on attempting to","MIND - CONFIDING - concentrate the mind, on attempting to",mind,sub,mez,1,24
"CONFIDING, concentrate the mind, on attempting to","MIND - CONFIDING - concentrate the mind, on attempting to",mind,sub,nat-m,1,24
"CONFIDING, concentrate the mind, on attempting to","MIND - CONFIDING - concentrate the mind, on attempting to",mind,sub,nit-ac,1,24
"CONFIDING, concentrate the mind, on attempting to","MIND - CONFIDING - concentrate the mind, on attempting to",mind,sub,olnd,1,24
"CONFIDING, concentrate the mind, on attempting to","MIND - CONFIDING - concentrate the mind, on attempting to",mind,sub,ran-b,1,24
"CONFIDING, concentrate the mind, on attempting to","MIND - CONFIDING - concentrate the mind, on attempting to",mind,sub,staph,1,24
"CONFIDING, conversation agg",MIND - CONFIDING - conversation agg,mind,sub,sil,2,24
"CONFIDING, cough, before paroxysm of","MIND - CONFIDING - cough, before paroxysm of",mind,sub,cina,2,24
"CONFIDING, dinner, after","MIND - CONFIDING - dinner, after",mind,sub,arg-n,2,24
"CONFIDING, dinner, after","MIND - CONFIDING - dinner, after",mind,sub,carb-v,1,24
"CONFIDING, dinner, after","MIND - CONFIDING - dinner, after",mind,sub,euphr,1,24
"CONFIDING, dinner, after","MIND - CONFIDING - dinner, after",mind,sub,mag-m,1,24
"CONFIDING, dinner, after","MIND - CONFIDING - dinner, after",mind,sub,nux-v,1,24
"CONFIDING, dinner, after","MIND - CONFIDING - dinner, after",mind,sub,phos,1,24
"CONFIDING, dinner, after","MIND - CONFIDING - dinner, after",mind,sub,plant,1,24
"CONFIDING, dinner, after","MIND - CONFIDING - dinner, after",mind,sub,tab,1,24
"CONFIDING, dinner, after","MIND - CONFIDING - dinner, after",mind,sub,thuj,1,24
"CONFIDING, dream, as if in","MIND - CONFIDING - dream, as if in",mind,sub,arn,2,24
"CONFIDING, dream, as if in","MIND - CONFIDING - dream, as if in",mind,sub,bell,1,24
"CONFIDING, dream, as if in","MIND - CONFIDING - dream, as if in",mind,sub,aur-i,1,24
"CONFIDING, dream, as if in","MIND - CONFIDING - dream, as if in",mind,sub,cann-s,1,24
"CONFIDING, dream, as if in","MIND - CONFIDING - dream, as if in",mind,sub,carb-v,1,24
"CONFIDING, dream, as if in","MIND - CONFIDING - dream, as if in",mind,sub,cham,1,24
"CONFIDING, dream, as if in","MIND - CONFIDING - dream, as if in",mind,sub,chin,1,24
"CONFIDING, dream, as if in","MIND - CONFIDING - dream, as if in",mind,sub,grat,1,24
"CONFIDING, dream, as if in","MIND - CONFIDING - dream, as if in",mind,sub,guaj,1,24
"CONFIDING, dream, as if in","MIND - CONFIDING - dream, as if in",mind,sub,ign,1,24
"CONFIDING, dream, as if in (cont.)","MIND - CONFIDING - dream, as if in (cont.)",mind,sub,lac,1,25
"CONFIDING, dream, as if in (cont.)","MIND - CONFIDING - dream, as if in (cont.)",mind,sub,mez,1,25
"CONFIDING, dream, as if in (cont.)","MIND - CONFIDING - dream, as if in (cont.)",mind,sub,phos,1,25
"CONFIDING, dream, as if in (cont.)","MIND - CONFIDING - dream, as if in (cont.)",mind,sub,rhus-t,1,25
"CONFIDING, dream, as if in (cont.)","MIND - CONFIDING - dream, as if in (cont.)",mind,sub,sep,1,25
"CONFIDING, dream, as if in (cont.)","MIND - CONFIDING - dream, as if in (cont.)",mind,sub,spig,1,25
"CONFIDING, dream, as if in (cont.)","MIND - CONFIDING - dream, as if in (cont.)",mind,sub,squil,1,25
"CONFIDING, dream, as if in (cont.)","MIND - CONFIDING - dream, as if in (cont.)",mind,sub,sulph,1,25
"CONFIDING, dream, as if in (cont.)","MIND - CONFIDING - dream, as if in (cont.)",mind,sub,thuj,1,25
"CONFIDING, dream, as if in (cont.)","MIND - CONFIDING - dream, as if in (cont.)",mind,sub,zinc,1,25
"CONFIDING, drinking, after","MIND - CONFIDING - drinking, after",mind,sub,bell,2,25
"CONFIDING, drinking, after","MIND - CONFIDING - drinking, after",mind,sub,bry,1,25
"CONFIDING, drinking, after","MIND - CONFIDING - drinking, after",mind,sub,coce,2,25
"CONFIDING, drinking, after","MIND - CONFIDING - drinking, after",mind,sub,con,1,25
"CONFIDING, eating, after","MIND - CONFIDING - eating, after",mind,sub,agar,2,25
"CONFIDING, eating, after","MIND - CONFIDING - eating, after",mind,sub,ambr,1,25
"CONFIDING, eating, after","MIND - CONFIDING - eating, after",mind,sub,apis,1,25
"CONFIDING, eating, after","MIND - CONFIDING - eating, after",mind,sub,aran,1,25
"CONFIDING, eating, after","MIND - CONFIDING - eating, after",mind,sub,arg-n,1,25
"CONFIDING, eating, after","MIND - CONFIDING - eating, after",mind,sub,bell,1,25
"CONFIDING, eating, after","MIND - CONFIDING - eating, after",mind,sub,bufo,1,25
"CONFIDING, eating, after","MIND - CONFIDING - eating, after",mind,sub,calc,1,25
"CONFIDING, eating, after","MIND - CONFIDING - eating, after",mind,sub,carb-v,1,25
"CONFIDING, eating, after","MIND - CONFIDING - eating, after",mind,sub,cic,1,25
"CONFIDING, eating, after","MIND - CONFIDING - eating, after",mind,sub,crot-t,1,25
"CONFIDING, eating, after","MIND - CONFIDING - eating, after",mind,sub,grat,1,25
"CONFIDING, eating, after","MIND - CONFIDING - eating, after",mind,sub,hyos,1,25
"CONFIDING, eating, after","MIND - CONFIDING - eating, after",mind,sub,lach,1,25
"CONFIDING, eating, after","MIND - CONFIDING - eating, after",mind,sub,led,1,25
"CONFIDING, eating, after","MIND - CONFIDING - eating, after",mind,sub,lob,1,25
"CONFIDING, eating, after","MIND - CONFIDING - eating, after",mind,sub,lyc,1,25
"CONFIDING, eating, after","MIND - CONFIDING - eating, after",mind,sub,mag-m,1,25
"CONFIDING, eating, after","MIND - CONFIDING - eating, after",mind,sub,mez,1,25
"CONFIDING, eating, after","MIND - CONFIDING - eating, after",mind,sub,nat-c,1,25
"CONFIDING, eating, after","MIND - CONFIDING - eating, after",mind,sub,nat-m,1,25
"CONFIDING, eating, after","MIND - CONFIDING - eating, after",mind,sub,nux-v,1,25
"CONFIDING, eating, after","MIND - CONFIDING - eating, after",mind,sub,petr,1,25
"CONFIDING, eating, after","MIND - CONFIDING - eating, after",mind,sub,phos,1,25
"CONFIDING, eating, after","MIND - CONFIDING - eating, after",mind,sub,plat,1,25
"CONFIDING, eating, after","MIND - CONFIDING - eating, after",mind,sub,puls,1,25
"CONFIDING, eating, after","MIND - CONFIDING - eating, after",mind,sub,rhus-t,1,25
"CONFIDING, eating, after","MIND - CONFIDING - eating, after",mind,sub,sabad,1,25
"CONFIDING, eating, after","MIND - CONFIDING - eating, after",mind,sub,sec,1,25
"CONFIDING, eating, after","MIND - CONFIDING - eating, after",mind,sub,sep,1,25
"CONFIDING, eating, after","MIND - CONFIDING - eating, after",mind,sub,sil,1,25
"CONFIDING, eating, after","MIND - CONFIDING - eating, after",mind,sub,thuj,1,25
"CONFIDING, eating, after","MIND - CONFIDING - eating, after",mind,sub,viol-t,1,25
"CONFIDING, eating, amel","MIND - CONFIDING - eating, amel",mind,sub,agar,2,25
"CONFIDING, eating, amel","MIND - CONFIDING - eating, amel",mind,sub,ferr-p,1,25
"CONFIDING, eating, amel","MIND - CONFIDING - eating, amel",mind,sub,sulph,1,25
"CONFIDING, emissions, after","MIND - CONFIDING - emissions, after",mind,sub,selen,2,25
"CONFIDING, epistaxis, amel","MIND - CONFIDING - epistaxis, amel",mind,sub,carb-an,2,25
"CONFIDING, epistaxis, amel","MIND - CONFIDING - epistaxis, amel",mind,sub,cham,1,25
"CONFIDING, eructations, amel","MIND - CONFIDING - eructations, amel",mind,sub,bry,2,25
"CONFIDING, eructations, amel","MIND - CONFIDING - eructations, amel",mind,sub,gent-c,1,25
"CONFIDING, eructations, amel","MIND - CONFIDING - eructations, amel",mind,sub,sang,1,25
"CONFIDING, hat, putting on, agg","MIND - CONFIDING - hat, putting on, agg",mind,sub,calc-p,2,25
"CONFIDING, hat, putting on, agg","MIND - CONFIDING - hat, putting on, agg",mind,sub,ferr-i,1,25
"CONFIDING, heat, during the","MIND - CONFIDING - heat, during the",mind,sub,alum,2,25
"CONFIDING, heat, during the","MIND - CONFIDING - heat, during the",mind,sub,arg-m,1,25
"CONFIDING, heat, during the","MIND - CONFIDING - heat, during the",mind,sub,bapt,1,25
"CONFIDING, heat, during the","MIND - CONFIDING - heat, during the",mind,sub,bry,1,25
"CONFIDING, heat, during the","MIND - CONFIDING - heat, during the",mind,sub,camph,1,25
"CONFIDING, heat, during the","MIND - CONFIDING - heat, during the",mind,sub,cham,1,25
"CONFIDING, heat, during the","MIND - CONFIDING - heat, during the",mind,sub,chin,1,25
"CONFIDING, heat, during the","MIND - CONFIDING - heat, during the",mind,sub,coc-c,1,25
"CONFIDING, heat, during the","MIND - CONFIDING - heat, during the",mind,sub,coloc,1,25
"CONFIDING, heat, during the","MIND - CONFIDING - heat, during the",mind,sub,dros,1,25
"CONFIDING, heat, during the","MIND - CONFIDING - heat, during the",mind,sub,ayos,2,25
"CONFIDING, heat, during the","MIND - CONFIDING - heat, during the",mind,sub,ign,1,25
"CONFIDING, heat, during the","MIND - CONFIDING - heat, during the",mind,sub,ip,1,25
"CONFIDING, heat, during the","MIND - CONFIDING - heat, during the",mind,sub,laur,1,25
"CONFIDING, heat, during the","MIND - CONFIDING - heat, during the",mind,sub,nat-c,1,25
"CONFIDING, heat, during the","MIND - CONFIDING - heat, during the",mind,sub,op,1,25
"CONFIDING, heat, during the","MIND - CONFIDING - heat, during the",mind,sub,phos,1,25
"CONFIDING, heat, during the","MIND - CONFIDING - heat, during the",mind,sub,puls,1,25
"CONFIDING, heat, during the","MIND - CONFIDING - heat, during the",mind,sub,sep,1,25
"CONFIDING, heat, during the","MIND - CONFIDING - heat, during the",mind,sub,thuj,1,25
"CONFIDING, heat, during the","MIND - CONFIDING - heat, during the",mind,sub,valer,1,25
"CONFIDING, heat, during the","MIND - CONFIDING - heat, during the",mind,sub,verat,1,25
"CONFIDING, identity, as to his","MIND - CONFIDING - identity, as to his",mind,sub,alum,2,25
"CONFIDING, identity, as to his","MIND - CONFIDING - identity, as to his",mind,sub,ant-c,1,25
"CONFIDING, identity, as to his","MIND - CONFIDING - identity, as to his",mind,sub,bapt,1,25
"CONFIDING, identity, as to his","MIND - CONFIDING - identity, as to his",mind,sub,cann-s,1,25
"CONFIDING, identity, as to his","MIND - CONFIDING - identity, as to his",mind,sub,kali-br,1,25
"CONFIDING, identity, as to his","MIND - CONFIDING - identity, as to his",mind,sub,lach,1,25
"CONFIDING, identity, as to his","MIND - CONFIDING - identity, as to his",mind,sub,med,1,25
"CONFIDING, identity, as to his","MIND - CONFIDING - identity, as to his",mind,sub,petr,1,25
"CONFIDING, identity, as to his","MIND - CONFIDING - identity, as to his",mind,sub,phos,1,25
"CONFIDING, identity, as to his","MIND - CONFIDING - identity, as to his",mind,sub,plb,1,25
"CONFIDING, identity, as to his","MIND - CONFIDING - identity, as to his",mind,sub,pyrus,1,25
"CONFIDING, identity, as to his","MIND - CONFIDING - identity, as to his",mind,sub,stram,1,25
"CONFIDING, identity, as to his","MIND - CONFIDING - identity, as to his",mind,sub,sulph,1,25
"CONFIDING, identity, as to his","MIND - CONFIDING - identity, as to his",mind,sub,thuj,1,25
"CONFIDING, identity, as to his","MIND - CONFIDING - identity, as to his",mind,sub,valer,1,25
"CONFIDING, interruption, from","MIND - CONFIDING - interruption, from",mind,sub,berb,2,25
"CONFIDING, interruption, from","MIND - CONFIDING - interruption, from",mind,sub,mez,1,25
"CONFIDING, intoxicated, as if","MIND - CONFIDING - intoxicated, as if",mind,sub,acon,2,25
"CONFIDING, intoxicated, as if","MIND - CONFIDING - intoxicated, as if",mind,sub,amyg,1,25
"CONFIDING, intoxicated, as if","MIND - CONFIDING - intoxicated, as if",mind,sub,aran,1,25
"CONFIDING, intoxicated, as if","MIND - CONFIDING - intoxicated, as if",mind,sub,anar,1,25
"CONFIDING, intoxicated, as if","MIND - CONFIDING - intoxicated, as if",mind,sub,asar,1,25
"CONFIDING, intoxicated, as if","MIND - CONFIDING - intoxicated, as if",mind,sub,bapt,2,25
"CONFIDING, intoxicated, as if","MIND - CONFIDING - intoxicated, as if",mind,sub,bell,1,25
"CONFIDING, intoxicated, as if","MIND - CONFIDING - intoxicated, as if",mind,sub,bufo,1,25
"CONFIDING, intoxicated, as if","MIND - CONFIDING - intoxicated, as if",mind,sub,carb-o,1,25
"CONFIDING, intoxicated, as if","MIND - CONFIDING - intoxicated, as if",mind,sub,carb-s,2,25
"CONFIDING, intoxicated, as if","MIND - CONFIDING - intoxicated, as if",mind,sub,carb-v,1,25
"CONFIDING, intoxicated, as if","MIND - CONFIDING - intoxicated, as if",mind,sub,chin-s,1,25
"CONFIDING, intoxicated, as if","MIND - CONFIDING - intoxicated, as if",mind,sub,dig,1,25
"CONFIDING, intoxicated, as if","MIND - CONFIDING - intoxicated, as if",mind,sub,glon,2,25
"CONFIDING, intoxicated, as if","MIND - CONFIDING - intoxicated, as if",mind,sub,graph,1,25
"CONFIDING, intoxicated, as if","MIND - CONFIDING - intoxicated, as if",mind,sub,grat,1,25
"CONFIDING, intoxicated, as if","MIND - CONFIDING - intoxicated, as if",mind,sub,ign,1,25
"CONFIDING, intoxicated, as if","MIND - CONFIDING - intoxicated, as if",mind,sub,kali-n,1,25
"CONFIDING, intoxicated, as if","MIND - CONFIDING - intoxicated, as if",mind,sub,laur,1,25
"CONFIDING, intoxicated, as if","MIND - CONFIDING - intoxicated, as if",mind,sub,lyc,1,25
"CONFIDING, intoxicated, as if","MIND - CONFIDING - intoxicated, as if",mind,sub,nux-m,1,25
"CONFIDING, intoxicated, as if","MIND - CONFIDING - intoxicated, as if",mind,sub,nux-v,1,25
"CONFIDING, intoxicated, as if","MIND - CONFIDING - intoxicated, as if",mind,sub,phel,1,25
"CONFIDING, intoxicated, as if","MIND - CONFIDING - intoxicated, as if",mind,sub,ph-ac,1,25
"CONFIDING, intoxicated, as if","MIND - CONFIDING - intoxicated, as if",mind,sub,phos,1,25
"CONFIDING, intoxicated, as if","MIND - CONFIDING - intoxicated, as if",mind,sub,plat,1,25
"CONFIDING, intoxicated, as if","MIND - CONFIDING - intoxicated, as if",mind,sub,stram,1,25
"CONFIDING, as after being",MIND - CONFIDING - as after being,mind,sub,acon,2,25
"CONFIDING, as after being",MIND - CONFIDING - as after being,mind,sub,am-m,1,25
"CONFIDING, as after being",MIND - CONFIDING - as after being,mind,sub,apis,1,25
"CONFIDING, as after being",MIND - CONFIDING - as after being,mind,sub,arg-n,1,25
"CONFIDING, as after being",MIND - CONFIDING - as after being,mind,sub,arn,1,25
"CONFIDING, as after being",MIND - CONFIDING - as after being,mind,sub,bell,1,25
"CONFIDING, as after being",MIND - CONFIDING - as after being,mind,sub,bry,1,25
"CONFIDING, as after being",MIND - CONFIDING - as after being,mind,sub,carb-v,1,25
"CONFIDING, as after being",MIND - CONFIDING - as after being,mind,sub,cham,1,25
"CONFIDING, as after being",MIND - CONFIDING - as after being,mind,sub,chin,1,25
"CONFIDING, as after being",MIND - CONFIDING - as after being,mind,sub,clem,1,25
"CONFIDING, as after being",MIND - CONFIDING - as after being,mind,sub,cocc,1,25
"CONFIDING, as after being",MIND - CONFIDING - as after being,mind,sub,coff,1,25
"CONFIDING, as after being",MIND - CONFIDING - as after being,mind,sub,dig,2,25
"CONFIDING, as after being",MIND - CONFIDING - as after being,mind,sub,glon,1,25
"CONFIDING, as after being",MIND - CONFIDING - as after being,mind,sub,graph,1,25
"CONFIDING, as after being",MIND - CONFIDING - as after being,mind,sub,hell,1,25
"CONFIDING, as after being",MIND - CONFIDING - as after being,mind,sub,hyos,1,25
"CONFIDING, as after being",MIND - CONFIDING - as after being,mind,sub,kali-bi,1,25
"CONFIDING, as after being",MIND - CONFIDING - as after being,mind,sub,kali-c,1,25
"CONFIDING, as after being",MIND - CONFIDING - as after being,mind,sub,kali-i,1,25
"CONFIDING, as after being",MIND - CONFIDING - as after being,mind,sub,lach,2,25
"CONFIDING, as after being",MIND - CONFIDING - as after being,mind,sub,lyss,1,25
"CONFIDING, as after being",MIND - CONFIDING - as after being,mind,sub,mag-m,1,25
"CONFIDING, as after being",MIND - CONFIDING - as after being,mind,sub,mez,1,25
"CONFIDING, as after being",MIND - CONFIDING - as after being,mind,sub,nat-m,1,25
"CONFIDING, as after being",MIND - CONFIDING - as after being,mind,sub,nux-v,1,25
"CONFIDING, as after being",MIND - CONFIDING - as after being,mind,sub,olnd,1,25
"CONFIDING, as after being",MIND - CONFIDING - as after being,mind,sub,op,1,25
"CONFIDING, as after being",MIND - CONFIDING - as after being,mind,sub,petr,1,25
"CONFIDING, as after being",MIND - CONFIDING - as after being,mind,sub,phos,1,25
"CONFIDING, as after being",MIND - CONFIDING - as after being,mind,sub,plat,1,25
"CONFIDING, as after being",MIND - CONFIDING - as after being,mind,sub,puls,1,25
"CONFIDING, as after being",MIND - CONFIDING - as after being,mind,sub,rhus-t,1,25
"CONFIDING, as after being",MIND - CONFIDING - as after being,mind,sub,sabad,1,25
"CONFIDING, as after being",MIND - CONFIDING - as after being,mind,sub,sep,1,25
"CONFIDING, as after being",MIND - CONFIDING - as after being,mind,sub,sil,1,25
"CONFIDING, as after being",MIND - CONFIDING - as after being,mind,sub,stram,1,25
"CONFIDING, as after being",MIND - CONFIDING - as after being,mind,sub,sulph,1,25
"CONFIDING, as after being",MIND - CONFIDING - as after being,mind,sub,valer,1,25
"CONFIDING, as after being",MIND - CONFIDING - as after being,mind,sub,zinc,1,25
"CONFIDING, laughing, agg","MIND - CONFIDING - laughing, agg",mind,sub,ther,2,25
"CONFIDING, loses his way in well-known streets",MIND - CONFIDING - loses his way in well-known streets,mind,sub,glon,2,25
"CONFIDING, loses his way in well-known streets",MIND - CONFIDING - loses his way in well-known streets,mind,sub,merc,1,25
"CONFIDING, loses his way in well-known streets",MIND - CONFIDING - loses his way in well-known streets,mind,sub,nux-m,1,25
"CONFIDING, loses his way in well-known streets",MIND - CONFIDING - loses his way in well-known streets,mind,sub,petr,1,25
"CONFIDING, loses his way in well-known streets",MIND - CONFIDING - loses his way in well-known streets,mind,sub,ran-b,1,25
"CONFIDING, loses his way in well-known streets",MIND - CONFIDING - loses his way in well-known streets,mind,sub,thuj,1,25
"CONFIDING, lying, when","MIND - CONFIDING - lying, when",mind,sub,brom,2,25
"CONFIDING, lying, when","MIND - CONFIDING - lying, when",mind,sub,bry,1,25
"CONFIDING, lying, when","MIND - CONFIDING - lying, when",mind,sub,carb-v,1,25
"CONFIDING, lying, when","MIND - CONFIDING - lying, when",mind,sub,cham,1,25
"CONFIDING, lying, when","MIND - CONFIDING - lying, when",mind,sub,grat,1,25
"CONFIDING, lying, when","MIND - CONFIDING - lying, when",mind,sub,lil-t,1,25
"CONFIDING, lying, when","MIND - CONFIDING - lying, when",mind,sub,mag-m,1,25
"CONFIDING, lying, when","MIND - CONFIDING - lying, when",mind,sub,merc,1,25
"CONFIDING, lying, when","MIND - CONFIDING - lying, when",mind,sub,rhus-r,1,25
"CONFIDING, lying, when","MIND - CONFIDING - lying, when",mind,sub,sep,1,25
"CONFIDING, menses, before","MIND - CONFIDING - menses, before",mind,sub,cimic,2,25
"CONFIDING, menses, before","MIND - CONFIDING - menses, before",mind,sub,sep,1,25
"CONFIDING, menses, during","MIND - CONFIDING - menses, during",mind,sub,am-c,2,25
"CONFIDING, menses, during","MIND - CONFIDING - menses, during",mind,sub,cimic,1,25
"CONFIDING, menses, during","MIND - CONFIDING - menses, during",mind,sub,cocc,1,25
"CONFIDING, menses, during","MIND - CONFIDING - menses, during",mind,sub,lyc,1,25
"CONFIDING, menses, during","MIND - CONFIDING - menses, during",mind,sub,phos,1,25
"CONFIDING, after",MIND - CONFIDING - after,mind,sub,graph,2,25
"CONFIDING, after",MIND - CONFIDING - after,mind,sub,nat-m,1,25
"CONFIDING, mental exertion, from","MIND - CONFIDING - mental exertion, from",mind,sub,ang,2,25
"CONFIDING, mental exertion, from","MIND - CONFIDING - mental exertion, from",mind,sub,ant-t,1,25
"CONFIDING, mental exertion, from","MIND - CONFIDING - mental exertion, from",mind,sub,apis,1,25
"CONFIDING, mental exertion, from","MIND - CONFIDING - mental exertion, from",mind,sub,carb-v,1,25
"CONFIDING, mental exertion, from","MIND - CONFIDING - mental exertion, from",mind,sub,calc-s,1,25
"CONFIDING, mental exertion, from","MIND - CONFIDING - mental exertion, from",mind,sub,caust,1,25
"CONFIDING, mental exertion, from","MIND - CONFIDING - mental exertion, from",mind,sub,cham,1,25
"CONFIDING, mental exertion, from","MIND - CONFIDING - mental exertion, from",mind,sub,cupr,1,25
"CONFIDING, mental exertion, from","MIND - CONFIDING - mental exertion, from",mind,sub,dros,1,25
"CONFIDING, mental exertion, from","MIND - CONFIDING - mental exertion, from",mind,sub,graph,1,25
"CONFIDING, mental exertion, from","MIND - CONFIDING - mental exertion, from",mind,sub,hep,1,25
"CONFIDING, mental exertion, from","MIND - CONFIDING - mental exertion, from",mind,sub,iod,1,25
"CONFIDING, mental exertion, from","MIND - CONFIDING - mental exertion, from",mind,sub,laur,1,25
"CONFIDING, mental exertion, from","MIND - CONFIDING - mental exertion, from",mind,sub,lyc,1,25
"CONFIDING, mental exertion, from","MIND - CONFIDING - mental exertion, from",mind,sub,mag-c,1,25
"CONFIDING, mental exertion, from","MIND - CONFIDING - mental exertion, from",mind,sub,mez,1,25
"CONFIDING, mental exertion, from","MIND - CONFIDING - mental exertion, from",mind,sub,nat-m,2,25
"CONFIDING, mental exertion, from","MIND - CONFIDING - mental exertion, from",mind,sub,nat-p,1,25
"CONFIDING, mental exertion, from","MIND - CONFIDING - mental exertion, from",mind,sub,nit-ac,1,25
"CONFIDING, mental exertion, from","MIND - CONFIDING - mental exertion, from",mind,sub,nux-m,1,25
"CONFIDING, mental exertion, from","MIND - CONFIDING - mental exertion, from",mind,sub,nux-v,2,25
"CONFIDING, mental exertion, from","MIND - CONFIDING - mental exertion, from",mind,sub,ph-ac,1,25
"CONFIDING, mental exertion, from","MIND - CONFIDING - mental exertion, from",mind,sub,phos,1,25
"CONFIDING, mental exertion, from","MIND - CONFIDING - mental exertion, from",mind,sub,ptel,1,25
"CONFIDING, mental exertion, from","MIND - CONFIDING - mental exertion, from",mind,sub,puls,1,25
"CONFIDING, mental exertion, from","MIND - CONFIDING - mental exertion, from",mind,sub,rhus-t,1,25
"CONFIDING, mental exertion, from","MIND - CONFIDING - mental exertion, from",mind,sub,ruta,1,25
"CONFIDING, mental exertion, from","MIND - CONFIDING - mental exertion, from",mind,sub,sars,1,25
"CONFIDING, mental exertion, from","MIND - CONFIDING - mental exertion, from",mind,sub,sep,1,25
"CONFIDING, mental exertion, from","MIND - CONFIDING - mental exertion, from",mind,sub,sil,2,25
"CONFIDING, mental exertion, from","MIND - CONFIDING - mental exertion, from",mind,sub,spig,1,25
"CONFIDING, mental exertion, from","MIND - CONFIDING - mental exertion, from",mind,sub,stann,1,25
"CONFIDING, mental exertion, from","MIND - CONFIDING - mental exertion, from",mind,sub,sulph,1,25
"CONFIDING, mental exertion, from","MIND - CONFIDING - mental exertion, from",mind,sub,thuj,1,25
"CONFIDING, mental exertion, from","MIND - CONFIDING - mental exertion, from",mind,sub,valer,1,25
"CONFIDING, mental exertion, from","MIND - CONFIDING - mental exertion, from",mind,sub,zinc,1,25
"CONFIDING, motion, from","MIND - CONFIDING - motion, from",mind,sub,acon,2,25
"CONFIDING, motion, from","MIND - CONFIDING - motion, from",mind,sub,ambr,2,25
"CONFIDING, motion, from","MIND - CONFIDING - motion, from",mind,sub,bell,1,25
"CONFIDING, motion, from","MIND - CONFIDING - motion, from",mind,sub,bry,1,25
"CONFIDING, motion, from","MIND - CONFIDING - motion, from",mind,sub,calc,1,25
"CONFIDING, motion, from","MIND - CONFIDING - motion, from",mind,sub,graph,1,25
"CONFIDING, motion, from","MIND - CONFIDING - motion, from",mind,sub,lach,1,25
"CONFIDING, motion, from","MIND - CONFIDING - motion, from",mind,sub,ed,1,25
"CONFIDING, motion, from","MIND - CONFIDING - motion, from",mind,sub,pyrog,1,25
"CONFIDING, motion, from","MIND - CONFIDING - motion, from",mind,sub,sulph,1,25
"CONFIDING, motion, amel","MIND - CONFIDING - motion, amel",mind,sub,ferr-p,2,25
"CONFIDING, motion, amel","MIND - CONFIDING - motion, amel",mind,sub,sulph,1,25
"CONFIDING, reading, while","MIND - CONFIDING - reading, while",mind,sub,agar,2,25
"CONFIDING, reading, while","MIND - CONFIDING - reading, while",mind,sub,agn,1,25
"CONFIDING, reading, while","MIND - CONFIDING - reading, while",mind,sub,alum,1,25
"CONFIDING, reading, while","MIND - CONFIDING - reading, while",mind,sub,ambr,1,25
"CONFIDING, reading, while","MIND - CONFIDING - reading, while",mind,sub,ang,1,25
"CONFIDING, reading, while","MIND - CONFIDING - reading, while",mind,sub,apis,1,25
"CONFIDING, reading, while","MIND - CONFIDING - reading, while",mind,sub,calc,1,25
"CONFIDING, reading, while","MIND - CONFIDING - reading, while",mind,sub,cocc,1,25
"CONFIDING, reading, while","MIND - CONFIDING - reading, while",mind,sub,ferr-i,1,25
"CONFIDING, reading, while","MIND - CONFIDING - reading, while",mind,sub,lil-t,1,25
"CONFIDING, reading, while","MIND - CONFIDING - reading, while",mind,sub,lyc,1,25
"CONFIDING, reading, while","MIND - CONFIDING - reading, while",mind,sub,nat-m,1,25
"CONFIDING, reading, while","MIND - CONFIDING - reading, while",mind,sub,ph-ac,1,25
"CONFIDING, if he attempts to understand it",MIND - CONFIDING - if he attempts to understand it,mind,sub,olnd,2,25
"CONFIDING, riding, while","MIND - CONFIDING - riding, while",mind,sub,bry,2,25
"CONFIDING, riding, while","MIND - CONFIDING - riding, while",mind,sub,sil,1,25
"CONFIDING, rising, after","MIND - CONFIDING - rising, after",mind,sub,alum,2,25
"CONFIDING, rising, after","MIND - CONFIDING - rising, after",mind,sub,aur,1,25
"CONFIDING, rising, after","MIND - CONFIDING - rising, after",mind,sub,bell,1,25
"CONFIDING, rising, after","MIND - CONFIDING - rising, after",mind,sub,bov,1,25
"CONFIDING, rising, after","MIND - CONFIDING - rising, after",mind,sub,bry,1,25
"CONFIDING, rising, after","MIND - CONFIDING - rising, after",mind,sub,kali-c,1,25
"CONFIDING, rising, after","MIND - CONFIDING - rising, after",mind,sub,laur,1,25
"CONFIDING, rising, after","MIND - CONFIDING - rising, after",mind,sub,merc,1,25
"CONFIDING, rising, after","MIND - CONFIDING - rising, after",mind,sub,nat-m,1,25
"CONFIDING, rising, after","MIND - CONFIDING - rising, after",mind,sub,nat-s,1,25
"CONFIDING, rising, after","MIND - CONFIDING - rising, after",mind,sub,phos,1,25
"CONFIDING, rising, after","MIND - CONFIDING - rising, after",mind,sub,rhod,1,25
"CONFIDING, sitting, while","MIND - CONFIDING - sitting, while",mind,sub,am-c,2,25
"CONFIDING, sitting, while","MIND - CONFIDING - sitting, while",mind,sub,asaf,1,25
"CONFIDING, sitting, while","MIND - CONFIDING - sitting, while",mind,sub,asar,1,25
"CONFIDING, sitting, while","MIND - CONFIDING - sitting, while",mind,sub,bar-c,1,25
"CONFIDING, sitting, while","MIND - CONFIDING - sitting, while",mind,sub,bell,1,25
"CONFIDING, sitting, while","MIND - CONFIDING - sitting, while",mind,sub,calc,1,25
"CONFIDING, sitting, while","MIND - CONFIDING - sitting, while",mind,sub,carb-an,1,25
"CONFIDING, sitting, while","MIND - CONFIDING - sitting, while",mind,sub,caust,1,25
"CONFIDING, sitting, while","MIND - CONFIDING - sitting, while",mind,sub,cic,1,25
"CONFIDING, sitting, while","MIND - CONFIDING - sitting, while",mind,sub,colch,1,25
"CONFIDING, sitting, while","MIND - CONFIDING - sitting, while",mind,sub,kali-c,1,25
"CONFIDING, sitting, while","MIND - CONFIDING - sitting, while",mind,sub,mang,1,25
"CONFIDING, sitting, while","MIND - CONFIDING - sitting, while",mind,sub,merc,1,25
"CONFIDING, sitting, while","MIND - CONFIDING - sitting, while",mind,sub,nat-c,1,25
"CONFIDING, sitting, while","MIND - CONFIDING - sitting, while",mind,sub,nat-m,1,25
"CONFIDING, sitting, while","MIND - CONFIDING - sitting, while",mind,sub,nit-ac,1,25
"CONFIDING, sitting, while","MIND - CONFIDING - sitting, while",mind,sub,op,1,25
"CONFIDING, sitting, while","MIND - CONFIDING - sitting, while",mind,sub,phos,1,25
"CONFIDING, sitting, while","MIND - CONFIDING - sitting, while",mind,sub,phyt,1,25
"CONFIDING, sitting, while","MIND - CONFIDING - sitting, while",mind,sub,puls,1,25
"CONFIDING, sitting, while","MIND - CONFIDING - sitting, while",mind,sub,yhus-t,1,25
"CONFIDING, sitting, while","MIND - CONFIDING - sitting, while",mind,sub,stann,1,25
"CONFIDING, sitting, while","MIND - CONFIDING - sitting, while",mind,sub,sars,1,25
"CONFIDING, sitting, while","MIND - CONFIDING - sitting, while",mind,sub,sep,1,25
"CONFIDING, sitting, while","MIND - CONFIDING - sitting, while",mind,sub,sil,1,25
"CONFIDING, sitting, while","MIND - CONFIDING - sitting, while",mind,sub,spig,1,25
"CONFIDING, sitting, while","MIND - CONFIDING - sitting, while",mind,sub,sul-ac,1,25
"CONFIDING, sitting, while","MIND - CONFIDING - sitting, while",mind,sub,thuj,1,25
"CONFIDING, sitting, while","MIND - CONFIDING - sitting, while",mind,sub,valer,1,25
"CONFIDING, sleeping, after","MIND - CONFIDING - sleeping, after",mind,sub,ambr,2,25
"CONFIDING, sleeping, after","MIND - CONFIDING - sleeping, after",mind,sub,anac,1,25
"CONFIDING, sleeping, after","MIND - CONFIDING - sleeping, after",mind,sub,ars,1,25
"CONFIDING, sleeping, after","MIND - CONFIDING - sleeping, after",mind,sub,bry,1,25
"CONFIDING, sleeping, after","MIND - CONFIDING - sleeping, after",mind,sub,calc,1,25
"CONFIDING, sleeping, after","MIND - CONFIDING - sleeping, after",mind,sub,carb-v,1,25
"CONFIDING, sleeping, after","MIND - CONFIDING - sleeping, after",mind,sub,con,1,25
"CONFIDING, sleeping, after","MIND - CONFIDING - sleeping, after",mind,sub,graph,1,25
"CONFIDING, sleeping, after","MIND - CONFIDING - sleeping, after",mind,sub,hep,1,25
"CONFIDING, sleeping, after","MIND - CONFIDING - sleeping, after",mind,sub,lach,1,25
"CONFIDING, sleeping, after","MIND - CONFIDING - sleeping, after",mind,sub,op,1,25
"CONFIDING, sleeping, after","MIND - CONFIDING - sleeping, after",mind,sub,squil,1,25
"CONFIDING, after a siesta",MIND - CONFIDING - after a siesta,mind,sub,calc,2,25
"CONFIDING, after a siesta",MIND - CONFIDING - after a siesta,mind,sub,carb-v,1,25
"CONFIDING, after a siesta",MIND - CONFIDING - after a siesta,mind,sub,con,2,25
"CONFIDING, after a siesta",MIND - CONFIDING - after a siesta,mind,sub,phos,1,25
"CONFIDING, smoking, after","MIND - CONFIDING - smoking, after",mind,sub,alum,2,25
"CONFIDING, smoking, after","MIND - CONFIDING - smoking, after",mind,sub,bell,1,25
"CONFIDING, smoking, after","MIND - CONFIDING - smoking, after",mind,sub,ferr-1,1,25
"CONFIDING, smoking, after","MIND - CONFIDING - smoking, after",mind,sub,gels,1,25
"CONFIDING, smoking, after","MIND - CONFIDING - smoking, after",mind,sub,petr,1,25
"CONFIDING, smoking, after","MIND - CONFIDING - smoking, after",mind,sub,thu,1,25
"CONFIDING, spirituous liquors, from","MIND - CONFIDING - spirituous liquors, from",mind,sub,alum,2,25
"CONFIDING, spirituous liquors, from","MIND - CONFIDING - spirituous liquors, from",mind,sub,bell,1,25
"CONFIDING, spirituous liquors, from","MIND - CONFIDING - spirituous liquors, from",mind,sub,bov,1,25
"CONFIDING, spirituous liquors, from","MIND - CONFIDING - spirituous liquors, from",mind,sub,con,1,25
"CONFIDING, spirituous liquors, from","MIND - CONFIDING - spirituous liquors, from",mind,sub,cor-r,1,25
"CONFIDING, spirituous liquors, from","MIND - CONFIDING - spirituous liquors, from",mind,sub,nux-v,2,25
"CONFIDING, spirituous liquors, from","MIND - CONFIDING - spirituous liquors, from",mind,sub,petr,1,25
"CONFIDING, spirituous liquors, from","MIND - CONFIDING - spirituous liquors, from",mind,sub,stront,1,25
"CONFIDING, spoken to, when","MIND - CONFIDING - spoken to, when",mind,sub,sep,2,25
"CONFIDING, standing, while","MIND - CONFIDING - standing, while",mind,sub,bov,2,25
"CONFIDING, standing, while","MIND - CONFIDING - standing, while",mind,sub,bry,1,25
"CONFIDING, standing, while","MIND - CONFIDING - standing, while",mind,sub,cic,1,25
"CONFIDING, standing, while","MIND - CONFIDING - standing, while",mind,sub,grat,1,25
"CONFIDING, standing, while","MIND - CONFIDING - standing, while",mind,sub,lith,1,25
"CONFIDING, standing, while","MIND - CONFIDING - standing, while",mind,sub,plb,1,25
"CONFIDING, standing, while","MIND - CONFIDING - standing, while",mind,sub,staph,1,25
"CONFIDING, standing, while","MIND - CONFIDING - standing, while",mind,sub,thuj,1,25
"CONFIDING, standing, while","MIND - CONFIDING - standing, while",mind,sub,verat,1,25
"CONFIDING, stool, amel","MIND - CONFIDING - stool, amel",mind,sub,bor,2,25
"CONFIDING, stool, amel","MIND - CONFIDING - stool, amel",mind,sub,mag-s,1,25
"CONFIDING, stool, amel","MIND - CONFIDING - stool, amel",mind,sub,nat-s,1,25
"CONFIDING, stooping, when","MIND - CONFIDING - stooping, when",mind,sub,bov,2,26
"CONFIDING, stooping, when","MIND - CONFIDING - stooping, when",mind,sub,calc,1,26
"CONFIDING, stooping, when","MIND - CONFIDING - stooping, when",mind,sub,caust,1,26
"CONFIDING, stooping, when","MIND - CONFIDING - stooping, when",mind,sub,coloc,1,26
"CONFIDING, stooping, when","MIND - CONFIDING - stooping, when",mind,sub,comn,1,26
"CONFIDING, stooping, when","MIND - CONFIDING - stooping, when",mind,sub,hell,1,26
"CONFIDING, stooping, when","MIND - CONFIDING - stooping, when",mind,sub,nat-m,1,26
"CONFIDING, stooping, when","MIND - CONFIDING - stooping, when",mind,sub,nit-ac,1,26
"CONFIDING, stooping, when","MIND - CONFIDING - stooping, when",mind,sub,phos,1,26
"CONFIDING, stooping, when","MIND - CONFIDING - stooping, when",mind,sub,spig,1,26
"CONFIDING, stooping, when","MIND - CONFIDING - stooping, when",mind,sub,valer,1,26
"CONFIDING, stooping, when","MIND - CONFIDING - stooping, when",mind,sub,vinc,1,26
"CONFIDING, stooping, amel","MIND - CONFIDING - stooping, amel",mind,sub,verat,2,26
"CONFIDING, sun, in the","MIND - CONFIDING - sun, in the",mind,sub,nat-c,2,26
"CONFIDING, sun, in the","MIND - CONFIDING - sun, in the",mind,sub,nux-v,1,26
"CONFIDING, talking, while","MIND - CONFIDING - talking, while",mind,sub,nat-m,2,26
"CONFIDING, talking, while","MIND - CONFIDING - talking, while",mind,sub,staph,1,26
"CONFIDING, talking, while","MIND - CONFIDING - talking, while",mind,sub,thuj,1,26
"CONFIDING, talking, while","MIND - CONFIDING - talking, while",mind,sub,confusion,3,26
"CONFIDING, talking, while","MIND - CONFIDING - talking, while",mind,sub,continued,1,26
"CONFIDING, talking, while","MIND - CONFIDING - talking, while",mind,sub,thinking,1,26
"CONFIDING, talking, while","MIND - CONFIDING - talking, while",mind,sub,through,1,26
"CONFIDING, talking, while","MIND - CONFIDING - talking, while",mind,sub,writing,1,26
"CONFIDING, thinking of it agg",MIND - CONFIDING - thinking of it agg,mind,sub,hell,2,26
"CONFIDING, thinking of it agg",MIND - CONFIDING - thinking of it agg,mind,sub,olnd,1,26
"CONFIDING, urination, amel","MIND - CONFIDING - urination, amel",mind,sub,tereb,2,26
"CONFIDING, vexation, after","MIND - CONFIDING - vexation, after",mind,sub,nux-v,2,26
"CONFIDING, waking, on","MIND - CONFIDING - waking, on",mind,sub,acon,2,26
"CONFIDING, waking, on","MIND - CONFIDING - waking, on",mind,sub,esc,1,26
"CONFIDING, waking, on","MIND - CONFIDING - waking, on",mind,sub,agar,1,26
"CONFIDING, waking, on","MIND - CONFIDING - waking, on",mind,sub,ambr,1,26
"CONFIDING, waking, on","MIND - CONFIDING - waking, on",mind,sub,anac,1,26
"CONFIDING, waking, on","MIND - CONFIDING - waking, on",mind,sub,ant-t,1,26
"CONFIDING, waking, on","MIND - CONFIDING - waking, on",mind,sub,ars,1,26
"CONFIDING, waking, on","MIND - CONFIDING - waking, on",mind,sub,bar-c,1,26
"CONFIDING, waking, on","MIND - CONFIDING - waking, on",mind,sub,berb,1,26
"CONFIDING, waking, on","MIND - CONFIDING - waking, on",mind,sub,bry,1,26
"CONFIDING, waking, on","MIND - CONFIDING - waking, on",mind,sub,calad,1,26
"CONFIDING, waking, on","MIND - CONFIDING - waking, on",mind,sub,calc,1,26
"CONFIDING, waking, on","MIND - CONFIDING - waking, on",mind,sub,calc-p,1,26
"CONFIDING, waking, on","MIND - CONFIDING - waking, on",mind,sub,caps,1,26
"CONFIDING, waking, on","MIND - CONFIDING - waking, on",mind,sub,carb-v,1,26
"CONFIDING, waking, on","MIND - CONFIDING - waking, on",mind,sub,cham,1,26
"CONFIDING, waking, on","MIND - CONFIDING - waking, on",mind,sub,chel,1,26
"CONFIDING, waking, on","MIND - CONFIDING - waking, on",mind,sub,chin,1,26
"CONFIDING, waking, on","MIND - CONFIDING - waking, on",mind,sub,clem,1,26
"CONFIDING, waking, on","MIND - CONFIDING - waking, on",mind,sub,cocc,1,26
"CONFIDING, waking, on","MIND - CONFIDING - waking, on",mind,sub,con,1,26
"CONFIDING, waking, on","MIND - CONFIDING - waking, on",mind,sub,euphr,1,26
"CONFIDING, waking, on","MIND - CONFIDING - waking, on",mind,sub,graph,1,26
"CONFIDING, waking, on","MIND - CONFIDING - waking, on",mind,sub,grat,1,26
"CONFIDING, waking, on","MIND - CONFIDING - waking, on",mind,sub,hep,1,26
"CONFIDING, waking, on","MIND - CONFIDING - waking, on",mind,sub,hyper,1,26
"CONFIDING, waking, on","MIND - CONFIDING - waking, on",mind,sub,ign,1,26
"CONFIDING, waking, on","MIND - CONFIDING - waking, on",mind,sub,kali-br,1,26
"CONFIDING, waking, on","MIND - CONFIDING - waking, on",mind,sub,kali-p,1,26
"CONFIDING, waking, on","MIND - CONFIDING - waking, on",mind,sub,laur,1,26
"CONFIDING, waking, on","MIND - CONFIDING - waking, on",mind,sub,lyc,1,26
"CONFIDING, waking, on","MIND - CONFIDING - waking, on",mind,sub,mag-s,1,26
"CONFIDING, waking, on","MIND - CONFIDING - waking, on",mind,sub,merc,1,26
"CONFIDING, waking, on","MIND - CONFIDING - waking, on",mind,sub,mez,1,26
"CONFIDING, waking, on","MIND - CONFIDING - waking, on",mind,sub,nat-c,1,26
"CONFIDING, waking, on","MIND - CONFIDING - waking, on",mind,sub,nat-p,1,26
"CONFIDING, waking, on","MIND - CONFIDING - waking, on",mind,sub,nux-m,1,26
"CONFIDING, waking, on","MIND - CONFIDING - waking, on",mind,sub,op,1,26
"CONFIDING, waking, on","MIND - CONFIDING - waking, on",mind,sub,ph-ac,1,26
"CONFIDING, waking, on","MIND - CONFIDING - waking, on",mind,sub,naja,1,26
"CONFIDING, waking, on","MIND - CONFIDING - waking, on",mind,sub,puls,1,26
"CONFIDING, waking, on","MIND - CONFIDING - waking, on",mind,sub,rhod,1,26
"CONFIDING, waking, on","MIND - CONFIDING - waking, on",mind,sub,rhus-t,1,26
"CONFIDING, waking, on","MIND - CONFIDING - waking, on",mind,sub,ruta,1,26
"CONFIDING, waking, on","MIND - CONFIDING - waking, on",mind,sub,sep,1,26
"CONFIDING, waking, on","MIND - CONFIDING - waking, on",mind,sub,squil,1,26
"CONFIDING, waking, on","MIND - CONFIDING - waking, on",mind,sub,stann,1,26
"CONFIDING, waking, on","MIND - CONFIDING - waking, on",mind,sub,stram,1,26
"CONFIDING, waking, on","MIND - CONFIDING - waking, on",mind,sub,sulph,1,26
"CONFIDING, waking, on","MIND - CONFIDING - waking, on",mind,sub,til,1,26
"CONFIDING, waking, on","MIND - CONFIDING - waking, on",mind,sub,zinc,1,26
"CONFIDING, waking, amel","MIND - CONFIDING - waking, amel",mind,sub,agar,2,26
"CONFIDING, waking, amel","MIND - CONFIDING - waking, amel",mind,sub,ferr-p,1,26
"CONFIDING, waking, amel","MIND - CONFIDING - waking, amel",mind,sub,sulph,1,26
"CONFIDING, open air, in","MIND - CONFIDING - open air, in",mind,sub,acon,2,26
"CONFIDING, open air, in","MIND - CONFIDING - open air, in",mind,sub,agar,1,26
"CONFIDING, open air, in","MIND - CONFIDING - open air, in",mind,sub,carb-v,1,26
"CONFIDING, open air, in","MIND - CONFIDING - open air, in",mind,sub,caust,1,26
"CONFIDING, open air, in","MIND - CONFIDING - open air, in",mind,sub,coff,1,26
"CONFIDING, open air, in","MIND - CONFIDING - open air, in",mind,sub,glon,2,26
"CONFIDING, open air, in","MIND - CONFIDING - open air, in",mind,sub,kali-chl,1,26
"CONFIDING, open air, in","MIND - CONFIDING - open air, in",mind,sub,lyc,1,26
"CONFIDING, open air, in","MIND - CONFIDING - open air, in",mind,sub,nat-m,1,26
"CONFIDING, open air, in","MIND - CONFIDING - open air, in",mind,sub,nux-m,2,26
"CONFIDING, open air, in","MIND - CONFIDING - open air, in",mind,sub,petr,2,26
"CONFIDING, open air, in","MIND - CONFIDING - open air, in",mind,sub,sep,1,26
"CONFIDING, open air, in","MIND - CONFIDING - open air, in",mind,sub,spig,1,26
"CONFIDING, open air, in","MIND - CONFIDING - open air, in",mind,sub,sulph,1,26
"CONFIDING, open air, in","MIND - CONFIDING - open air, in",mind,sub,tub,1,26
"CONFIDING, open air, amel","MIND - CONFIDING - open air, amel",mind,sub,bry,2,26
"CONFIDING, open air, amel","MIND - CONFIDING - open air, amel",mind,sub,carl,1,26
"CONFIDING, open air, amel","MIND - CONFIDING - open air, amel",mind,sub,graph,1,26
"CONFIDING, open air, amel","MIND - CONFIDING - open air, amel",mind,sub,lyc,2,26
"CONFIDING, open air, amel","MIND - CONFIDING - open air, amel",mind,sub,merc-i-r,1,26
"CONFIDING, open air, amel","MIND - CONFIDING - open air, amel",mind,sub,nat-c,1,26
"CONFIDING, open air, amel","MIND - CONFIDING - open air, amel",mind,sub,par,1,26
"CONFIDING, open air, amel","MIND - CONFIDING - open air, amel",mind,sub,puls,2,26
"CONFIDING, open air, amel","MIND - CONFIDING - open air, amel",mind,sub,rhod,1,26
"CONFIDING, open air, amel","MIND - CONFIDING - open air, amel",mind,sub,sulph,1,26
"CONFIDING, warm room, in","MIND - CONFIDING - warm room, in",mind,sub,acon,2,26
"CONFIDING, warm room, in","MIND - CONFIDING - warm room, in",mind,sub,bell,1,26
"CONFIDING, warm room, in","MIND - CONFIDING - warm room, in",mind,sub,iod,1,26
"CONFIDING, warm room, in","MIND - CONFIDING - warm room, in",mind,sub,kali-s,1,26
"CONFIDING, warm room, in","MIND - CONFIDING - warm room, in",mind,sub,lyc,2,26
"CONFIDING, warm room, in","MIND - CONFIDING - warm room, in",mind,sub,merc-i-f,1,26
"CONFIDING, warm room, in","MIND - CONFIDING - warm room, in",mind,sub,nat-m,1,26
"CONFIDING, warm room, in","MIND - CONFIDING - warm room, in",mind,sub,phos,1,26
"CONFIDING, warm room, in","MIND - CONFIDING - warm room, in",mind,sub,ph-ac,1,26
"CONFIDING, warm room, in","MIND - CONFIDING - warm room, in",mind,sub,puls,2,26
"CONFIDING, warm room, in","MIND - CONFIDING - warm room, in",mind,sub,sulph,1,26
"CONFIDING, washing the face, amel","MIND - CONFIDING - washing the face, amel",mind,sub,ars,2,26
"CONFIDING, washing the face, amel","MIND - CONFIDING - washing the face, amel",mind,sub,calc-p,1,26
"CONFIDING, washing the face, amel","MIND - CONFIDING - washing the face, amel",mind,sub,coca,1,26
"CONFIDING, washing the face, amel","MIND - CONFIDING - washing the face, amel",mind,sub,cycl,1,26
"CONFIDING, washing the face, amel","MIND - CONFIDING - washing the face, amel",mind,sub,euphr,1,26
"CONFIDING, washing the face, amel","MIND - CONFIDING - washing the face, amel",mind,sub,phos,1,26
"CONFIDING, weeping, amel","MIND - CONFIDING - weeping, amel",mind,sub,sep,2,26
"CONFIDING, will, strong effort of, amel","MIND - CONFIDING - will, strong effort of, amel",mind,sub,glon,2,26
"CONFIDING, wine, after","MIND - CONFIDING - wine, after",mind,sub,all-c,2,26
"CONFIDING, wine, after","MIND - CONFIDING - wine, after",mind,sub,alum,1,26
"CONFIDING, wine, after","MIND - CONFIDING - wine, after",mind,sub,bov,1,26
"CONFIDING, wine, after","MIND - CONFIDING - wine, after",mind,sub,coloc,1,26
"CONFIDING, wine, after","MIND - CONFIDING - wine, after",mind,sub,con,1,26
"CONFIDING, wine, after","MIND - CONFIDING - wine, after",mind,sub,kali-chl,1,26
"CONFIDING, wine, after","MIND - CONFIDING - wine, after",mind,sub,mill,1,26
"CONFIDING, wine, after","MIND - CONFIDING - wine, after",mind,sub,ox-ac,1,26
"CONFIDING, wine, after","MIND - CONFIDING - wine, after",mind,sub,zinc,1,26
"CONFIDING, wrapping up head, amel","MIND - CONFIDING - wrapping up head, amel",mind,sub,mag-m,2,26
"CONFIDING, writing, while","MIND - CONFIDING - writing, while",mind,sub,arg-n,2,26
"CONFIDING, writing, while","MIND - CONFIDING - writing, while",mind,sub,brom,1,26
"CONFIDING, writing, while","MIND - CONFIDING - writing, while",mind,sub,croc,1,26
"CONFIDING, writing, while","MIND - CONFIDING - writing, while",mind,sub,ferr-i,1,26
"CONFIDING, writing, while","MIND - CONFIDING - writing, while",mind,sub,gent-l,1,26
"CONFIDING, writing, while","MIND - CONFIDING - writing, while",mind,sub,laur,1,26
"CONFIDING, writing, while","MIND - CONFIDING - writing, while",mind,sub,lil-t,1,26
"CONFIDING, writing, while","MIND - CONFIDING - writing, while",mind,sub,nat-c,1,26
"CONFIDING, writing, while","MIND - CONFIDING - writing, while",mind,sub,vinc,1,26
"CONFIDING, yawning, amel","MIND - CONFIDING - yawning, amel",mind,sub,bry,2,26
"CONFIDING, yawning, amel","MIND - CONFIDING - yawning, amel",mind,sub,conscientious,3,26
"CONFIDING, yawning, amel","MIND - CONFIDING - yawning, amel",mind,sub,about,1,26
"CONFIDING, yawning, amel","MIND - CONFIDING - yawning, amel",mind,sub,trifles,1,26
"CONFIDING, yawning, amel","MIND - CONFIDING - yawning, amel",mind,sub,apis,2,26
"CONFIDING, yawning, amel","MIND - CONFIDING - yawning, amel",mind,sub,ars,1,26
"CONFIDING, yawning, amel","MIND - CONFIDING - yawning, amel",mind,sub,aur,1,26
"CONFIDING, yawning, amel","MIND - CONFIDING - yawning, amel",mind,sub,bar-c,1,26
"CONFIDING, yawning, amel","MIND - CONFIDING - yawning, amel",mind,sub,carb-s,1,26
"CONFIDING, yawning, amel","MIND - CONFIDING - yawning, amel",mind,sub,cham,1,26
"CONFIDING, yawning, amel","MIND - CONFIDING - yawning, amel",mind,sub,chin,1,26
"CONFIDING, yawning, amel","MIND - CONFIDING - yawning, amel",mind,sub,chin-a,1,26
"CONFIDING, yawning, amel","MIND - CONFIDING - yawning, amel",mind,sub,cycl,1,26
"CONFIDING, yawning, amel","MIND - CONFIDING - yawning, amel",mind,sub,ferr,1,26
"CONFIDING, yawning, amel","MIND - CONFIDING - yawning, amel",mind,sub,ferr-ar,1,26
"CONFIDING, yawning, amel","MIND - CONFIDING - yawning, amel",mind,sub,ferr-i,1,26
"CONFIDING, yawning, amel","MIND - CONFIDING - yawning, amel",mind,sub,graph,1,26
"CONFIDING, yawning, amel","MIND - CONFIDING - yawning, amel",mind,sub,hep,1,26
"CONFIDING, yawning, amel","MIND - CONFIDING - yawning, amel",mind,sub,hyos,1,26
"CONFIDING, yawning, amel","MIND - CONFIDING - yawning, amel",mind,sub,ign,2,26
"CONFIDING, yawning, amel","MIND - CONFIDING - yawning, amel",mind,sub,iod,1,26
"CONFIDING, yawning, amel","MIND - CONFIDING - yawning, amel",mind,sub,lac-d,1,26
"CONFIDING, yawning, amel","MIND - CONFIDING - yawning, amel",mind,sub,yc,1,26
"CONFIDING, yawning, amel","MIND - CONFIDING - yawning, amel",mind,sub,mez,1,26
"CONFIDING, yawning, amel","MIND - CONFIDING - yawning, amel",mind,sub,mur-ac,1,26
"CONFIDING, yawning, amel","MIND - CONFIDING - yawning, amel",mind,sub,nat-c,1,26
"CONFIDING, yawning, amel","MIND - CONFIDING - yawning, amel",mind,sub,nat-ac,1,26
"CONFIDING, yawning, amel","MIND - CONFIDING - yawning, amel",mind,sub,puls,1,26
"CONFIDING, yawning, amel","MIND - CONFIDING - yawning, amel",mind,sub,sec,1,26
"CONFIDING, yawning, amel","MIND - CONFIDING - yawning, amel",mind,sub,sep,1,26
"CONFIDING, yawning, amel","MIND - CONFIDING - yawning, amel",mind,sub,sil,2,26
"CONFIDING, yawning, amel","MIND - CONFIDING - yawning, amel",mind,sub,spig,1,26
"CONFIDING, yawning, amel","MIND - CONFIDING - yawning, amel",mind,sub,stram,1,26
"CONFIDING, yawning, amel","MIND - CONFIDING - yawning, amel",mind,sub,sulph,1,26
"CONFIDING, yawning, amel","MIND - CONFIDING - yawning, amel",mind,sub,thuj,1,26
"CONFIDING, yawning, amel","MIND - CONFIDING - yawning, amel",mind,sub,verat,1,26
"CONFIDING, yawning, amel","MIND - CONFIDING - yawning, amel",mind,sub,lyc,2,26
"CONFIDING, eating, after","MIND - CONFIDING - eating, after",mind,sub,ign,2,26
"CONFIDING, eating, after","MIND - CONFIDING - eating, after",mind,sub,consolation,3,26
"CONFIDING, eating, after","MIND - CONFIDING - eating, after",mind,sub,agg,1,26
"CONFIDING, eating, after","MIND - CONFIDING - eating, after",mind,sub,arn,2,26
"CONFIDING, eating, after","MIND - CONFIDING - eating, after",mind,sub,ars,1,26
"CONFIDING, eating, after","MIND - CONFIDING - eating, after",mind,sub,cact,1,26
"CONFIDING, eating, after","MIND - CONFIDING - eating, after",mind,sub,calc-p,1,26
"CONFIDING, eating, after","MIND - CONFIDING - eating, after",mind,sub,cham,1,26
"CONFIDING, eating, after","MIND - CONFIDING - eating, after",mind,sub,chin,1,26
"CONFIDING, eating, after","MIND - CONFIDING - eating, after",mind,sub,hell,1,26
"CONFIDING, eating, after","MIND - CONFIDING - eating, after",mind,sub,merc,1,26
"CONFIDING, eating, after","MIND - CONFIDING - eating, after",mind,sub,kali-c,1,26
"CONFIDING, eating, after","MIND - CONFIDING - eating, after",mind,sub,lil-t,1,26
"CONFIDING, eating, after","MIND - CONFIDING - eating, after",mind,sub,staph,1,26
"CONFIDING, eating, after","MIND - CONFIDING - eating, after",mind,sub,tarent,1,26
CONTEMPTUOUS,MIND - CONTEMPTUOUS,mind,main,alum,2,26
CONTEMPTUOUS,MIND - CONTEMPTUOUS,mind,main,canth,1,26
CONTEMPTUOUS,MIND - CONTEMPTUOUS,mind,main,cham,1,26
CONTEMPTUOUS,MIND - CONTEMPTUOUS,mind,main,chin,1,26
CONTEMPTUOUS,MIND - CONTEMPTUOUS,mind,main,cie,2,26
CONTEMPTUOUS,MIND - CONTEMPTUOUS,mind,main,cycl,1,26
CONTEMPTUOUS,MIND - CONTEMPTUOUS,mind,main,guaj,1,26
CONTEMPTUOUS,MIND - CONTEMPTUOUS,mind,main,hyos,1,26
CONTEMPTUOUS,MIND - CONTEMPTUOUS,mind,main,ign,1,26
CONTEMPTUOUS,MIND - CONTEMPTUOUS,mind,main,ip,1,26
CONTEMPTUOUS,MIND - CONTEMPTUOUS,mind,main,lac-ac,1,26
CONTEMPTUOUS,MIND - CONTEMPTUOUS,mind,main,lach,1,26
CONTEMPTUOUS,MIND - CONTEMPTUOUS,mind,main,lyc,1,26
CONTEMPTUOUS,MIND - CONTEMPTUOUS,mind,main,nat-m,1,26
CONTEMPTUOUS,MIND - CONTEMPTUOUS,mind,main,nit-ac,1,26
CONTEMPTUOUS,MIND - CONTEMPTUOUS,mind,main,nux-v,1,26
CONTEMPTUOUS,MIND - CONTEMPTUOUS,mind,main,par,1,26
CONTEMPTUOUS,MIND - CONTEMPTUOUS,mind,main,plat,2,26
CONTEMPTUOUS,MIND - CONTEMPTUOUS,mind,main,puls,1,26
CONTEMPTUOUS,MIND - CONTEMPTUOUS,mind,main,sec,1,26
CONTEMPTUOUS,MIND - CONTEMPTUOUS,mind,main,sil,1,26
"CONTEMPTUOUS, in open air or when sun shines into room",MIND - CONTEMPTUOUS - in open air or when sun shines into room,mind,sub,plat,2,26
"CONTEMPTUOUS, paroxysms against her will",MIND - CONTEMPTUOUS - paroxysms against her will,mind,sub,plat,2,26
"CONTEMPTUOUS, of everything",MIND - CONTEMPTUOUS - of everything,mind,sub,chin,2,26
"CONTEMPTUOUS, of everything",MIND - CONTEMPTUOUS - of everything,mind,sub,cina,1,26
"CONTEMPTUOUS, of everything",MIND - CONTEMPTUOUS - of everything,mind,sub,ip,1,26
"CONTEMPTUOUS, of everything",MIND - CONTEMPTUOUS - of everything,mind,sub,plat,2,26
"CONTEMPTUOUS, of everything",MIND - CONTEMPTUOUS - of everything,mind,sub,self,1,26
"CONTEMPTUOUS, of everything",MIND - CONTEMPTUOUS - of everything,mind,sub,agn,2,26
"CONTEMPTUOUS, of everything",MIND - CONTEMPTUOUS - of everything,mind,sub,cop,1,26
"CONTEMPTUOUS, of everything",MIND - CONTEMPTUOUS - of everything,mind,sub,contented,3,26
"CONTEMPTUOUS, of everything",MIND - CONTEMPTUOUS - of everything,mind,sub,contentions,3,26
"CONTEMPTUOUS, afternoon",MIND - CONTEMPTUOUS - afternoon,mind,sub,canth,2,27
"CONTEMPTUOUS, afternoon",MIND - CONTEMPTUOUS - afternoon,mind,sub,contradiction,3,27
"CONTEMPTUOUS, afternoon",MIND - CONTEMPTUOUS - afternoon,mind,sub,is,1,27
"CONTEMPTUOUS, afternoon",MIND - CONTEMPTUOUS - afternoon,mind,sub,intolerable,1,27
"CONTEMPTUOUS, afternoon",MIND - CONTEMPTUOUS - afternoon,mind,sub,acon,2,27
"CONTEMPTUOUS, afternoon",MIND - CONTEMPTUOUS - afternoon,mind,sub,aloe,1,27
"CONTEMPTUOUS, afternoon",MIND - CONTEMPTUOUS - afternoon,mind,sub,alum,1,27
"CONTEMPTUOUS, afternoon",MIND - CONTEMPTUOUS - afternoon,mind,sub,am-c,1,27
"CONTEMPTUOUS, afternoon",MIND - CONTEMPTUOUS - afternoon,mind,sub,anac,1,27
"CONTEMPTUOUS, afternoon",MIND - CONTEMPTUOUS - afternoon,mind,sub,ars,1,27
"CONTEMPTUOUS, afternoon",MIND - CONTEMPTUOUS - afternoon,mind,sub,aster,1,27
"CONTEMPTUOUS, afternoon",MIND - CONTEMPTUOUS - afternoon,mind,sub,aur,2,27
"CONTEMPTUOUS, afternoon",MIND - CONTEMPTUOUS - afternoon,mind,sub,bry,1,27
"CONTEMPTUOUS, afternoon",MIND - CONTEMPTUOUS - afternoon,mind,sub,cact,1,27
"CONTEMPTUOUS, afternoon",MIND - CONTEMPTUOUS - afternoon,mind,sub,calc-p,1,27
"CONTEMPTUOUS, afternoon",MIND - CONTEMPTUOUS - afternoon,mind,sub,cann-i,1,27
"CONTEMPTUOUS, afternoon",MIND - CONTEMPTUOUS - afternoon,mind,sub,con,1,27
"CONTEMPTUOUS, afternoon",MIND - CONTEMPTUOUS - afternoon,mind,sub,cocc,1,27
"CONTEMPTUOUS, afternoon",MIND - CONTEMPTUOUS - afternoon,mind,sub,chin,1,27
"CONTEMPTUOUS, afternoon",MIND - CONTEMPTUOUS - afternoon,mind,sub,ferr,1,27
"CONTEMPTUOUS, afternoon",MIND - CONTEMPTUOUS - afternoon,mind,sub,grat,1,27
"CONTEMPTUOUS, afternoon",MIND - CONTEMPTUOUS - afternoon,mind,sub,helon,1,27
"CONTEMPTUOUS, afternoon",MIND - CONTEMPTUOUS - afternoon,mind,sub,hura,1,27
"CONTEMPTUOUS, afternoon",MIND - CONTEMPTUOUS - afternoon,mind,sub,ign,2,27
"CONTEMPTUOUS, afternoon",MIND - CONTEMPTUOUS - afternoon,mind,sub,lyc,2,27
"CONTEMPTUOUS, afternoon",MIND - CONTEMPTUOUS - afternoon,mind,sub,merc,1,27
"CONTEMPTUOUS, afternoon",MIND - CONTEMPTUOUS - afternoon,mind,sub,nicc,1,27
"CONTEMPTUOUS, afternoon",MIND - CONTEMPTUOUS - afternoon,mind,sub,nux-v,1,27
"CONTEMPTUOUS, afternoon",MIND - CONTEMPTUOUS - afternoon,mind,sub,olnd,1,27
"CONTEMPTUOUS, afternoon",MIND - CONTEMPTUOUS - afternoon,mind,sub,op,1,27
"CONTEMPTUOUS, afternoon",MIND - CONTEMPTUOUS - afternoon,mind,sub,petr,1,27
"CONTEMPTUOUS, afternoon",MIND - CONTEMPTUOUS - afternoon,mind,sub,plan,1,27
"CONTEMPTUOUS, afternoon",MIND - CONTEMPTUOUS - afternoon,mind,sub,sep,2,27
"CONTEMPTUOUS, afternoon",MIND - CONTEMPTUOUS - afternoon,mind,sub,sil,1,27
"CONTEMPTUOUS, afternoon",MIND - CONTEMPTUOUS - afternoon,mind,sub,stram,1,27
"CONTEMPTUOUS, afternoon",MIND - CONTEMPTUOUS - afternoon,mind,sub,tarent,1,27
"CONTEMPTUOUS, afternoon",MIND - CONTEMPTUOUS - afternoon,mind,sub,thuj,1,27
"CONTEMPTUOUS, afternoon",MIND - CONTEMPTUOUS - afternoon,mind,sub,til,1,27
"CONTEMPTUOUS, has to restrain himself to keep from violence",MIND - CONTEMPTUOUS - has to restrain himself to keep from violence,mind,sub,aloe,2,27
"CONTEMPTUOUS, has to restrain himself to keep from violence",MIND - CONTEMPTUOUS - has to restrain himself to keep from violence,mind,sub,sil,1,27
CONTRARY,MIND - CONTRARY,mind,main,acon,2,27
CONTRARY,MIND - CONTRARY,mind,main,alum,2,27
CONTRARY,MIND - CONTRARY,mind,main,ambr,1,27
CONTRARY,MIND - CONTRARY,mind,main,anac,2,27
CONTRARY,MIND - CONTRARY,mind,main,anan,1,27
CONTRARY,MIND - CONTRARY,mind,main,ant-c,1,27
CONTRARY,MIND - CONTRARY,mind,main,arg-n,2,27
CONTRARY,MIND - CONTRARY,mind,main,arn,1,27
CONTRARY,MIND - CONTRARY,mind,main,ars,1,27
CONTRARY,MIND - CONTRARY,mind,main,aur,1,27
CONTRARY,MIND - CONTRARY,mind,main,bar-c,1,27
CONTRARY,MIND - CONTRARY,mind,main,bell,1,27
CONTRARY,MIND - CONTRARY,mind,main,calad,1,27
CONTRARY,MIND - CONTRARY,mind,main,calc,1,27
CONTRARY,MIND - CONTRARY,mind,main,calc-s,1,27
CONTRARY,MIND - CONTRARY,mind,main,camph,1,27
CONTRARY,MIND - CONTRARY,mind,main,caps,1,27
CONTRARY,MIND - CONTRARY,mind,main,carb-an,1,27
CONTRARY,MIND - CONTRARY,mind,main,caust,1,27
CONTRARY,MIND - CONTRARY,mind,main,cocc,1,27
CONTRARY,MIND - CONTRARY,mind,main,con,1,27
CONTRARY,MIND - CONTRARY,mind,main,croc,1,27
CONTRARY,MIND - CONTRARY,mind,main,cupr,1,27
CONTRARY,MIND - CONTRARY,mind,main,ign,1,27
CONTRARY,MIND - CONTRARY,mind,main,ip,1,27
CONTRARY,MIND - CONTRARY,mind,main,kali-c,1,27
CONTRARY,MIND - CONTRARY,mind,main,kali-p,1,27
CONTRARY,MIND - CONTRARY,mind,main,lact,1,27
CONTRARY,MIND - CONTRARY,mind,main,laur,1,27
CONTRARY,MIND - CONTRARY,mind,main,led,1,27
CONTRARY,MIND - CONTRARY,mind,main,lyc,1,27
CONTRARY,MIND - CONTRARY,mind,main,mag-c,1,27
CONTRARY,MIND - CONTRARY,mind,main,mag-m,1,27
CONTRARY,MIND - CONTRARY,mind,main,merc,1,27
CONTRARY,MIND - CONTRARY,mind,main,nit-ac,1,27
CONTRARY,MIND - CONTRARY,mind,main,par,1,27
CONTRARY,MIND - CONTRARY,mind,main,petr,1,27
CONTRARY,MIND - CONTRARY,mind,main,phos,1,27
CONTRARY,MIND - CONTRARY,mind,main,puls,1,27
CONTRARY,MIND - CONTRARY,mind,main,sabad,1,27
CONTRARY,MIND - CONTRARY,mind,main,sarr,1,27
CONTRARY,MIND - CONTRARY,mind,main,sars,1,27
CONTRARY,MIND - CONTRARY,mind,main,sil,1,27
CONTRARY,MIND - CONTRARY,mind,main,spong,1,27
CONTRARY,MIND - CONTRARY,mind,main,tarent,2,27
CONTRARY,MIND - CONTRARY,mind,main,thuj,1,27
CONTRARY,MIND - CONTRARY,mind,main,trom,1,27
"CONTRARY, morning",MIND - CONTRARY - morning,mind,sub,con,2,27
"CONTRARY, afternoon",MIND - CONTRARY - afternoon,mind,sub,tarent,2,27
"CONTRARY, alone, when","MIND - CONTRARY - alone, when",mind,sub,crot-c,2,27
"CONTRARY, alone, when","MIND - CONTRARY - alone, when",mind,sub,conversation,3,27
"CONTRARY, alone, when","MIND - CONTRARY - alone, when",mind,sub,agg,1,27
"CONTRARY, alone, when","MIND - CONTRARY - alone, when",mind,sub,acon,2,27
"CONTRARY, alone, when","MIND - CONTRARY - alone, when",mind,sub,alum,1,27
"CONTRARY, alone, when","MIND - CONTRARY - alone, when",mind,sub,ambr,2,27
"CONTRARY, alone, when","MIND - CONTRARY - alone, when",mind,sub,am-c,1,27
"CONTRARY, alone, when","MIND - CONTRARY - alone, when",mind,sub,aur,1,27
"CONTRARY, alone, when","MIND - CONTRARY - alone, when",mind,sub,calc,1,27
"CONTRARY, alone, when","MIND - CONTRARY - alone, when",mind,sub,cann-s,1,27
"CONTRARY, alone, when","MIND - CONTRARY - alone, when",mind,sub,canth,1,27
"CONTRARY, alone, when","MIND - CONTRARY - alone, when",mind,sub,chin,1,27
"CONTRARY, alone, when","MIND - CONTRARY - alone, when",mind,sub,cocc,1,27
"CONTRARY, alone, when","MIND - CONTRARY - alone, when",mind,sub,coff,1,27
"CONTRARY, alone, when","MIND - CONTRARY - alone, when",mind,sub,cot,1,27
"CONTRARY, alone, when","MIND - CONTRARY - alone, when",mind,sub,ferr,1,27
"CONTRARY, alone, when","MIND - CONTRARY - alone, when",mind,sub,ferr-i,1,27
"CONTRARY, alone, when","MIND - CONTRARY - alone, when",mind,sub,graph,1,27
"CONTRARY, alone, when","MIND - CONTRARY - alone, when",mind,sub,hep,1,27
"CONTRARY, alone, when","MIND - CONTRARY - alone, when",mind,sub,hyos,1,27
"CONTRARY, alone, when","MIND - CONTRARY - alone, when",mind,sub,ign,2,27
"CONTRARY, alone, when","MIND - CONTRARY - alone, when",mind,sub,iod,1,27
"CONTRARY, alone, when","MIND - CONTRARY - alone, when",mind,sub,kali-c,1,27
"CONTRARY, alone, when","MIND - CONTRARY - alone, when",mind,sub,nat-m,2,27
"CONTRARY, alone, when","MIND - CONTRARY - alone, when",mind,sub,mang,1,27
"CONTRARY, alone, when","MIND - CONTRARY - alone, when",mind,sub,mez,1,27
"CONTRARY, alone, when","MIND - CONTRARY - alone, when",mind,sub,nat-p,1,27
"CONTRARY, alone, when","MIND - CONTRARY - alone, when",mind,sub,nux-m,1,27
"CONTRARY, alone, when","MIND - CONTRARY - alone, when",mind,sub,nux-v,1,27
"CONTRARY, alone, when","MIND - CONTRARY - alone, when",mind,sub,ph-ac,1,27
"CONTRARY, alone, when","MIND - CONTRARY - alone, when",mind,sub,plat,1,27
"CONTRARY, alone, when","MIND - CONTRARY - alone, when",mind,sub,puls,1,27
"CONTRARY, alone, when","MIND - CONTRARY - alone, when",mind,sub,rhus-t,1,27
"CONTRARY, alone, when","MIND - CONTRARY - alone, when",mind,sub,sep,2,27
"CONTRARY, alone, when","MIND - CONTRARY - alone, when",mind,sub,sil,2,27
"CONTRARY, alone, when","MIND - CONTRARY - alone, when",mind,sub,spig,1,27
"CONTRARY, alone, when","MIND - CONTRARY - alone, when",mind,sub,sulph,1,27
"CONTRARY, alone, when","MIND - CONTRARY - alone, when",mind,sub,thuj,1,27
"CONTRARY, amel",MIND - CONTRARY - amel,mind,sub,puls,2,27
"CONTRARY, amel",MIND - CONTRARY - amel,mind,sub,cosmopolitan,3,27
"CONTRARY, amel",MIND - CONTRARY - amel,mind,sub,counting,3,27
"CONTRARY, amel",MIND - CONTRARY - amel,mind,sub,continually,1,27
"CONTRARY, amel",MIND - CONTRARY - amel,mind,sub,phys,2,27
COURAGEOUS,MIND - COURAGEOUS,mind,main,acon,2,27
COURAGEOUS,MIND - COURAGEOUS,mind,main,agar,1,27
COURAGEOUS,MIND - COURAGEOUS,mind,main,alum,1,27
COURAGEOUS,MIND - COURAGEOUS,mind,main,ant-t,1,27
COURAGEOUS,MIND - COURAGEOUS,mind,main,berb,1,27
COURAGEOUS,MIND - COURAGEOUS,mind,main,bov,1,27
COURAGEOUS,MIND - COURAGEOUS,mind,main,calad,1,27
COURAGEOUS,MIND - COURAGEOUS,mind,main,dros,1,27
COURAGEOUS,MIND - COURAGEOUS,mind,main,gins,1,27
COURAGEOUS,MIND - COURAGEOUS,mind,main,ign,1,27
COURAGEOUS,MIND - COURAGEOUS,mind,main,merc,1,27
COURAGEOUS,MIND - COURAGEOUS,mind,main,mez,1,27
COURAGEOUS,MIND - COURAGEOUS,mind,main,nat-c,1,27
COURAGEOUS,MIND - COURAGEOUS,mind,main,op,1,27
COURAGEOUS,MIND - COURAGEOUS,mind,main,phos,1,27
COURAGEOUS,MIND - COURAGEOUS,mind,main,puls,1,27
COURAGEOUS,MIND - COURAGEOUS,mind,main,squil,1,27
COURAGEOUS,MIND - COURAGEOUS,mind,main,sulph,1,27
COURAGEOUS,MIND - COURAGEOUS,mind,main,tab,1,27
COURAGEOUS,MIND - COURAGEOUS,mind,main,tarax,1,27
COURAGEOUS,MIND - COURAGEOUS,mind,main,valer,1,27
COURAGEOUS,MIND - COURAGEOUS,mind,main,verat,1,27
COURAGEOUS,MIND - COURAGEOUS,mind,main,covetous,3,27
COWARDICE,MIND - COWARDICE,mind,main,acon,2,27
COWARDICE,MIND - COWARDICE,mind,main,agar,1,27
COWARDICE,MIND - COWARDICE,mind,main,agn,1,27
COWARDICE,MIND - COWARDICE,mind,main,alum,1,27
COWARDICE,MIND - COWARDICE,mind,main,anac,1,27
COWARDICE,MIND - COWARDICE,mind,main,ang,1,27
COWARDICE,MIND - COWARDICE,mind,main,bar-c,1,27
COWARDICE,MIND - COWARDICE,mind,main,bar-m,1,27
COWARDICE,MIND - COWARDICE,mind,main,bell,1,27
COWARDICE,MIND - COWARDICE,mind,main,bry,1,27
COWARDICE,MIND - COWARDICE,mind,main,calc,1,27
COWARDICE,MIND - COWARDICE,mind,main,calc-s,1,27
COWARDICE,MIND - COWARDICE,mind,main,camph,1,27
COWARDICE,MIND - COWARDICE,mind,main,canth,1,27
COWARDICE,MIND - COWARDICE,mind,main,carb-v,1,27
COWARDICE,MIND - COWARDICE,mind,main,caust,1,27
COWARDICE,MIND - COWARDICE,mind,main,chin,1,27
COWARDICE,MIND - COWARDICE,mind,main,cocc,1,27
COWARDICE,MIND - COWARDICE,mind,main,coloc,1,27
COWARDICE,MIND - COWARDICE,mind,main,con,1,27
COWARDICE,MIND - COWARDICE,mind,main,cupr,1,27
COWARDICE,MIND - COWARDICE,mind,main,dig,1,27
COWARDICE,MIND - COWARDICE,mind,main,dros,1,27
COWARDICE,MIND - COWARDICE,mind,main,gels,1,27
COWARDICE,MIND - COWARDICE,mind,main,graph,2,27
COWARDICE,MIND - COWARDICE,mind,main,ign,1,27
COWARDICE,MIND - COWARDICE,mind,main,iod,1,27
COWARDICE,MIND - COWARDICE,mind,main,ip,1,27
COWARDICE,MIND - COWARDICE,mind,main,kali-c,1,27
COWARDICE,MIND - COWARDICE,mind,main,kali-p,1,27
COWARDICE,MIND - COWARDICE,mind,main,laur,1,27
COWARDICE,MIND - COWARDICE,mind,main,led,1,27
COWARDICE,MIND - COWARDICE,mind,main,lyc,2,27
COWARDICE,MIND - COWARDICE,mind,main,merc,1,27
COWARDICE,MIND - COWARDICE,mind,main,mur-ac,1,27
COWARDICE,MIND - COWARDICE,mind,main,nat-c,1,27
COWARDICE,MIND - COWARDICE,mind,main,nat-m,1,27
COWARDICE,MIND - COWARDICE,mind,main,nit-ac,1,27
COWARDICE,MIND - COWARDICE,mind,main,nux-v,1,27
COWARDICE,MIND - COWARDICE,mind,main,olnd,1,27
COWARDICE,MIND - COWARDICE,mind,main,op,1,27
COWARDICE,MIND - COWARDICE,mind,main,petr,1,27
COWARDICE,MIND - COWARDICE,mind,main,ph-ac,1,27
COWARDICE,MIND - COWARDICE,mind,main,phos,1,27
COWARDICE,MIND - COWARDICE,mind,main,plat,1,27
COWARDICE,MIND - COWARDICE,mind,main,plb,1,27
COWARDICE,MIND - COWARDICE,mind,main,puls,1,27
COWARDICE,MIND - COWARDICE,mind,main,ran-b,1,27
COWARDICE,MIND - COWARDICE,mind,main,ruta,1,27
COWARDICE,MIND - COWARDICE,mind,main,sabin,1,27
COWARDICE,MIND - COWARDICE,mind,main,sec,1,27
COWARDICE,MIND - COWARDICE,mind,main,sep,1,27
COWARDICE,MIND - COWARDICE,mind,main,sil,2,27
COWARDICE,MIND - COWARDICE,mind,main,spong,1,27
COWARDICE,MIND - COWARDICE,mind,main,staph,1,27
COWARDICE,MIND - COWARDICE,mind,main,sulph,1,27
COWARDICE,MIND - COWARDICE,mind,main,ter,1,27
COWARDICE,MIND - COWARDICE,mind,main,verat,1,27
COWARDICE,MIND - COWARDICE,mind,main,verb,1,27
COWARDICE,MIND - COWARDICE,mind,main,viol-t,1,27
COWARDICE,MIND - COWARDICE,mind,main,crawling,3,27
COWARDICE,MIND - COWARDICE,mind,main,floor,1,27
COWARDICE,MIND - COWARDICE,mind,main,lach,2,27
COWARDICE,MIND - COWARDICE,mind,main,crazy,3,27
COWARDICE,MIND - COWARDICE,mind,main,critical,3,27
CROAKING,MIND - CROAKING,mind,main,cina,2,27
CROAKING,MIND - CROAKING,mind,main,cupr,1,27
"CROAKING, in sleep",MIND - CROAKING - in sleep,mind,sub,bell,2,27
CRUELTY,MIND - CRUELTY,mind,main,abrot,2,27
CRUELTY,MIND - CRUELTY,mind,main,absin,1,27
CRUELTY,MIND - CRUELTY,mind,main,anac,2,27
CRUELTY,MIND - CRUELTY,mind,main,croc,1,27
CRUELTY,MIND - CRUELTY,mind,main,cur,1,27
CRUELTY,MIND - CRUELTY,mind,main,nux-v,1,27
CRUELTY,MIND - CRUELTY,mind,main,op,1,27
CRUELTY,MIND - CRUELTY,mind,main,plat,1,27
CURSING,MIND - CURSING,mind,main,aloe,2,28
CURSING,MIND - CURSING,mind,main,am-c,1,28
CURSING,MIND - CURSING,mind,main,anac,2,28
CURSING,MIND - CURSING,mind,main,ars,1,28
CURSING,MIND - CURSING,mind,main,bell,1,28
CURSING,MIND - CURSING,mind,main,bor,1,28
CURSING,MIND - CURSING,mind,main,cann-i,1,28
CURSING,MIND - CURSING,mind,main,canth,1,28
CURSING,MIND - CURSING,mind,main,cor-r,1,28
CURSING,MIND - CURSING,mind,main,gal-ac,1,28
CURSING,MIND - CURSING,mind,main,hyos,1,28
CURSING,MIND - CURSING,mind,main,ip,1,28
CURSING,MIND - CURSING,mind,main,lac-c,1,28
CURSING,MIND - CURSING,mind,main,lil-t,1,28
CURSING,MIND - CURSING,mind,main,lyc,1,28
CURSING,MIND - CURSING,mind,main,lyss,1,28
CURSING,MIND - CURSING,mind,main,nat-m,1,28
CURSING,MIND - CURSING,mind,main,nit-ac,2,28
CURSING,MIND - CURSING,mind,main,nux-v,1,28
CURSING,MIND - CURSING,mind,main,cena,1,28
CURSING,MIND - CURSING,mind,main,op,1,28
CURSING,MIND - CURSING,mind,main,pall,1,28
CURSING,MIND - CURSING,mind,main,petr,1,28
CURSING,MIND - CURSING,mind,main,plb,1,28
CURSING,MIND - CURSING,mind,main,puls,1,28
CURSING,MIND - CURSING,mind,main,stram,1,28
CURSING,MIND - CURSING,mind,main,twb,1,28
CURSING,MIND - CURSING,mind,main,verat,1,28
"CURSING, all night, and complains of stupid feeling","MIND - CURSING - all night, and complains of stupid feeling",mind,sub,verat,2,28
"CURSING, convulsions, during","MIND - CURSING - convulsions, during",mind,sub,ars,2,28
"CURSING, convulsions, during","MIND - CURSING - convulsions, during",mind,sub,cut,3,28
"CURSING, convulsions, during","MIND - CURSING - convulsions, during",mind,sub,others,1,28
"CURSING, convulsions, during","MIND - CURSING - convulsions, during",mind,sub,desires,1,28
"CURSING, convulsions, during","MIND - CURSING - convulsions, during",mind,sub,lyss,2,28
DANCING,MIND - DANCING,mind,main,acon,2,28
DANCING,MIND - DANCING,mind,main,agar,1,28
DANCING,MIND - DANCING,mind,main,apis,1,28
DANCING,MIND - DANCING,mind,main,be,1,28
DANCING,MIND - DANCING,mind,main,cann-i,1,28
DANCING,MIND - DANCING,mind,main,chlol,1,28
DANCING,MIND - DANCING,mind,main,cic,1,28
DANCING,MIND - DANCING,mind,main,cocc,1,28
DANCING,MIND - DANCING,mind,main,con,1,28
DANCING,MIND - DANCING,mind,main,croc,1,28
DANCING,MIND - DANCING,mind,main,crot-t,1,28
DANCING,MIND - DANCING,mind,main,grat,1,28
DANCING,MIND - DANCING,mind,main,hyos,1,28
DANCING,MIND - DANCING,mind,main,merc,1,28
DANCING,MIND - DANCING,mind,main,nat-m,1,28
DANCING,MIND - DANCING,mind,main,ph-ac,1,28
DANCING,MIND - DANCING,mind,main,plat,1,28
DANCING,MIND - DANCING,mind,main,rob,1,28
DANCING,MIND - DANCING,mind,main,stram,1,28
DANCING,MIND - DANCING,mind,main,tab,1,28
DANCING,MIND - DANCING,mind,main,tarent,2,28
"DANCING, alternating with sighing",MIND - DANCING - alternating with sighing,mind,sub,bell,2,28
"DANCING, alternating with sighing",MIND - DANCING - alternating with sighing,mind,sub,grotesque,1,28
"DANCING, alternating with sighing",MIND - DANCING - alternating with sighing,mind,sub,agar,2,28
"DANCING, alternating with sighing",MIND - DANCING - alternating with sighing,mind,sub,cic,1,28
"DANCING, unconscious",MIND - DANCING - unconscious,mind,sub,ph-ac,2,28
"DANCING, wild",MIND - DANCING - wild,mind,sub,bell,2,28
"DANCING, wild",MIND - DANCING - wild,mind,sub,camph,1,28
"DANCING, wild",MIND - DANCING - wild,mind,sub,tarent,1,28
"DANCING, wild",MIND - DANCING - wild,mind,sub,darkness,3,28
"DANCING, wild",MIND - DANCING - wild,mind,sub,agg,1,28
"DANCING, wild",MIND - DANCING - wild,mind,sub,acon,2,28
"DANCING, wild",MIND - DANCING - wild,mind,sub,th,1,28
"DANCING, wild",MIND - DANCING - wild,mind,sub,ars,1,28
"DANCING, wild",MIND - DANCING - wild,mind,sub,bapt,1,28
"DANCING, wild",MIND - DANCING - wild,mind,sub,berb,1,28
"DANCING, wild",MIND - DANCING - wild,mind,sub,calc,1,28
"DANCING, wild",MIND - DANCING - wild,mind,sub,carb-an,1,28
"DANCING, wild",MIND - DANCING - wild,mind,sub,carb-v,1,28
"DANCING, wild",MIND - DANCING - wild,mind,sub,caust,1,28
"DANCING, wild",MIND - DANCING - wild,mind,sub,cupr,1,28
"DANCING, wild",MIND - DANCING - wild,mind,sub,graph,1,28
"DANCING, wild",MIND - DANCING - wild,mind,sub,lyc,1,28
"DANCING, wild",MIND - DANCING - wild,mind,sub,nat-m,1,28
"DANCING, wild",MIND - DANCING - wild,mind,sub,phos,1,28
"DANCING, wild",MIND - DANCING - wild,mind,sub,plat,1,28
"DANCING, wild",MIND - DANCING - wild,mind,sub,puls,1,28
"DANCING, wild",MIND - DANCING - wild,mind,sub,rhus-t,1,28
"DANCING, wild",MIND - DANCING - wild,mind,sub,sanic,1,28
"DANCING, wild",MIND - DANCING - wild,mind,sub,stram,2,28
"DANCING, wild",MIND - DANCING - wild,mind,sub,death,3,28
"DANCING, wild",MIND - DANCING - wild,mind,sub,desires,1,28
"DANCING, wild",MIND - DANCING - wild,mind,sub,agn,2,28
"DANCING, wild",MIND - DANCING - wild,mind,sub,apis,1,28
"DANCING, wild",MIND - DANCING - wild,mind,sub,aran,1,28
"DANCING, wild",MIND - DANCING - wild,mind,sub,ars-m,1,28
"DANCING, wild",MIND - DANCING - wild,mind,sub,aur,2,28
"DANCING, wild",MIND - DANCING - wild,mind,sub,aur-s,1,28
"DANCING, wild",MIND - DANCING - wild,mind,sub,caps,1,28
"DANCING, wild",MIND - DANCING - wild,mind,sub,chel,1,28
"DANCING, wild",MIND - DANCING - wild,mind,sub,chin,1,28
"DANCING, wild",MIND - DANCING - wild,mind,sub,clem,1,28
"DANCING, wild",MIND - DANCING - wild,mind,sub,derr,1,28
"DANCING, wild",MIND - DANCING - wild,mind,sub,hura,1,28
"DANCING, wild",MIND - DANCING - wild,mind,sub,hydr,1,28
"DANCING, wild",MIND - DANCING - wild,mind,sub,kali-bi,1,28
"DANCING, wild",MIND - DANCING - wild,mind,sub,kali-br,1,28
"DANCING, wild",MIND - DANCING - wild,mind,sub,kreos,1,28
"DANCING, wild",MIND - DANCING - wild,mind,sub,lac-c,2,28
"DANCING, wild",MIND - DANCING - wild,mind,sub,jach,2,28
"DANCING, wild",MIND - DANCING - wild,mind,sub,led,1,28
"DANCING, wild",MIND - DANCING - wild,mind,sub,lil-t,1,28
"DANCING, wild",MIND - DANCING - wild,mind,sub,merc,1,28
"DANCING, wild",MIND - DANCING - wild,mind,sub,mez,1,28
"DANCING, wild",MIND - DANCING - wild,mind,sub,nat-c,1,28
"DANCING, wild",MIND - DANCING - wild,mind,sub,nat-s,1,28
"DANCING, wild",MIND - DANCING - wild,mind,sub,nit-ac,1,28
"DANCING, wild",MIND - DANCING - wild,mind,sub,nux-v,1,28
"DANCING, wild",MIND - DANCING - wild,mind,sub,op,1,28
"DANCING, wild",MIND - DANCING - wild,mind,sub,phyt,1,28
"DANCING, wild",MIND - DANCING - wild,mind,sub,plb,1,28
"DANCING, wild",MIND - DANCING - wild,mind,sub,psor,1,28
"DANCING, wild",MIND - DANCING - wild,mind,sub,sep,1,28
"DANCING, wild",MIND - DANCING - wild,mind,sub,sil,1,28
"DANCING, wild",MIND - DANCING - wild,mind,sub,spong,1,28
"DANCING, wild",MIND - DANCING - wild,mind,sub,staph,1,28
"DANCING, wild",MIND - DANCING - wild,mind,sub,su,1,28
"DANCING, wild",MIND - DANCING - wild,mind,sub,ph,1,28
"DANCING, wild",MIND - DANCING - wild,mind,sub,sul-ac,1,28
"DANCING, wild",MIND - DANCING - wild,mind,sub,thuj,1,28
"DANCING, wild",MIND - DANCING - wild,mind,sub,verat,1,28
"DANCING, wild",MIND - DANCING - wild,mind,sub,vip,1,28
"DANCING, morning, on waking","MIND - DANCING - morning, on waking",mind,sub,nat-c,2,28
"DANCING, morning, on waking","MIND - DANCING - morning, on waking",mind,sub,phyt,1,28
"DANCING, forenoon",MIND - DANCING - forenoon,mind,sub,apis,2,28
"DANCING, afternoon",MIND - DANCING - afternoon,mind,sub,ruta,2,28
"DANCING, evening",MIND - DANCING - evening,mind,sub,aut,2,28
"DANCING, evening",MIND - DANCING - evening,mind,sub,ruta,1,28
"DANCING, chill, during","MIND - DANCING - chill, during",mind,sub,kali-chl,2,28
"DANCING, chill, during","MIND - DANCING - chill, during",mind,sub,spig,1,28
"DANCING, convalescence, during","MIND - DANCING - convalescence, during",mind,sub,absin,2,28
"DANCING, convalescence, during","MIND - DANCING - convalescence, during",mind,sub,aur,1,28
"DANCING, convalescence, during","MIND - DANCING - convalescence, during",mind,sub,lac-c,1,28
"DANCING, convalescence, during","MIND - DANCING - convalescence, during",mind,sub,sep,1,28
"DANCING, menses, during","MIND - DANCING - menses, during",mind,sub,berb,2,28
"DANCING, walking in open air, while","MIND - DANCING - walking in open air, while",mind,sub,bell,2,28
"DANCING, presentiment of",MIND - DANCING - presentiment of,mind,sub,acon,2,28
"DANCING, presentiment of",MIND - DANCING - presentiment of,mind,sub,agn,1,28
"DANCING, presentiment of",MIND - DANCING - presentiment of,mind,sub,aloe,1,28
"DANCING, presentiment of",MIND - DANCING - presentiment of,mind,sub,alum,1,28
"DANCING, presentiment of",MIND - DANCING - presentiment of,mind,sub,anac,1,28
"DANCING, presentiment of",MIND - DANCING - presentiment of,mind,sub,apis,2,28
"DANCING, presentiment of",MIND - DANCING - presentiment of,mind,sub,arg-n,1,28
"DANCING, presentiment of",MIND - DANCING - presentiment of,mind,sub,arn,1,28
"DANCING, presentiment of",MIND - DANCING - presentiment of,mind,sub,ars,1,28
"DANCING, presentiment of",MIND - DANCING - presentiment of,mind,sub,bapt,1,28
"DANCING, presentiment of",MIND - DANCING - presentiment of,mind,sub,bar-m,1,28
"DANCING, presentiment of",MIND - DANCING - presentiment of,mind,sub,bell,1,28
"DANCING, presentiment of",MIND - DANCING - presentiment of,mind,sub,bry,1,28
"DANCING, presentiment of",MIND - DANCING - presentiment of,mind,sub,calc,1,28
"DANCING, presentiment of",MIND - DANCING - presentiment of,mind,sub,camph,1,28
"DANCING, presentiment of",MIND - DANCING - presentiment of,mind,sub,canth,1,28
"DANCING, presentiment of",MIND - DANCING - presentiment of,mind,sub,cench,1,28
"DANCING, presentiment of",MIND - DANCING - presentiment of,mind,sub,chel,1,28
"DANCING, presentiment of",MIND - DANCING - presentiment of,mind,sub,cimic,1,28
"DANCING, presentiment of",MIND - DANCING - presentiment of,mind,sub,cupr,1,28
"DANCING, presentiment of",MIND - DANCING - presentiment of,mind,sub,graph,1,28
"DANCING, presentiment of",MIND - DANCING - presentiment of,mind,sub,hep,1,28
"DANCING, presentiment of",MIND - DANCING - presentiment of,mind,sub,kali-ar,1,28
"DANCING, presentiment of",MIND - DANCING - presentiment of,mind,sub,kali-c,1,28
"DANCING, presentiment of",MIND - DANCING - presentiment of,mind,sub,kali-n,1,28
"DANCING, presentiment of",MIND - DANCING - presentiment of,mind,sub,lac-d,1,28
"DANCING, presentiment of",MIND - DANCING - presentiment of,mind,sub,lach,1,28
"DANCING, presentiment of",MIND - DANCING - presentiment of,mind,sub,lyc,1,28
"DANCING, presentiment of",MIND - DANCING - presentiment of,mind,sub,med,1,28
"DANCING, presentiment of",MIND - DANCING - presentiment of,mind,sub,merc,1,28
"DANCING, presentiment of",MIND - DANCING - presentiment of,mind,sub,mosch,1,28
"DANCING, presentiment of",MIND - DANCING - presentiment of,mind,sub,nat-m,1,28
"DANCING, presentiment of",MIND - DANCING - presentiment of,mind,sub,nit-ac,1,28
"DANCING, presentiment of",MIND - DANCING - presentiment of,mind,sub,nux-v,1,28
"DANCING, presentiment of",MIND - DANCING - presentiment of,mind,sub,petr,1,28
"DANCING, presentiment of",MIND - DANCING - presentiment of,mind,sub,phos,1,28
"DANCING, presentiment of",MIND - DANCING - presentiment of,mind,sub,plat,1,28
"DANCING, presentiment of",MIND - DANCING - presentiment of,mind,sub,podo,1,28
"DANCING, presentiment of",MIND - DANCING - presentiment of,mind,sub,puls,1,28
"DANCING, presentiment of",MIND - DANCING - presentiment of,mind,sub,rhus-t,1,28
"DANCING, presentiment of",MIND - DANCING - presentiment of,mind,sub,stram,1,28
"DANCING, presentiment of",MIND - DANCING - presentiment of,mind,sub,verat,1,28
"DANCING, presentiment of",MIND - DANCING - presentiment of,mind,sub,vip,1,28
"DANCING, presentiment of",MIND - DANCING - presentiment of,mind,sub,zinc,1,28
"DANCING, believes that she will die soon, and that she cannot be helped","MIND - DANCING - believes that she will die soon, and that she cannot be helped",mind,sub,agn,2,28
"DANCING, predicts the time",MIND - DANCING - predicts the time,mind,sub,acon,2,28
"DANCING, predicts the time",MIND - DANCING - predicts the time,mind,sub,arg-n,1,28
"DANCING, thinks of death calmly",MIND - DANCING - thinks of death calmly,mind,sub,zinc,2,28
"DANCING, sensation of",MIND - DANCING - sensation of,mind,sub,aesc,2,28
"DANCING, sensation of",MIND - DANCING - sensation of,mind,sub,agn,1,28
"DANCING, sensation of",MIND - DANCING - sensation of,mind,sub,ars,1,28
"DANCING, sensation of",MIND - DANCING - sensation of,mind,sub,camph,1,28
"DANCING, sensation of",MIND - DANCING - sensation of,mind,sub,cann-i,1,28
"DANCING, sensation of",MIND - DANCING - sensation of,mind,sub,cench,1,28
"DANCING, sensation of",MIND - DANCING - sensation of,mind,sub,cic,1,28
"DANCING, sensation of",MIND - DANCING - sensation of,mind,sub,graph,1,28
"DANCING, sensation of",MIND - DANCING - sensation of,mind,sub,kali-bi,1,28
"DANCING, sensation of",MIND - DANCING - sensation of,mind,sub,kali-n,1,28
"DANCING, sensation of",MIND - DANCING - sensation of,mind,sub,nux-v,1,28
"DANCING, sensation of",MIND - DANCING - sensation of,mind,sub,op,1,28
"DANCING, sensation of",MIND - DANCING - sensation of,mind,sub,phos,1,28
"DANCING, sensation of",MIND - DANCING - sensation of,mind,sub,plat,1,28
"DANCING, sensation of",MIND - DANCING - sensation of,mind,sub,sil,1,28
"DANCING, sensation of",MIND - DANCING - sensation of,mind,sub,verat,1,28
"DANCING, sensation of, chill, during","MIND - DANCING - sensation of, chill, during",mind,sub,cann-i,2,28
"DANCING, sensation of, spasm, during","MIND - DANCING - sensation of, spasm, during",mind,sub,nux-v,2,28
"DANCING, thoughts of",MIND - DANCING - thoughts of,mind,sub,acon,2,28
"DANCING, thoughts of",MIND - DANCING - thoughts of,mind,sub,agn,1,28
"DANCING, thoughts of",MIND - DANCING - thoughts of,mind,sub,am-c,1,28
"DANCING, thoughts of",MIND - DANCING - thoughts of,mind,sub,apis,1,28
"DANCING, thoughts of",MIND - DANCING - thoughts of,mind,sub,ars,1,28
"DANCING, thoughts of",MIND - DANCING - thoughts of,mind,sub,camph,1,28
"DANCING, thoughts of",MIND - DANCING - thoughts of,mind,sub,cann-i,1,28
"DANCING, thoughts of",MIND - DANCING - thoughts of,mind,sub,carb-n,1,28
"DANCING, thoughts of",MIND - DANCING - thoughts of,mind,sub,caust,1,28
"DANCING, thoughts of",MIND - DANCING - thoughts of,mind,sub,chel,1,28
"DANCING, thoughts of",MIND - DANCING - thoughts of,mind,sub,con,1,28
"DANCING, thoughts of",MIND - DANCING - thoughts of,mind,sub,crot-c,1,28
"DANCING, thoughts of",MIND - DANCING - thoughts of,mind,sub,crot-h,1,28
"DANCING, thoughts of",MIND - DANCING - thoughts of,mind,sub,cupr,1,28
"DANCING, thoughts of",MIND - DANCING - thoughts of,mind,sub,ferr,1,28
"DANCING, thoughts of",MIND - DANCING - thoughts of,mind,sub,ferr-ar,1,28
"DANCING, thoughts of",MIND - DANCING - thoughts of,mind,sub,graph,2,28
"DANCING, thoughts of",MIND - DANCING - thoughts of,mind,sub,hura,1,28
"DANCING, thoughts of",MIND - DANCING - thoughts of,mind,sub,kali-ar,1,28
"DANCING, thoughts of",MIND - DANCING - thoughts of,mind,sub,kali-c,1,28
"DANCING, thoughts of",MIND - DANCING - thoughts of,mind,sub,op,1,28
"DANCING, thoughts of",MIND - DANCING - thoughts of,mind,sub,rob,1,28
"DANCING, thoughts of",MIND - DANCING - thoughts of,mind,sub,stram,1,28
"DANCING, thoughts of",MIND - DANCING - thoughts of,mind,sub,tarent,1,28
"DANCING, thoughts of",MIND - DANCING - thoughts of,mind,sub,verat,1,28
"DANCING, thoughts of",MIND - DANCING - thoughts of,mind,sub,zinc,1,28
"DANCING, thoughts of, morning","MIND - DANCING - thoughts of, morning",mind,sub,con,2,28
"DANCING, thoughts of, afternoon","MIND - DANCING - thoughts of, afternoon",mind,sub,tarent,2,28
"DANCING, thoughts of, alone, when","MIND - DANCING - thoughts of, alone, when",mind,sub,crot-c,2,28
DECEITFUL,MIND - DECEITFUL,mind,main,arg-n,2,29
DECEITFUL,MIND - DECEITFUL,mind,main,bufo,1,29
DECEITFUL,MIND - DECEITFUL,mind,main,chlol,1,29
DECEITFUL,MIND - DECEITFUL,mind,main,coca,1,29
DECEITFUL,MIND - DECEITFUL,mind,main,dros,1,29
DECEITFUL,MIND - DECEITFUL,mind,main,deeds,3,29
DECEITFUL,MIND - DECEITFUL,mind,main,feels,1,29
DECEITFUL,MIND - DECEITFUL,mind,main,if,1,29
DECEITFUL,MIND - DECEITFUL,mind,main,he,1,29
DECEITFUL,MIND - DECEITFUL,mind,main,could,1,29
DECEITFUL,MIND - DECEITFUL,mind,main,do,1,29
DECEITFUL,MIND - DECEITFUL,mind,main,great,1,29
DECEITFUL,MIND - DECEITFUL,mind,main,hell,2,29
DEFIANT,MIND - DEFIANT,mind,main,acon,2,29
DEFIANT,MIND - DEFIANT,mind,main,anac,1,29
DEFIANT,MIND - DEFIANT,mind,main,arn,1,29
DEFIANT,MIND - DEFIANT,mind,main,canth,1,29
DEFIANT,MIND - DEFIANT,mind,main,caust,1,29
DEFIANT,MIND - DEFIANT,mind,main,guaj,1,29
DEFIANT,MIND - DEFIANT,mind,main,yc,1,29
DEFIANT,MIND - DEFIANT,mind,main,nux-v,1,29
DEFIANT,MIND - DEFIANT,mind,main,spong,1,29
DEFIANT,MIND - DEFIANT,mind,main,dejection,3,29
DELIRIUM,MIND - DELIRIUM,mind,main,absin,2,29
DELIRIUM,MIND - DELIRIUM,mind,main,acet-ac,1,29
DELIRIUM,MIND - DELIRIUM,mind,main,acon,1,29
DELIRIUM,MIND - DELIRIUM,mind,main,act-sp,1,29
DELIRIUM,MIND - DELIRIUM,mind,main,zsc,1,29
DELIRIUM,MIND - DELIRIUM,mind,main,eth,1,29
DELIRIUM,MIND - DELIRIUM,mind,main,agar,2,29
DELIRIUM,MIND - DELIRIUM,mind,main,ail,1,29
DELIRIUM,MIND - DELIRIUM,mind,main,am-c,1,29
DELIRIUM,MIND - DELIRIUM,mind,main,anac,1,29
DELIRIUM,MIND - DELIRIUM,mind,main,anthr,1,29
DELIRIUM,MIND - DELIRIUM,mind,main,ant-c,1,29
DELIRIUM,MIND - DELIRIUM,mind,main,ant-t,1,29
DELIRIUM,MIND - DELIRIUM,mind,main,anan,1,29
DELIRIUM,MIND - DELIRIUM,mind,main,apis,1,29
DELIRIUM,MIND - DELIRIUM,mind,main,arg-n,1,29
DELIRIUM,MIND - DELIRIUM,mind,main,arn,1,29
DELIRIUM,MIND - DELIRIUM,mind,main,ars,2,29
DELIRIUM,MIND - DELIRIUM,mind,main,arum-t,2,29
DELIRIUM,MIND - DELIRIUM,mind,main,aur,1,29
DELIRIUM,MIND - DELIRIUM,mind,main,bapt,1,29
DELIRIUM,MIND - DELIRIUM,mind,main,bar-c,1,29
DELIRIUM,MIND - DELIRIUM,mind,main,bell,2,29
DELIRIUM,MIND - DELIRIUM,mind,main,bism,1,29
DELIRIUM,MIND - DELIRIUM,mind,main,bry,2,29
DELIRIUM,MIND - DELIRIUM,mind,main,bufo,1,29
DELIRIUM,MIND - DELIRIUM,mind,main,calad,1,29
DELIRIUM,MIND - DELIRIUM,mind,main,cact,1,29
DELIRIUM,MIND - DELIRIUM,mind,main,calc,1,29
DELIRIUM,MIND - DELIRIUM,mind,main,camph,1,29
DELIRIUM,MIND - DELIRIUM,mind,main,cann-i,2,29
DELIRIUM,MIND - DELIRIUM,mind,main,cann-s,1,29
DELIRIUM,MIND - DELIRIUM,mind,main,canth,1,29
DELIRIUM,MIND - DELIRIUM,mind,main,caps,1,29
DELIRIUM,MIND - DELIRIUM,mind,main,carb-ac,1,29
DELIRIUM,MIND - DELIRIUM,mind,main,carb-s,1,29
DELIRIUM,MIND - DELIRIUM,mind,main,carb-v,1,29
DELIRIUM,MIND - DELIRIUM,mind,main,cham,1,29
DELIRIUM,MIND - DELIRIUM,mind,main,chel,2,29
DELIRIUM,MIND - DELIRIUM,mind,main,chin,1,29
DELIRIUM,MIND - DELIRIUM,mind,main,chin-a,1,29
DELIRIUM,MIND - DELIRIUM,mind,main,chin-s,1,29
DELIRIUM,MIND - DELIRIUM,mind,main,chlol,1,29
DELIRIUM,MIND - DELIRIUM,mind,main,cic,1,29
DELIRIUM,MIND - DELIRIUM,mind,main,cimic,1,29
DELIRIUM,MIND - DELIRIUM,mind,main,cina,1,29
DELIRIUM,MIND - DELIRIUM,mind,main,clem,1,29
DELIRIUM,MIND - DELIRIUM,mind,main,cocc,1,29
DELIRIUM,MIND - DELIRIUM,mind,main,coff,1,29
DELIRIUM,MIND - DELIRIUM,mind,main,colch,1,29
DELIRIUM,MIND - DELIRIUM,mind,main,coloc,1,29
DELIRIUM,MIND - DELIRIUM,mind,main,con,1,29
DELIRIUM,MIND - DELIRIUM,mind,main,cop,1,29
DELIRIUM,MIND - DELIRIUM,mind,main,cor-r,1,29
DELIRIUM,MIND - DELIRIUM,mind,main,crot-c,1,29
DELIRIUM,MIND - DELIRIUM,mind,main,crot-h,1,29
DELIRIUM,MIND - DELIRIUM,mind,main,cupr,1,29
DELIRIUM,MIND - DELIRIUM,mind,main,dig,1,29
DELIRIUM,MIND - DELIRIUM,mind,main,dor,1,29
DELIRIUM,MIND - DELIRIUM,mind,main,dulc,1,29
DELIRIUM,MIND - DELIRIUM,mind,main,gels,1,29
DELIRIUM,MIND - DELIRIUM,mind,main,glon,1,29
DELIRIUM,MIND - DELIRIUM,mind,main,graph,1,29
DELIRIUM,MIND - DELIRIUM,mind,main,hell,1,29
DELIRIUM,MIND - DELIRIUM,mind,main,hep,2,29
DELIRIUM,MIND - DELIRIUM,mind,main,hyos,2,29
DELIRIUM,MIND - DELIRIUM,mind,main,hyper,1,29
DELIRIUM,MIND - DELIRIUM,mind,main,ign,1,29
DELIRIUM,MIND - DELIRIUM,mind,main,iod,1,29
DELIRIUM,MIND - DELIRIUM,mind,main,ip,1,29
DELIRIUM,MIND - DELIRIUM,mind,main,jatr,1,29
DELIRIUM,MIND - DELIRIUM,mind,main,kali-ar,1,29
DELIRIUM,MIND - DELIRIUM,mind,main,kali-br,1,29
DELIRIUM,MIND - DELIRIUM,mind,main,kali-c,1,29
DELIRIUM,MIND - DELIRIUM,mind,main,kali-i,1,29
DELIRIUM,MIND - DELIRIUM,mind,main,kali-p,1,29
DELIRIUM,MIND - DELIRIUM,mind,main,lach,2,29
DELIRIUM,MIND - DELIRIUM,mind,main,lachn,1,29
DELIRIUM,MIND - DELIRIUM,mind,main,lact,1,29
DELIRIUM,MIND - DELIRIUM,mind,main,lil-t,1,29
DELIRIUM,MIND - DELIRIUM,mind,main,lob,1,29
DELIRIUM,MIND - DELIRIUM,mind,main,lyc,2,29
DELIRIUM,MIND - DELIRIUM,mind,main,lyss,1,29
DELIRIUM,MIND - DELIRIUM,mind,main,meny,1,29
DELIRIUM,MIND - DELIRIUM,mind,main,merc,2,29
DELIRIUM,MIND - DELIRIUM,mind,main,merc-cy,1,29
DELIRIUM,MIND - DELIRIUM,mind,main,merl,1,29
DELIRIUM,MIND - DELIRIUM,mind,main,mez,1,29
DELIRIUM,MIND - DELIRIUM,mind,main,morph,1,29
DELIRIUM,MIND - DELIRIUM,mind,main,mosch,1,29
DELIRIUM,MIND - DELIRIUM,mind,main,mur-ac,1,29
DELIRIUM,MIND - DELIRIUM,mind,main,mygal,1,29
DELIRIUM,MIND - DELIRIUM,mind,main,naja,1,29
DELIRIUM,MIND - DELIRIUM,mind,main,nat-m,1,29
DELIRIUM,MIND - DELIRIUM,mind,main,nit-ac,2,29
DELIRIUM,MIND - DELIRIUM,mind,main,nux-m,1,29
DELIRIUM,MIND - DELIRIUM,mind,main,nux-v,1,29
DELIRIUM,MIND - DELIRIUM,mind,main,op,1,29
DELIRIUM,MIND - DELIRIUM,mind,main,par,1,29
DELIRIUM,MIND - DELIRIUM,mind,main,petr,1,29
DELIRIUM,MIND - DELIRIUM,mind,main,ph-ac,1,29
DELIRIUM,MIND - DELIRIUM,mind,main,phos,1,29
DELIRIUM,MIND - DELIRIUM,mind,main,plat,1,29
DELIRIUM,MIND - DELIRIUM,mind,main,plb,1,29
DELIRIUM,MIND - DELIRIUM,mind,main,puls,2,29
DELIRIUM,MIND - DELIRIUM,mind,main,ran-b,1,29
DELIRIUM,MIND - DELIRIUM,mind,main,ran-sc,1,29
DELIRIUM,MIND - DELIRIUM,mind,main,raph,1,29
DELIRIUM,MIND - DELIRIUM,mind,main,rheum,1,29
DELIRIUM,MIND - DELIRIUM,mind,main,rhod,1,29
DELIRIUM,MIND - DELIRIUM,mind,main,rhus-t,2,29
DELIRIUM,MIND - DELIRIUM,mind,main,sabad,1,29
DELIRIUM,MIND - DELIRIUM,mind,main,sabin,1,29
DELIRIUM,MIND - DELIRIUM,mind,main,sal-ac,1,29
DELIRIUM,MIND - DELIRIUM,mind,main,samb,1,29
DELIRIUM,MIND - DELIRIUM,mind,main,sec,2,29
DELIRIUM,MIND - DELIRIUM,mind,main,sil,1,29
DELIRIUM,MIND - DELIRIUM,mind,main,sol-n,1,29
DELIRIUM,MIND - DELIRIUM,mind,main,stram,2,29
DELIRIUM,MIND - DELIRIUM,mind,main,stry,1,29
DELIRIUM,MIND - DELIRIUM,mind,main,sulph,1,29
DELIRIUM,MIND - DELIRIUM,mind,main,sul-ac,1,29
DELIRIUM,MIND - DELIRIUM,mind,main,sumb,1,29
DELIRIUM,MIND - DELIRIUM,mind,main,tab,1,29
DELIRIUM,MIND - DELIRIUM,mind,main,tarax,1,29
DELIRIUM,MIND - DELIRIUM,mind,main,tarent,1,29
DELIRIUM,MIND - DELIRIUM,mind,main,ter,1,29
DELIRIUM,MIND - DELIRIUM,mind,main,thuj,1,29
DELIRIUM,MIND - DELIRIUM,mind,main,tril,1,29
DELIRIUM,MIND - DELIRIUM,mind,main,tromb,1,29
DELIRIUM,MIND - DELIRIUM,mind,main,valer,1,29
DELIRIUM,MIND - DELIRIUM,mind,main,verat,2,29
DELIRIUM,MIND - DELIRIUM,mind,main,verat-v,2,29
DELIRIUM,MIND - DELIRIUM,mind,main,vesp,1,29
DELIRIUM,MIND - DELIRIUM,mind,main,vip,1,29
DELIRIUM,MIND - DELIRIUM,mind,main,zinc,1,29
"DELIRIUM, morning",MIND - DELIRIUM - morning,mind,sub,ambr,2,29
"DELIRIUM, morning",MIND - DELIRIUM - morning,mind,sub,bry,1,29
"DELIRIUM, morning",MIND - DELIRIUM - morning,mind,sub,con,1,29
"DELIRIUM, morning",MIND - DELIRIUM - morning,mind,sub,dulc,1,29
"DELIRIUM, morning",MIND - DELIRIUM - morning,mind,sub,hell,1,29
"DELIRIUM, morning",MIND - DELIRIUM - morning,mind,sub,hep,1,29
"DELIRIUM, morning",MIND - DELIRIUM - morning,mind,sub,merc,1,29
"DELIRIUM, morning",MIND - DELIRIUM - morning,mind,sub,nat-c,1,29
"DELIRIUM, at daybreak",MIND - DELIRIUM - at daybreak,mind,sub,bry,2,29
"DELIRIUM, at daybreak",MIND - DELIRIUM - at daybreak,mind,sub,con,1,29
"DELIRIUM, waking, on","MIND - DELIRIUM - waking, on",mind,sub,ambr,2,29
"DELIRIUM, waking, on","MIND - DELIRIUM - waking, on",mind,sub,dulc,1,29
"DELIRIUM, waking, on","MIND - DELIRIUM - waking, on",mind,sub,hell,1,29
"DELIRIUM, waking, on","MIND - DELIRIUM - waking, on",mind,sub,hep,1,29
"DELIRIUM, waking, on","MIND - DELIRIUM - waking, on",mind,sub,graph,1,29
"DELIRIUM, evening",MIND - DELIRIUM - evening,mind,sub,bell,2,29
"DELIRIUM, evening",MIND - DELIRIUM - evening,mind,sub,bry,1,29
"DELIRIUM, evening",MIND - DELIRIUM - evening,mind,sub,canth,1,29
"DELIRIUM, evening",MIND - DELIRIUM - evening,mind,sub,croc,1,29
"DELIRIUM, evening",MIND - DELIRIUM - evening,mind,sub,lach,1,29
"DELIRIUM, evening",MIND - DELIRIUM - evening,mind,sub,lyc,1,29
"DELIRIUM, evening",MIND - DELIRIUM - evening,mind,sub,phos,1,29
"DELIRIUM, evening",MIND - DELIRIUM - evening,mind,sub,plb,1,29
"DELIRIUM, evening",MIND - DELIRIUM - evening,mind,sub,sulph,1,29
"DELIRIUM, dark, in the","MIND - DELIRIUM - dark, in the",mind,sub,calc-ar,2,29
"DELIRIUM, dark, in the","MIND - DELIRIUM - dark, in the",mind,sub,cupr,1,29
"DELIRIUM, nap, during","MIND - DELIRIUM - nap, during",mind,sub,nux-v,2,29
"DELIRIUM, night",MIND - DELIRIUM - night,mind,sub,acon,2,29
"DELIRIUM, night",MIND - DELIRIUM - night,mind,sub,apis,1,29
"DELIRIUM, night",MIND - DELIRIUM - night,mind,sub,ars,2,29
"DELIRIUM, night",MIND - DELIRIUM - night,mind,sub,ars-i,2,29
"DELIRIUM, night",MIND - DELIRIUM - night,mind,sub,bapt,2,29
"DELIRIUM, night",MIND - DELIRIUM - night,mind,sub,bell,1,29
"DELIRIUM, night",MIND - DELIRIUM - night,mind,sub,bry,1,29
"DELIRIUM, night",MIND - DELIRIUM - night,mind,sub,cact,1,29
"DELIRIUM, night",MIND - DELIRIUM - night,mind,sub,calc,1,29
"DELIRIUM, night",MIND - DELIRIUM - night,mind,sub,camph,1,29
"DELIRIUM, night",MIND - DELIRIUM - night,mind,sub,cann-i,1,29
"DELIRIUM, night",MIND - DELIRIUM - night,mind,sub,canth,1,29
"DELIRIUM, night",MIND - DELIRIUM - night,mind,sub,carb-s,1,29
"DELIRIUM, night",MIND - DELIRIUM - night,mind,sub,carb-v,1,29
"DELIRIUM, night",MIND - DELIRIUM - night,mind,sub,chel,1,29
"DELIRIUM, night",MIND - DELIRIUM - night,mind,sub,chin-a,1,29
"DELIRIUM, night",MIND - DELIRIUM - night,mind,sub,chin-s,1,29
"DELIRIUM, night",MIND - DELIRIUM - night,mind,sub,cod,1,29
"DELIRIUM, night",MIND - DELIRIUM - night,mind,sub,coff,1,29
"DELIRIUM, night",MIND - DELIRIUM - night,mind,sub,colch,1,29
"DELIRIUM, night",MIND - DELIRIUM - night,mind,sub,cor-r,1,29
"DELIRIUM, night",MIND - DELIRIUM - night,mind,sub,crot-h,1,29
"DELIRIUM, night",MIND - DELIRIUM - night,mind,sub,dig,1,29
"DELIRIUM, night",MIND - DELIRIUM - night,mind,sub,dulc,1,29
"DELIRIUM, night",MIND - DELIRIUM - night,mind,sub,ether,1,29
"DELIRIUM, night",MIND - DELIRIUM - night,mind,sub,glon,1,29
"DELIRIUM, night",MIND - DELIRIUM - night,mind,sub,graph,1,29
"DELIRIUM, night",MIND - DELIRIUM - night,mind,sub,hell,1,29
"DELIRIUM, night",MIND - DELIRIUM - night,mind,sub,hep,1,29
"DELIRIUM, night",MIND - DELIRIUM - night,mind,sub,hyos,2,29
"DELIRIUM, night",MIND - DELIRIUM - night,mind,sub,hyper,1,29
"DELIRIUM, night",MIND - DELIRIUM - night,mind,sub,jatr,1,29
"DELIRIUM, night",MIND - DELIRIUM - night,mind,sub,lobel,1,29
"DELIRIUM, night",MIND - DELIRIUM - night,mind,sub,lyc,2,29
"DELIRIUM, night",MIND - DELIRIUM - night,mind,sub,merc,1,29
"DELIRIUM, night",MIND - DELIRIUM - night,mind,sub,merc-c,1,29
"DELIRIUM, night",MIND - DELIRIUM - night,mind,sub,nat-m,1,29
"DELIRIUM, night",MIND - DELIRIUM - night,mind,sub,op,1,29
"DELIRIUM, night",MIND - DELIRIUM - night,mind,sub,plb,1,29
"DELIRIUM, night",MIND - DELIRIUM - night,mind,sub,rhod,1,29
"DELIRIUM, night",MIND - DELIRIUM - night,mind,sub,sec,1,29
"DELIRIUM, night",MIND - DELIRIUM - night,mind,sub,stram,2,29
"DELIRIUM, night",MIND - DELIRIUM - night,mind,sub,sulph,1,29
"DELIRIUM, night",MIND - DELIRIUM - night,mind,sub,sul-ac,1,29
"DELIRIUM, night",MIND - DELIRIUM - night,mind,sub,valer,1,29
"DELIRIUM, night",MIND - DELIRIUM - night,mind,sub,verat,1,29
"DELIRIUM, night",MIND - DELIRIUM - night,mind,sub,lachn,2,29
"DELIRIUM, abandons her relatives",MIND - DELIRIUM - abandons her relatives,mind,sub,sec,2,29
"DELIRIUM, absurd things, does","MIND - DELIRIUM - absurd things, does",mind,sub,sec,2,29
"DELIRIUM, alternating with colic",MIND - DELIRIUM - alternating with colic,mind,sub,plb,2,29
"DELIRIUM, coma, also with somnolency","MIND - DELIRIUM - coma, also with somnolency",mind,sub,stram,1,29
"DELIRIUM, sopor",MIND - DELIRIUM - sopor,mind,sub,acet-ac,2,29
"DELIRIUM, sopor",MIND - DELIRIUM - sopor,mind,sub,cocc,1,29
"DELIRIUM, sopor",MIND - DELIRIUM - sopor,mind,sub,coloc,1,29
"DELIRIUM, sopor",MIND - DELIRIUM - sopor,mind,sub,plb,1,29
"DELIRIUM, sopor",MIND - DELIRIUM - sopor,mind,sub,vip,1,29
"DELIRIUM, tetanic convulsions, lies on his back, knees and thighs flexed, hands joined","MIND - DELIRIUM - tetanic convulsions, lies on his back, knees and thighs flexed, hands joined",mind,sub,stram,2,29
"DELIRIUM, angry",MIND - DELIRIUM - angry,mind,sub,cocc,2,29
"DELIRIUM, antics, plays","MIND - DELIRIUM - antics, plays",mind,sub,bell,2,30
"DELIRIUM, antics, plays","MIND - DELIRIUM - antics, plays",mind,sub,cupr,1,30
"DELIRIUM, antics, plays","MIND - DELIRIUM - antics, plays",mind,sub,hyos,2,30
"DELIRIUM, antics, plays","MIND - DELIRIUM - antics, plays",mind,sub,lact,1,30
"DELIRIUM, antics, plays","MIND - DELIRIUM - antics, plays",mind,sub,op,1,30
"DELIRIUM, antics, plays","MIND - DELIRIUM - antics, plays",mind,sub,phos,1,30
"DELIRIUM, antics, plays","MIND - DELIRIUM - antics, plays",mind,sub,plb,1,30
"DELIRIUM, antics, plays","MIND - DELIRIUM - antics, plays",mind,sub,stram,1,30
"DELIRIUM, anxious",MIND - DELIRIUM - anxious,mind,sub,acon,2,30
"DELIRIUM, anxious",MIND - DELIRIUM - anxious,mind,sub,anac,1,30
"DELIRIUM, anxious",MIND - DELIRIUM - anxious,mind,sub,bell,1,30
"DELIRIUM, anxious",MIND - DELIRIUM - anxious,mind,sub,camph,1,30
"DELIRIUM, anxious",MIND - DELIRIUM - anxious,mind,sub,hep,1,30
"DELIRIUM, anxious",MIND - DELIRIUM - anxious,mind,sub,hyos,1,30
"DELIRIUM, anxious",MIND - DELIRIUM - anxious,mind,sub,nux-v,1,30
"DELIRIUM, anxious",MIND - DELIRIUM - anxious,mind,sub,op,1,30
"DELIRIUM, anxious",MIND - DELIRIUM - anxious,mind,sub,phos,1,30
"DELIRIUM, anxious",MIND - DELIRIUM - anxious,mind,sub,plb,1,30
"DELIRIUM, anxious",MIND - DELIRIUM - anxious,mind,sub,sil,1,30
"DELIRIUM, anxious",MIND - DELIRIUM - anxious,mind,sub,stram,1,30
"DELIRIUM, anxious",MIND - DELIRIUM - anxious,mind,sub,verat,1,30
"DELIRIUM, apathetic",MIND - DELIRIUM - apathetic,mind,sub,ph-ac,2,30
"DELIRIUM, apathetic",MIND - DELIRIUM - apathetic,mind,sub,verat,1,30
"DELIRIUM, arms, throws about","MIND - DELIRIUM - arms, throws about",mind,sub,bell,2,30
"DELIRIUM, aroused, on being","MIND - DELIRIUM - aroused, on being",mind,sub,hep,2,30
"DELIRIUM, aroused, on being","MIND - DELIRIUM - aroused, on being",mind,sub,phos,1,30
"DELIRIUM, attacks people with knife",MIND - DELIRIUM - attacks people with knife,mind,sub,hyos,2,30
"DELIRIUM, creeps about in",MIND - DELIRIUM - creeps about in,mind,sub,stram,2,30
"DELIRIUM, bellows like a calf",MIND - DELIRIUM - bellows like a calf,mind,sub,cupr,2,30
"DELIRIUM, blames himself for his folly",MIND - DELIRIUM - blames himself for his folly,mind,sub,op,2,30
"DELIRIUM, busy",MIND - DELIRIUM - busy,mind,sub,bapt,2,30
"DELIRIUM, busy",MIND - DELIRIUM - busy,mind,sub,bell,1,30
"DELIRIUM, busy",MIND - DELIRIUM - busy,mind,sub,bry,1,30
"DELIRIUM, busy",MIND - DELIRIUM - busy,mind,sub,camph,1,30
"DELIRIUM, busy",MIND - DELIRIUM - busy,mind,sub,hyos,1,30
"DELIRIUM, busy",MIND - DELIRIUM - busy,mind,sub,rhus-t,1,30
"DELIRIUM, busy",MIND - DELIRIUM - busy,mind,sub,stram,1,30
"DELIRIUM, busy",MIND - DELIRIUM - busy,mind,sub,sulph,1,30
"DELIRIUM, changing subjects rapidly",MIND - DELIRIUM - changing subjects rapidly,mind,sub,lach,2,30
"DELIRIUM, cheerful",MIND - DELIRIUM - cheerful,mind,sub,acon,2,30
"DELIRIUM, cheerful",MIND - DELIRIUM - cheerful,mind,sub,bell,1,30
"DELIRIUM, cheerful",MIND - DELIRIUM - cheerful,mind,sub,cact,1,30
"DELIRIUM, cheerful",MIND - DELIRIUM - cheerful,mind,sub,con,1,30
"DELIRIUM, cheerful",MIND - DELIRIUM - cheerful,mind,sub,op,1,30
"DELIRIUM, cheerful",MIND - DELIRIUM - cheerful,mind,sub,sulph,1,30
"DELIRIUM, cheerful",MIND - DELIRIUM - cheerful,mind,sub,verat,1,30
"DELIRIUM, chill, during","MIND - DELIRIUM - chill, during",mind,sub,arn,2,30
"DELIRIUM, chill, during","MIND - DELIRIUM - chill, during",mind,sub,ars,1,30
"DELIRIUM, chill, during","MIND - DELIRIUM - chill, during",mind,sub,bell,1,30
"DELIRIUM, chill, during","MIND - DELIRIUM - chill, during",mind,sub,cham,1,30
"DELIRIUM, chill, during","MIND - DELIRIUM - chill, during",mind,sub,nat-m,2,30
"DELIRIUM, chill, during","MIND - DELIRIUM - chill, during",mind,sub,nux-m,1,30
"DELIRIUM, chill, during","MIND - DELIRIUM - chill, during",mind,sub,nux-v,1,30
"DELIRIUM, chill, during","MIND - DELIRIUM - chill, during",mind,sub,puls,1,30
"DELIRIUM, chill, during","MIND - DELIRIUM - chill, during",mind,sub,sep,1,30
"DELIRIUM, chill, during","MIND - DELIRIUM - chill, during",mind,sub,stram,1,30
"DELIRIUM, chill, during","MIND - DELIRIUM - chill, during",mind,sub,sulph,1,30
"DELIRIUM, chill, during","MIND - DELIRIUM - chill, during",mind,sub,verat,1,30
"DELIRIUM, closing the eyes, on","MIND - DELIRIUM - closing the eyes, on",mind,sub,bapt,2,30
"DELIRIUM, closing the eyes, on","MIND - DELIRIUM - closing the eyes, on",mind,sub,bell,1,30
"DELIRIUM, closing the eyes, on","MIND - DELIRIUM - closing the eyes, on",mind,sub,bry,1,30
"DELIRIUM, closing the eyes, on","MIND - DELIRIUM - closing the eyes, on",mind,sub,calc,1,30
"DELIRIUM, closing the eyes, on","MIND - DELIRIUM - closing the eyes, on",mind,sub,graph,1,30
"DELIRIUM, closing the eyes, on","MIND - DELIRIUM - closing the eyes, on",mind,sub,lach,1,30
"DELIRIUM, closing the eyes, on","MIND - DELIRIUM - closing the eyes, on",mind,sub,led,1,30
"DELIRIUM, closing the eyes, on","MIND - DELIRIUM - closing the eyes, on",mind,sub,pyrog,1,30
"DELIRIUM, closing the eyes, on","MIND - DELIRIUM - closing the eyes, on",mind,sub,sulph,1,30
"DELIRIUM, coldness, with","MIND - DELIRIUM - coldness, with",mind,sub,verat,2,30
"DELIRIUM, comical",MIND - DELIRIUM - comical,mind,sub,hyos,2,30
"DELIRIUM, comical",MIND - DELIRIUM - comical,mind,sub,stram,1,30
"DELIRIUM, comical",MIND - DELIRIUM - comical,mind,sub,verat,1,30
"DELIRIUM, constant",MIND - DELIRIUM - constant,mind,sub,bapt,2,30
"DELIRIUM, constant",MIND - DELIRIUM - constant,mind,sub,con,1,30
"DELIRIUM, constant",MIND - DELIRIUM - constant,mind,sub,lach,1,30
"DELIRIUM, convulsions, before","MIND - DELIRIUM - convulsions, before",mind,sub,op,2,30
"DELIRIUM, convulsions, during","MIND - DELIRIUM - convulsions, during",mind,sub,ars,2,30
"DELIRIUM, convulsions, during","MIND - DELIRIUM - convulsions, during",mind,sub,crot-h,1,30
"DELIRIUM, crying",MIND - DELIRIUM - crying,mind,sub,bell,2,30
"DELIRIUM, crying",MIND - DELIRIUM - crying,mind,sub,caust,1,30
"DELIRIUM, crying",MIND - DELIRIUM - crying,mind,sub,cina,1,30
"DELIRIUM, crying, for help","MIND - DELIRIUM - crying, for help",mind,sub,canth,2,30
"DELIRIUM, dark, in","MIND - DELIRIUM - dark, in",mind,sub,calc-ar,2,30
"DELIRIUM, dark, in","MIND - DELIRIUM - dark, in",mind,sub,carb-v,1,30
"DELIRIUM, dark, in","MIND - DELIRIUM - dark, in",mind,sub,cupr,1,30
"DELIRIUM, dark, in","MIND - DELIRIUM - dark, in",mind,sub,stram,1,30
"DELIRIUM, depletion, after","MIND - DELIRIUM - depletion, after",mind,sub,chin,2,30
"DELIRIUM, eating, amel","MIND - DELIRIUM - eating, amel",mind,sub,anac,2,30
"DELIRIUM, eating, amel","MIND - DELIRIUM - eating, amel",mind,sub,bell,1,30
"DELIRIUM, embraces the stove",MIND - DELIRIUM - embraces the stove,mind,sub,hyos,2,30
"DELIRIUM, epilepsy, during","MIND - DELIRIUM - epilepsy, during",mind,sub,op,2,30
"DELIRIUM, epilepsy, after","MIND - DELIRIUM - epilepsy, after",mind,sub,arg-m,2,30
"DELIRIUM, epilepsy, after","MIND - DELIRIUM - epilepsy, after",mind,sub,plb,1,30
"DELIRIUM, erotic",MIND - DELIRIUM - erotic,mind,sub,camph,2,30
"DELIRIUM, erotic",MIND - DELIRIUM - erotic,mind,sub,cann-i,1,30
"DELIRIUM, erotic",MIND - DELIRIUM - erotic,mind,sub,canth,1,30
"DELIRIUM, erotic",MIND - DELIRIUM - erotic,mind,sub,kali-br,1,30
"DELIRIUM, erotic",MIND - DELIRIUM - erotic,mind,sub,lach,1,30
"DELIRIUM, erotic",MIND - DELIRIUM - erotic,mind,sub,phos,1,30
"DELIRIUM, erotic",MIND - DELIRIUM - erotic,mind,sub,stram,1,30
"DELIRIUM, exaltation of strength, with","MIND - DELIRIUM - exaltation of strength, with",mind,sub,agar,2,30
"DELIRIUM, exaltation of strength, with","MIND - DELIRIUM - exaltation of strength, with",mind,sub,aur,1,30
"DELIRIUM, exaltation of strength, with","MIND - DELIRIUM - exaltation of strength, with",mind,sub,hyos,1,30
"DELIRIUM, exaltation of strength, with","MIND - DELIRIUM - exaltation of strength, with",mind,sub,stram,1,30
"DELIRIUM, fantastic",MIND - DELIRIUM - fantastic,mind,sub,bell,2,30
"DELIRIUM, fantastic",MIND - DELIRIUM - fantastic,mind,sub,carb-s,1,30
"DELIRIUM, fantastic",MIND - DELIRIUM - fantastic,mind,sub,cham,1,30
"DELIRIUM, fantastic",MIND - DELIRIUM - fantastic,mind,sub,con,1,30
"DELIRIUM, fantastic",MIND - DELIRIUM - fantastic,mind,sub,dulc,1,30
"DELIRIUM, fantastic",MIND - DELIRIUM - fantastic,mind,sub,graph,1,30
"DELIRIUM, fantastic",MIND - DELIRIUM - fantastic,mind,sub,hyos,1,30
"DELIRIUM, fantastic",MIND - DELIRIUM - fantastic,mind,sub,op,1,30
"DELIRIUM, fantastic",MIND - DELIRIUM - fantastic,mind,sub,sep,1,30
"DELIRIUM, fantastic",MIND - DELIRIUM - fantastic,mind,sub,sil,1,30
"DELIRIUM, fantastic",MIND - DELIRIUM - fantastic,mind,sub,spong,1,30
"DELIRIUM, fantastic",MIND - DELIRIUM - fantastic,mind,sub,stram,1,30
"DELIRIUM, fantastic",MIND - DELIRIUM - fantastic,mind,sub,sulph,1,30
"DELIRIUM, fatigue, study, etc., from","MIND - DELIRIUM - fatigue, study, etc., from",mind,sub,lach,2,30
"DELIRIUM, fear of men, with","MIND - DELIRIUM - fear of men, with",mind,sub,bell,2,30
"DELIRIUM, fear of men, with","MIND - DELIRIUM - fear of men, with",mind,sub,plat,1,30
"DELIRIUM, fierce",MIND - DELIRIUM - fierce,mind,sub,agar,2,30
"DELIRIUM, fierce",MIND - DELIRIUM - fierce,mind,sub,bell,1,30
"DELIRIUM, fierce",MIND - DELIRIUM - fierce,mind,sub,hyos,1,30
"DELIRIUM, fierce",MIND - DELIRIUM - fierce,mind,sub,stram,1,30
"DELIRIUM, fire, talks of","MIND - DELIRIUM - fire, talks of",mind,sub,calc,2,30
"DELIRIUM, foolish, silly","MIND - DELIRIUM - foolish, silly",mind,sub,acon,2,30
"DELIRIUM, foolish, silly","MIND - DELIRIUM - foolish, silly",mind,sub,zth,1,30
"DELIRIUM, foolish, silly","MIND - DELIRIUM - foolish, silly",mind,sub,bell,1,30
"DELIRIUM, foolish, silly","MIND - DELIRIUM - foolish, silly",mind,sub,hyos,1,30
"DELIRIUM, foolish, silly","MIND - DELIRIUM - foolish, silly",mind,sub,merc,1,30
"DELIRIUM, foolish, silly","MIND - DELIRIUM - foolish, silly",mind,sub,op,1,30
"DELIRIUM, foolish, silly","MIND - DELIRIUM - foolish, silly",mind,sub,stram,1,30
"DELIRIUM, foreign countries, talks of","MIND - DELIRIUM - foreign countries, talks of",mind,sub,cann-i,2,30
"DELIRIUM, language, talks in a","MIND - DELIRIUM - language, talks in a",mind,sub,stram,2,30
"DELIRIUM, frightful",MIND - DELIRIUM - frightful,mind,sub,acon,2,30
"DELIRIUM, frightful",MIND - DELIRIUM - frightful,mind,sub,anac,1,30
"DELIRIUM, frightful",MIND - DELIRIUM - frightful,mind,sub,atro,1,30
"DELIRIUM, frightful",MIND - DELIRIUM - frightful,mind,sub,bell,2,30
"DELIRIUM, frightful",MIND - DELIRIUM - frightful,mind,sub,calc,1,30
"DELIRIUM, frightful",MIND - DELIRIUM - frightful,mind,sub,canth,1,30
"DELIRIUM, frightful",MIND - DELIRIUM - frightful,mind,sub,cic,1,30
"DELIRIUM, frightful",MIND - DELIRIUM - frightful,mind,sub,colch,1,30
"DELIRIUM, frightful",MIND - DELIRIUM - frightful,mind,sub,coloc,1,30
"DELIRIUM, frightful",MIND - DELIRIUM - frightful,mind,sub,dig,1,30
"DELIRIUM, frightful",MIND - DELIRIUM - frightful,mind,sub,hyos,1,30
"DELIRIUM, frightful",MIND - DELIRIUM - frightful,mind,sub,nat-m,1,30
"DELIRIUM, frightful",MIND - DELIRIUM - frightful,mind,sub,nux-v,1,30
"DELIRIUM, frightful",MIND - DELIRIUM - frightful,mind,sub,op,1,30
"DELIRIUM, frightful",MIND - DELIRIUM - frightful,mind,sub,phos,1,30
"DELIRIUM, frightful",MIND - DELIRIUM - frightful,mind,sub,plb,1,30
"DELIRIUM, frightful",MIND - DELIRIUM - frightful,mind,sub,puls,1,30
"DELIRIUM, frightful",MIND - DELIRIUM - frightful,mind,sub,sec,1,30
"DELIRIUM, frightful",MIND - DELIRIUM - frightful,mind,sub,sil,1,30
"DELIRIUM, frightful",MIND - DELIRIUM - frightful,mind,sub,stram,2,30
"DELIRIUM, frightful",MIND - DELIRIUM - frightful,mind,sub,verat,1,30
"DELIRIUM, frightful",MIND - DELIRIUM - frightful,mind,sub,zinc,1,30
"DELIRIUM, gather objects off the wall, tries to","MIND - DELIRIUM - gather objects off the wall, tries to",mind,sub,bell,2,30
"DELIRIUM, gather objects off the wall, tries to","MIND - DELIRIUM - gather objects off the wall, tries to",mind,sub,hyos,1,30
"DELIRIUM, gather objects off the wall, tries to","MIND - DELIRIUM - gather objects off the wall, tries to",mind,sub,gay,1,30
"DELIRIUM, gather objects off the wall, tries to","MIND - DELIRIUM - gather objects off the wall, tries to",mind,sub,agar,2,30
"DELIRIUM, gather objects off the wall, tries to","MIND - DELIRIUM - gather objects off the wall, tries to",mind,sub,aur,1,30
"DELIRIUM, gather objects off the wall, tries to","MIND - DELIRIUM - gather objects off the wall, tries to",mind,sub,cann-s,1,30
"DELIRIUM, gather objects off the wall, tries to","MIND - DELIRIUM - gather objects off the wall, tries to",mind,sub,con,1,30
"DELIRIUM, gather objects off the wall, tries to","MIND - DELIRIUM - gather objects off the wall, tries to",mind,sub,lact,1,30
"DELIRIUM, gather objects off the wall, tries to","MIND - DELIRIUM - gather objects off the wall, tries to",mind,sub,stram,1,30
"DELIRIUM, alternating with laughing, singing, whistling, crying, etc","MIND - DELIRIUM - alternating with laughing, singing, whistling, crying, etc",mind,sub,stram,2,31
"DELIRIUM, with melancholy",MIND - DELIRIUM - with melancholy,mind,sub,agar,2,31
"DELIRIUM, headache, during","MIND - DELIRIUM - headache, during",mind,sub,acon,2,31
"DELIRIUM, headache, during","MIND - DELIRIUM - headache, during",mind,sub,agar,1,31
"DELIRIUM, headache, during","MIND - DELIRIUM - headache, during",mind,sub,ars,1,31
"DELIRIUM, headache, during","MIND - DELIRIUM - headache, during",mind,sub,colch,1,31
"DELIRIUM, headache, during","MIND - DELIRIUM - headache, during",mind,sub,glon,1,31
"DELIRIUM, headache, during","MIND - DELIRIUM - headache, during",mind,sub,mag-c,1,31
"DELIRIUM, headache, during","MIND - DELIRIUM - headache, during",mind,sub,mosch,1,31
"DELIRIUM, headache, during","MIND - DELIRIUM - headache, during",mind,sub,verat,1,31
"DELIRIUM, heat agg",MIND - DELIRIUM - heat agg,mind,sub,stram,2,31
"DELIRIUM, hemorrhage, after","MIND - DELIRIUM - hemorrhage, after",mind,sub,arn,2,31
"DELIRIUM, hemorrhage, after","MIND - DELIRIUM - hemorrhage, after",mind,sub,ars,1,31
"DELIRIUM, hemorrhage, after","MIND - DELIRIUM - hemorrhage, after",mind,sub,chin,1,31
"DELIRIUM, hemorrhage, after","MIND - DELIRIUM - hemorrhage, after",mind,sub,ign,1,31
"DELIRIUM, hemorrhage, after","MIND - DELIRIUM - hemorrhage, after",mind,sub,lach,1,31
"DELIRIUM, hemorrhage, after","MIND - DELIRIUM - hemorrhage, after",mind,sub,lyc,1,31
"DELIRIUM, hemorrhage, after","MIND - DELIRIUM - hemorrhage, after",mind,sub,phos,1,31
"DELIRIUM, hemorrhage, after","MIND - DELIRIUM - hemorrhage, after",mind,sub,ph-ac,1,31
"DELIRIUM, hemorrhage, after","MIND - DELIRIUM - hemorrhage, after",mind,sub,sep,1,31
"DELIRIUM, hemorrhage, after","MIND - DELIRIUM - hemorrhage, after",mind,sub,squil,1,31
"DELIRIUM, hemorrhage, after","MIND - DELIRIUM - hemorrhage, after",mind,sub,sulph,1,31
"DELIRIUM, hemorrhage, after","MIND - DELIRIUM - hemorrhage, after",mind,sub,verat,1,31
"DELIRIUM, hysterical, almost","MIND - DELIRIUM - hysterical, almost",mind,sub,bell,2,31
"DELIRIUM, hysterical, almost","MIND - DELIRIUM - hysterical, almost",mind,sub,ign,1,31
"DELIRIUM, hysterical, almost","MIND - DELIRIUM - hysterical, almost",mind,sub,tarent,1,31
"DELIRIUM, hysterical, almost","MIND - DELIRIUM - hysterical, almost",mind,sub,verat,1,31
"DELIRIUM, intermittent",MIND - DELIRIUM - intermittent,mind,sub,con,2,31
"DELIRIUM, laughing",MIND - DELIRIUM - laughing,mind,sub,acon,2,31
"DELIRIUM, laughing",MIND - DELIRIUM - laughing,mind,sub,bell,1,31
"DELIRIUM, laughing",MIND - DELIRIUM - laughing,mind,sub,colch,1,31
"DELIRIUM, laughing",MIND - DELIRIUM - laughing,mind,sub,con,1,31
"DELIRIUM, laughing",MIND - DELIRIUM - laughing,mind,sub,hyos,1,31
"DELIRIUM, laughing",MIND - DELIRIUM - laughing,mind,sub,ign,1,31
"DELIRIUM, laughing",MIND - DELIRIUM - laughing,mind,sub,lach,1,31
"DELIRIUM, laughing",MIND - DELIRIUM - laughing,mind,sub,lact,1,31
"DELIRIUM, laughing",MIND - DELIRIUM - laughing,mind,sub,op,1,31
"DELIRIUM, laughing",MIND - DELIRIUM - laughing,mind,sub,plb,1,31
"DELIRIUM, laughing",MIND - DELIRIUM - laughing,mind,sub,sec,1,31
"DELIRIUM, laughing",MIND - DELIRIUM - laughing,mind,sub,sep,1,31
"DELIRIUM, laughing",MIND - DELIRIUM - laughing,mind,sub,stram,1,31
"DELIRIUM, laughing",MIND - DELIRIUM - laughing,mind,sub,sulph,1,31
"DELIRIUM, laughing",MIND - DELIRIUM - laughing,mind,sub,thea,1,31
"DELIRIUM, laughing",MIND - DELIRIUM - laughing,mind,sub,verat,1,31
"DELIRIUM, laughing",MIND - DELIRIUM - laughing,mind,sub,zinc,1,31
"DELIRIUM, look fixed on one point staring",MIND - DELIRIUM - look fixed on one point staring,mind,sub,art-v,2,31
"DELIRIUM, look fixed on one point staring",MIND - DELIRIUM - look fixed on one point staring,mind,sub,bov,1,31
"DELIRIUM, look fixed on one point staring",MIND - DELIRIUM - look fixed on one point staring,mind,sub,camph,1,31
"DELIRIUM, look fixed on one point staring",MIND - DELIRIUM - look fixed on one point staring,mind,sub,canth,1,31
"DELIRIUM, look fixed on one point staring",MIND - DELIRIUM - look fixed on one point staring,mind,sub,cupr,1,31
"DELIRIUM, look fixed on one point staring",MIND - DELIRIUM - look fixed on one point staring,mind,sub,ign,1,31
"DELIRIUM, look fixed on one point staring",MIND - DELIRIUM - look fixed on one point staring,mind,sub,stram,1,31
"DELIRIUM, look fixed on one point staring",MIND - DELIRIUM - look fixed on one point staring,mind,sub,ran-b,1,31
"DELIRIUM, staring, with wrinkled face","MIND - DELIRIUM - staring, with wrinkled face",mind,sub,stram,2,31
"DELIRIUM, loquacious",MIND - DELIRIUM - loquacious,mind,sub,agar,2,31
"DELIRIUM, loquacious",MIND - DELIRIUM - loquacious,mind,sub,aur,1,31
"DELIRIUM, loquacious",MIND - DELIRIUM - loquacious,mind,sub,bapt,1,31
"DELIRIUM, loquacious",MIND - DELIRIUM - loquacious,mind,sub,bar-c,1,31
"DELIRIUM, loquacious",MIND - DELIRIUM - loquacious,mind,sub,bell,1,31
"DELIRIUM, loquacious",MIND - DELIRIUM - loquacious,mind,sub,bry,1,31
"DELIRIUM, loquacious",MIND - DELIRIUM - loquacious,mind,sub,camph,1,31
"DELIRIUM, loquacious",MIND - DELIRIUM - loquacious,mind,sub,cimic,2,31
"DELIRIUM, loquacious",MIND - DELIRIUM - loquacious,mind,sub,crot-h,1,31
"DELIRIUM, loquacious",MIND - DELIRIUM - loquacious,mind,sub,cupr,1,31
"DELIRIUM, loquacious",MIND - DELIRIUM - loquacious,mind,sub,gels,1,31
"DELIRIUM, loquacious",MIND - DELIRIUM - loquacious,mind,sub,hyos,1,31
"DELIRIUM, loquacious",MIND - DELIRIUM - loquacious,mind,sub,lach,2,31
"DELIRIUM, loquacious",MIND - DELIRIUM - loquacious,mind,sub,lachn,2,31
"DELIRIUM, loquacious",MIND - DELIRIUM - loquacious,mind,sub,lyss,1,31
"DELIRIUM, loquacious",MIND - DELIRIUM - loquacious,mind,sub,naja,1,31
"DELIRIUM, loquacious",MIND - DELIRIUM - loquacious,mind,sub,cena,1,31
"DELIRIUM, loquacious",MIND - DELIRIUM - loquacious,mind,sub,op,1,31
"DELIRIUM, loquacious",MIND - DELIRIUM - loquacious,mind,sub,par,1,31
"DELIRIUM, loquacious",MIND - DELIRIUM - loquacious,mind,sub,petr,1,31
"DELIRIUM, loquacious",MIND - DELIRIUM - loquacious,mind,sub,phos,1,31
"DELIRIUM, loquacious",MIND - DELIRIUM - loquacious,mind,sub,plat,1,31
"DELIRIUM, loquacious",MIND - DELIRIUM - loquacious,mind,sub,plb,1,31
"DELIRIUM, loquacious",MIND - DELIRIUM - loquacious,mind,sub,rhus-t,1,31
"DELIRIUM, loquacious",MIND - DELIRIUM - loquacious,mind,sub,stram,1,31
"DELIRIUM, loquacious",MIND - DELIRIUM - loquacious,mind,sub,verat,1,31
"DELIRIUM, indistinct",MIND - DELIRIUM - indistinct,mind,sub,apis,2,31
"DELIRIUM, indistinct",MIND - DELIRIUM - indistinct,mind,sub,hyos,1,31
"DELIRIUM, loss of fluids, from","MIND - DELIRIUM - loss of fluids, from",mind,sub,chin,2,31
"DELIRIUM, loss of fluids, from","MIND - DELIRIUM - loss of fluids, from",mind,sub,lach,1,31
"DELIRIUM, maniacal",MIND - DELIRIUM - maniacal,mind,sub,acon,2,31
"DELIRIUM, maniacal",MIND - DELIRIUM - maniacal,mind,sub,eth,1,31
"DELIRIUM, maniacal",MIND - DELIRIUM - maniacal,mind,sub,ail,1,31
"DELIRIUM, maniacal",MIND - DELIRIUM - maniacal,mind,sub,ant-c,1,31
"DELIRIUM, maniacal",MIND - DELIRIUM - maniacal,mind,sub,ars,1,31
"DELIRIUM, maniacal",MIND - DELIRIUM - maniacal,mind,sub,bell,1,31
"DELIRIUM, maniacal",MIND - DELIRIUM - maniacal,mind,sub,camph,1,31
"DELIRIUM, maniacal",MIND - DELIRIUM - maniacal,mind,sub,cann-i,1,31
"DELIRIUM, maniacal",MIND - DELIRIUM - maniacal,mind,sub,canth,1,31
"DELIRIUM, maniacal",MIND - DELIRIUM - maniacal,mind,sub,carb-s,1,31
"DELIRIUM, maniacal",MIND - DELIRIUM - maniacal,mind,sub,carb-v,1,31
"DELIRIUM, maniacal",MIND - DELIRIUM - maniacal,mind,sub,cham,1,31
"DELIRIUM, maniacal",MIND - DELIRIUM - maniacal,mind,sub,chin-s,1,31
"DELIRIUM, maniacal",MIND - DELIRIUM - maniacal,mind,sub,chlor,1,31
"DELIRIUM, maniacal",MIND - DELIRIUM - maniacal,mind,sub,cic,1,31
"DELIRIUM, maniacal",MIND - DELIRIUM - maniacal,mind,sub,cina,1,31
"DELIRIUM, maniacal",MIND - DELIRIUM - maniacal,mind,sub,clem,1,31
"DELIRIUM, maniacal",MIND - DELIRIUM - maniacal,mind,sub,cocc,1,31
"DELIRIUM, maniacal",MIND - DELIRIUM - maniacal,mind,sub,coff,1,31
"DELIRIUM, maniacal",MIND - DELIRIUM - maniacal,mind,sub,coloc,1,31
"DELIRIUM, maniacal",MIND - DELIRIUM - maniacal,mind,sub,con,1,31
"DELIRIUM, maniacal",MIND - DELIRIUM - maniacal,mind,sub,cop,1,31
"DELIRIUM, maniacal",MIND - DELIRIUM - maniacal,mind,sub,cor-r,1,31
"DELIRIUM, maniacal",MIND - DELIRIUM - maniacal,mind,sub,crot-c,1,31
"DELIRIUM, maniacal",MIND - DELIRIUM - maniacal,mind,sub,crot-h,1,31
"DELIRIUM, maniacal",MIND - DELIRIUM - maniacal,mind,sub,cupr,2,31
"DELIRIUM, maniacal",MIND - DELIRIUM - maniacal,mind,sub,dig,1,31
"DELIRIUM, maniacal",MIND - DELIRIUM - maniacal,mind,sub,dor,1,31
"DELIRIUM, maniacal",MIND - DELIRIUM - maniacal,mind,sub,dulc,1,31
"DELIRIUM, maniacal",MIND - DELIRIUM - maniacal,mind,sub,gels,1,31
"DELIRIUM, maniacal",MIND - DELIRIUM - maniacal,mind,sub,glon,1,31
"DELIRIUM, maniacal",MIND - DELIRIUM - maniacal,mind,sub,graph,1,31
"DELIRIUM, maniacal",MIND - DELIRIUM - maniacal,mind,sub,hell,1,31
"DELIRIUM, maniacal",MIND - DELIRIUM - maniacal,mind,sub,hep,2,31
"DELIRIUM, maniacal",MIND - DELIRIUM - maniacal,mind,sub,hyos,2,31
"DELIRIUM, maniacal",MIND - DELIRIUM - maniacal,mind,sub,hyper,1,31
"DELIRIUM, maniacal",MIND - DELIRIUM - maniacal,mind,sub,ign,1,31
"DELIRIUM, maniacal",MIND - DELIRIUM - maniacal,mind,sub,iod,1,31
"DELIRIUM, maniacal",MIND - DELIRIUM - maniacal,mind,sub,ip,1,31
"DELIRIUM, maniacal",MIND - DELIRIUM - maniacal,mind,sub,jatr,1,31
"DELIRIUM, maniacal",MIND - DELIRIUM - maniacal,mind,sub,kali-ar,1,31
"DELIRIUM, maniacal",MIND - DELIRIUM - maniacal,mind,sub,kali-br,1,31
"DELIRIUM, maniacal",MIND - DELIRIUM - maniacal,mind,sub,kali-c,1,31
"DELIRIUM, maniacal",MIND - DELIRIUM - maniacal,mind,sub,kali-i,1,31
"DELIRIUM, maniacal",MIND - DELIRIUM - maniacal,mind,sub,kali-n,1,31
"DELIRIUM, maniacal",MIND - DELIRIUM - maniacal,mind,sub,kali-p,1,31
"DELIRIUM, maniacal",MIND - DELIRIUM - maniacal,mind,sub,kali-s,1,31
"DELIRIUM, maniacal",MIND - DELIRIUM - maniacal,mind,sub,lach,2,31
"DELIRIUM, maniacal",MIND - DELIRIUM - maniacal,mind,sub,lachn,1,31
"DELIRIUM, maniacal",MIND - DELIRIUM - maniacal,mind,sub,lact,1,31
"DELIRIUM, maniacal",MIND - DELIRIUM - maniacal,mind,sub,laur,1,31
"DELIRIUM, maniacal",MIND - DELIRIUM - maniacal,mind,sub,lob,1,31
"DELIRIUM, maniacal",MIND - DELIRIUM - maniacal,mind,sub,lyc,2,31
"DELIRIUM, maniacal",MIND - DELIRIUM - maniacal,mind,sub,lyss,1,31
"DELIRIUM, maniacal",MIND - DELIRIUM - maniacal,mind,sub,mere,2,31
"DELIRIUM, maniacal",MIND - DELIRIUM - maniacal,mind,sub,merc-c,1,31
"DELIRIUM, maniacal",MIND - DELIRIUM - maniacal,mind,sub,merl,1,31
"DELIRIUM, maniacal",MIND - DELIRIUM - maniacal,mind,sub,mez,1,31
"DELIRIUM, maniacal",MIND - DELIRIUM - maniacal,mind,sub,morph,1,31
"DELIRIUM, maniacal",MIND - DELIRIUM - maniacal,mind,sub,mosch,1,31
"DELIRIUM, maniacal",MIND - DELIRIUM - maniacal,mind,sub,nat-c,1,31
"DELIRIUM, maniacal",MIND - DELIRIUM - maniacal,mind,sub,op,1,31
"DELIRIUM, maniacal",MIND - DELIRIUM - maniacal,mind,sub,plb,1,31
"DELIRIUM, maniacal",MIND - DELIRIUM - maniacal,mind,sub,rhod,1,31
"DELIRIUM, maniacal",MIND - DELIRIUM - maniacal,mind,sub,sec,1,31
"DELIRIUM, maniacal",MIND - DELIRIUM - maniacal,mind,sub,stram,2,31
"DELIRIUM, maniacal",MIND - DELIRIUM - maniacal,mind,sub,tarent,1,31
"DELIRIUM, maniacal",MIND - DELIRIUM - maniacal,mind,sub,ter,1,31
"DELIRIUM, maniacal",MIND - DELIRIUM - maniacal,mind,sub,verat,1,31
"DELIRIUM, maniacal",MIND - DELIRIUM - maniacal,mind,sub,zinc,1,31
"DELIRIUM, menses, before","MIND - DELIRIUM - menses, before",mind,sub,ars,2,31
"DELIRIUM, menses, before","MIND - DELIRIUM - menses, before",mind,sub,bell,1,31
"DELIRIUM, menses, before","MIND - DELIRIUM - menses, before",mind,sub,hyos,1,31
"DELIRIUM, menses, before","MIND - DELIRIUM - menses, before",mind,sub,lyc,1,31
"DELIRIUM, menses, during","MIND - DELIRIUM - menses, during",mind,sub,acon,2,31
"DELIRIUM, menses, during","MIND - DELIRIUM - menses, during",mind,sub,apis,1,31
"DELIRIUM, menses, during","MIND - DELIRIUM - menses, during",mind,sub,bell,1,31
"DELIRIUM, menses, during","MIND - DELIRIUM - menses, during",mind,sub,cocc,1,31
"DELIRIUM, menses, during","MIND - DELIRIUM - menses, during",mind,sub,hyos,1,31
"DELIRIUM, menses, during","MIND - DELIRIUM - menses, during",mind,sub,lyc,1,31
"DELIRIUM, menses, during","MIND - DELIRIUM - menses, during",mind,sub,nux-m,1,31
"DELIRIUM, menses, during","MIND - DELIRIUM - menses, during",mind,sub,puls,1,31
"DELIRIUM, menses, during","MIND - DELIRIUM - menses, during",mind,sub,stram,1,31
"DELIRIUM, menses, during","MIND - DELIRIUM - menses, during",mind,sub,verat,1,31
"DELIRIUM, mental exertion",MIND - DELIRIUM - mental exertion,mind,sub,lach,2,31
"DELIRIUM, miscarriage, after","MIND - DELIRIUM - miscarriage, after",mind,sub,ruta,2,31
"DELIRIUM, mouth, moves lips as if talking","MIND - DELIRIUM - mouth, moves lips as if talking",mind,sub,bell,2,31
"DELIRIUM, puts stones in",MIND - DELIRIUM - puts stones in,mind,sub,merc,2,31
"DELIRIUM, murmuring",MIND - DELIRIUM - murmuring,mind,sub,arn,2,31
"DELIRIUM, murmuring",MIND - DELIRIUM - murmuring,mind,sub,calad,1,31
"DELIRIUM, murmuring",MIND - DELIRIUM - murmuring,mind,sub,hyos,1,31
"DELIRIUM, murmuring",MIND - DELIRIUM - murmuring,mind,sub,lyc,1,31
"DELIRIUM, murmuring",MIND - DELIRIUM - murmuring,mind,sub,ph-ac,1,31
"DELIRIUM, murmuring",MIND - DELIRIUM - murmuring,mind,sub,phos,1,31
"DELIRIUM, murmuring",MIND - DELIRIUM - murmuring,mind,sub,rhus-t,1,31
"DELIRIUM, murmuring",MIND - DELIRIUM - murmuring,mind,sub,stram,1,31
"DELIRIUM, murmuring",MIND - DELIRIUM - murmuring,mind,sub,tab,1,31
"DELIRIUM, slowly",MIND - DELIRIUM - slowly,mind,sub,ph-ac,2,31
"DELIRIUM, to himself",MIND - DELIRIUM - to himself,mind,sub,hyos,2,31
"DELIRIUM, to himself",MIND - DELIRIUM - to himself,mind,sub,tab,1,31
"DELIRIUM, muttering",MIND - DELIRIUM - muttering,mind,sub,ail,2,31
"DELIRIUM, muttering",MIND - DELIRIUM - muttering,mind,sub,apis,1,31
"DELIRIUM, muttering",MIND - DELIRIUM - muttering,mind,sub,arn,1,31
"DELIRIUM, muttering",MIND - DELIRIUM - muttering,mind,sub,ars,1,31
"DELIRIUM, muttering",MIND - DELIRIUM - muttering,mind,sub,bapt,1,31
"DELIRIUM, muttering",MIND - DELIRIUM - muttering,mind,sub,bell,1,31
"DELIRIUM, muttering",MIND - DELIRIUM - muttering,mind,sub,bry,2,31
"DELIRIUM, muttering",MIND - DELIRIUM - muttering,mind,sub,calad,1,31
"DELIRIUM, muttering",MIND - DELIRIUM - muttering,mind,sub,chel,1,31
"DELIRIUM, muttering",MIND - DELIRIUM - muttering,mind,sub,colch,1,31
"DELIRIUM, muttering",MIND - DELIRIUM - muttering,mind,sub,crot-h,1,31
"DELIRIUM, muttering",MIND - DELIRIUM - muttering,mind,sub,dor,1,31
"DELIRIUM, muttering",MIND - DELIRIUM - muttering,mind,sub,gels,1,31
"DELIRIUM, muttering",MIND - DELIRIUM - muttering,mind,sub,hell,1,31
"DELIRIUM, muttering",MIND - DELIRIUM - muttering,mind,sub,hep,1,31
"DELIRIUM, muttering",MIND - DELIRIUM - muttering,mind,sub,hyos,2,31
"DELIRIUM, muttering",MIND - DELIRIUM - muttering,mind,sub,kali-br,1,31
"DELIRIUM, muttering",MIND - DELIRIUM - muttering,mind,sub,jach,2,31
"DELIRIUM, muttering",MIND - DELIRIUM - muttering,mind,sub,lyc,1,31
"DELIRIUM, muttering",MIND - DELIRIUM - muttering,mind,sub,merc,1,31
"DELIRIUM, muttering",MIND - DELIRIUM - muttering,mind,sub,mur-ac,1,31
"DELIRIUM, muttering",MIND - DELIRIUM - muttering,mind,sub,nat-m,1,31
"DELIRIUM, muttering",MIND - DELIRIUM - muttering,mind,sub,nux-v,1,31
"DELIRIUM, muttering",MIND - DELIRIUM - muttering,mind,sub,op,1,31
"DELIRIUM, muttering",MIND - DELIRIUM - muttering,mind,sub,ph-ac,1,31
"DELIRIUM, muttering",MIND - DELIRIUM - muttering,mind,sub,phos,2,31
"DELIRIUM, muttering",MIND - DELIRIUM - muttering,mind,sub,rhus-t,1,31
"DELIRIUM, muttering",MIND - DELIRIUM - muttering,mind,sub,sec,1,31
"DELIRIUM, muttering",MIND - DELIRIUM - muttering,mind,sub,stram,2,31
"DELIRIUM, muttering",MIND - DELIRIUM - muttering,mind,sub,tab,1,31
"DELIRIUM, muttering",MIND - DELIRIUM - muttering,mind,sub,tarax,1,31
"DELIRIUM, muttering",MIND - DELIRIUM - muttering,mind,sub,ter,1,31
"DELIRIUM, muttering",MIND - DELIRIUM - muttering,mind,sub,verat,1,31
"DELIRIUM, muttering, himself, to","MIND - DELIRIUM - muttering, himself, to",mind,sub,bell,2,31
"DELIRIUM, muttering, himself, to","MIND - DELIRIUM - muttering, himself, to",mind,sub,hyos,1,31
"DELIRIUM, muttering, himself, to","MIND - DELIRIUM - muttering, himself, to",mind,sub,rhus-t,1,31
"DELIRIUM, muttering, himself, to","MIND - DELIRIUM - muttering, himself, to",mind,sub,tab,1,31
"DELIRIUM, muttering, sleep, in","MIND - DELIRIUM - muttering, sleep, in",mind,sub,ant-t,2,31
"DELIRIUM, muttering, sleep, in","MIND - DELIRIUM - muttering, sleep, in",mind,sub,ars,1,31
"DELIRIUM, muttering, sleep, in","MIND - DELIRIUM - muttering, sleep, in",mind,sub,bry,1,31
"DELIRIUM, muttering, sleep, in","MIND - DELIRIUM - muttering, sleep, in",mind,sub,sulph,1,31
"DELIRIUM, noisy",MIND - DELIRIUM - noisy,mind,sub,bell,2,31
"DELIRIUM, noisy",MIND - DELIRIUM - noisy,mind,sub,camph,1,31
"DELIRIUM, noisy",MIND - DELIRIUM - noisy,mind,sub,hyos,1,31
"DELIRIUM, noisy",MIND - DELIRIUM - noisy,mind,sub,stram,2,31
"DELIRIUM, nonsense, with eyes open","MIND - DELIRIUM - nonsense, with eyes open",mind,sub,ars,2,31
"DELIRIUM, nonsense, with eyes open","MIND - DELIRIUM - nonsense, with eyes open",mind,sub,anac,1,31
"DELIRIUM, nonsense, with eyes open","MIND - DELIRIUM - nonsense, with eyes open",mind,sub,bapt,1,31
"DELIRIUM, nonsense, with eyes open","MIND - DELIRIUM - nonsense, with eyes open",mind,sub,canth,1,31
"DELIRIUM, nonsense, with eyes open","MIND - DELIRIUM - nonsense, with eyes open",mind,sub,cham,1,31
"DELIRIUM, nonsense, with eyes open","MIND - DELIRIUM - nonsense, with eyes open",mind,sub,colch,1,31
"DELIRIUM, nonsense, with eyes open","MIND - DELIRIUM - nonsense, with eyes open",mind,sub,coloc,1,31
"DELIRIUM, nonsense, with eyes open","MIND - DELIRIUM - nonsense, with eyes open",mind,sub,crot-h,1,31
"DELIRIUM, nonsense, with eyes open","MIND - DELIRIUM - nonsense, with eyes open",mind,sub,hyos,1,31
"DELIRIUM, nonsense, with eyes open","MIND - DELIRIUM - nonsense, with eyes open",mind,sub,op,1,31
"DELIRIUM, nonsense, with eyes open","MIND - DELIRIUM - nonsense, with eyes open",mind,sub,stram,1,31
"DELIRIUM, nonsense, with eyes open","MIND - DELIRIUM - nonsense, with eyes open",mind,sub,tarent,1,31
"DELIRIUM, nonsense, with eyes open","MIND - DELIRIUM - nonsense, with eyes open",mind,sub,verat,2,31
"DELIRIUM, pains, with the","MIND - DELIRIUM - pains, with the",mind,sub,dulc,2,31
"DELIRIUM, pains, with the","MIND - DELIRIUM - pains, with the",mind,sub,verat,1,31
"DELIRIUM, paroxysmal",MIND - DELIRIUM - paroxysmal,mind,sub,bell,2,31
"DELIRIUM, paroxysmal",MIND - DELIRIUM - paroxysmal,mind,sub,con,1,31
"DELIRIUM, paroxysmal",MIND - DELIRIUM - paroxysmal,mind,sub,gels,1,31
"DELIRIUM, paroxysmal",MIND - DELIRIUM - paroxysmal,mind,sub,phos,1,31
"DELIRIUM, paroxysmal",MIND - DELIRIUM - paroxysmal,mind,sub,plb,1,31
"DELIRIUM, periodic",MIND - DELIRIUM - periodic,mind,sub,samb,2,31
"DELIRIUM, perspiration, amel","MIND - DELIRIUM - perspiration, amel",mind,sub,eth,2,31
"DELIRIUM, picking at nose or lips, with","MIND - DELIRIUM - picking at nose or lips, with",mind,sub,arum-t,2,31
"DELIRIUM, quiet",MIND - DELIRIUM - quiet,mind,sub,bry,2,31
"DELIRIUM, quiet",MIND - DELIRIUM - quiet,mind,sub,carb-v,1,31
"DELIRIUM, quiet",MIND - DELIRIUM - quiet,mind,sub,chel,1,31
"DELIRIUM, quiet",MIND - DELIRIUM - quiet,mind,sub,chin,1,31
"DELIRIUM, quiet",MIND - DELIRIUM - quiet,mind,sub,chlor,1,31
"DELIRIUM, quiet",MIND - DELIRIUM - quiet,mind,sub,croc,1,31
"DELIRIUM, quiet",MIND - DELIRIUM - quiet,mind,sub,cupr,1,31
"DELIRIUM, quiet",MIND - DELIRIUM - quiet,mind,sub,hyos,2,31
"DELIRIUM, quiet",MIND - DELIRIUM - quiet,mind,sub,op,1,31
"DELIRIUM, quiet",MIND - DELIRIUM - quiet,mind,sub,ph-ac,1,31
"DELIRIUM, quiet",MIND - DELIRIUM - quiet,mind,sub,phos,1,31
"DELIRIUM, quiet",MIND - DELIRIUM - quiet,mind,sub,plb,1,31
"DELIRIUM, quiet",MIND - DELIRIUM - quiet,mind,sub,gels,1,31
"DELIRIUM, quiet",MIND - DELIRIUM - quiet,mind,sub,rhus-t,1,31
"DELIRIUM, quiet",MIND - DELIRIUM - quiet,mind,sub,sec,1,31
"DELIRIUM, quiet",MIND - DELIRIUM - quiet,mind,sub,tab,1,31
"DELIRIUM, quiet",MIND - DELIRIUM - quiet,mind,sub,valer,1,31
"DELIRIUM, quiet",MIND - DELIRIUM - quiet,mind,sub,verat,1,31
"DELIRIUM, rabid",MIND - DELIRIUM - rabid,mind,sub,bell,2,31
"DELIRIUM, rabid",MIND - DELIRIUM - rabid,mind,sub,canth,1,31
"DELIRIUM, rabid",MIND - DELIRIUM - rabid,mind,sub,lyss,1,31
"DELIRIUM, rabid",MIND - DELIRIUM - rabid,mind,sub,stram,1,31
"DELIRIUM, raging, raving","MIND - DELIRIUM - raging, raving",mind,sub,acon,2,32
"DELIRIUM, raging, raving","MIND - DELIRIUM - raging, raving",mind,sub,act-sp,1,32
"DELIRIUM, raging, raving","MIND - DELIRIUM - raging, raving",mind,sub,zth,1,32
"DELIRIUM, raging, raving","MIND - DELIRIUM - raging, raving",mind,sub,agar,1,32
"DELIRIUM, raging, raving","MIND - DELIRIUM - raging, raving",mind,sub,arg-m,1,32
"DELIRIUM, raging, raving","MIND - DELIRIUM - raging, raving",mind,sub,arg-n,1,32
"DELIRIUM, raging, raving","MIND - DELIRIUM - raging, raving",mind,sub,ars,1,32
"DELIRIUM, raging, raving","MIND - DELIRIUM - raging, raving",mind,sub,bell,2,32
"DELIRIUM, raging, raving","MIND - DELIRIUM - raging, raving",mind,sub,bry,1,32
"DELIRIUM, raging, raving","MIND - DELIRIUM - raging, raving",mind,sub,calc,1,32
"DELIRIUM, raging, raving","MIND - DELIRIUM - raging, raving",mind,sub,camph,1,32
"DELIRIUM, raging, raving","MIND - DELIRIUM - raging, raving",mind,sub,cann-i,1,32
"DELIRIUM, raging, raving","MIND - DELIRIUM - raging, raving",mind,sub,canth,2,32
"DELIRIUM, raging, raving","MIND - DELIRIUM - raging, raving",mind,sub,carb-s,1,32
"DELIRIUM, raging, raving","MIND - DELIRIUM - raging, raving",mind,sub,chin-s,1,32
"DELIRIUM, raging, raving","MIND - DELIRIUM - raging, raving",mind,sub,cic,1,32
"DELIRIUM, raging, raving","MIND - DELIRIUM - raging, raving",mind,sub,chel,1,32
"DELIRIUM, raging, raving","MIND - DELIRIUM - raging, raving",mind,sub,chin,1,32
"DELIRIUM, raging, raving","MIND - DELIRIUM - raging, raving",mind,sub,cimic,1,32
"DELIRIUM, raging, raving","MIND - DELIRIUM - raging, raving",mind,sub,cina,1,32
"DELIRIUM, raging, raving","MIND - DELIRIUM - raging, raving",mind,sub,colch,1,32
"DELIRIUM, raging, raving","MIND - DELIRIUM - raging, raving",mind,sub,cupr,1,32
"DELIRIUM, raging, raving","MIND - DELIRIUM - raging, raving",mind,sub,dig,1,32
"DELIRIUM, raging, raving","MIND - DELIRIUM - raging, raving",mind,sub,dulc,1,32
"DELIRIUM, raging, raving","MIND - DELIRIUM - raging, raving",mind,sub,ether,1,32
"DELIRIUM, raging, raving","MIND - DELIRIUM - raging, raving",mind,sub,glon,1,32
"DELIRIUM, raging, raving","MIND - DELIRIUM - raging, raving",mind,sub,graph,1,32
"DELIRIUM, raging, raving","MIND - DELIRIUM - raging, raving",mind,sub,hell,1,32
"DELIRIUM, raging, raving","MIND - DELIRIUM - raging, raving",mind,sub,hep,1,32
"DELIRIUM, raging, raving","MIND - DELIRIUM - raging, raving",mind,sub,hyos,2,32
"DELIRIUM, raging, raving","MIND - DELIRIUM - raging, raving",mind,sub,hyper,1,32
"DELIRIUM, raging, raving","MIND - DELIRIUM - raging, raving",mind,sub,jatr,1,32
"DELIRIUM, raging, raving","MIND - DELIRIUM - raging, raving",mind,sub,lobel,1,32
"DELIRIUM, raging, raving","MIND - DELIRIUM - raging, raving",mind,sub,lyc,2,32
"DELIRIUM, raging, raving","MIND - DELIRIUM - raging, raving",mind,sub,merc,1,32
"DELIRIUM, raging, raving","MIND - DELIRIUM - raging, raving",mind,sub,mercy-cy,1,32
"DELIRIUM, raging, raving","MIND - DELIRIUM - raging, raving",mind,sub,mosch,1,32
"DELIRIUM, raging, raving","MIND - DELIRIUM - raging, raving",mind,sub,nat-m,1,32
"DELIRIUM, raging, raving","MIND - DELIRIUM - raging, raving",mind,sub,nit-aec,2,32
"DELIRIUM, raging, raving","MIND - DELIRIUM - raging, raving",mind,sub,nux-m,1,32
"DELIRIUM, raging, raving","MIND - DELIRIUM - raging, raving",mind,sub,na,1,32
"DELIRIUM, raging, raving","MIND - DELIRIUM - raging, raving",mind,sub,op,2,32
"DELIRIUM, raging, raving","MIND - DELIRIUM - raging, raving",mind,sub,par,1,32
"DELIRIUM, raging, raving","MIND - DELIRIUM - raging, raving",mind,sub,phos,1,32
"DELIRIUM, raging, raving","MIND - DELIRIUM - raging, raving",mind,sub,plb,1,32
"DELIRIUM, raging, raving","MIND - DELIRIUM - raging, raving",mind,sub,puls,1,32
"DELIRIUM, raging, raving","MIND - DELIRIUM - raging, raving",mind,sub,rheum,1,32
"DELIRIUM, raging, raving","MIND - DELIRIUM - raging, raving",mind,sub,sec,2,32
"DELIRIUM, raging, raving","MIND - DELIRIUM - raging, raving",mind,sub,sol-m,1,32
"DELIRIUM, raging, raving","MIND - DELIRIUM - raging, raving",mind,sub,stram,2,32
"DELIRIUM, raging, raving","MIND - DELIRIUM - raging, raving",mind,sub,sulph,1,32
"DELIRIUM, raging, raving","MIND - DELIRIUM - raging, raving",mind,sub,sul-ac,1,32
"DELIRIUM, raging, raving","MIND - DELIRIUM - raging, raving",mind,sub,tab,1,32
"DELIRIUM, raging, raving","MIND - DELIRIUM - raging, raving",mind,sub,tarent,1,32
"DELIRIUM, raging, raving","MIND - DELIRIUM - raging, raving",mind,sub,verat,2,32
"DELIRIUM, raging, raving","MIND - DELIRIUM - raging, raving",mind,sub,vip,1,32
"DELIRIUM, raging, raving","MIND - DELIRIUM - raging, raving",mind,sub,zinc,1,32
"DELIRIUM, raging, raving","MIND - DELIRIUM - raging, raving",mind,sub,delirium,3,32
"DELIRIUM, raging, raving","MIND - DELIRIUM - raging, raving",mind,sub,continued,1,32
"DELIRIUM, raging, raving","MIND - DELIRIUM - raging, raving",mind,sub,rambling,1,32
"DELIRIUM, raging, raving","MIND - DELIRIUM - raging, raving",mind,sub,through,1,32
"DELIRIUM, raging, raving","MIND - DELIRIUM - raging, raving",mind,sub,wrongs,1,32
"DELIRIUM, rambling",MIND - DELIRIUM - rambling,mind,sub,atro,2,32
"DELIRIUM, rambling",MIND - DELIRIUM - rambling,mind,sub,bell,1,32
"DELIRIUM, rambling",MIND - DELIRIUM - rambling,mind,sub,hyos,1,32
"DELIRIUM, rambling",MIND - DELIRIUM - rambling,mind,sub,plb,1,32
"DELIRIUM, recognizes no one",MIND - DELIRIUM - recognizes no one,mind,sub,bell,2,32
"DELIRIUM, recognizes no one",MIND - DELIRIUM - recognizes no one,mind,sub,calad,1,32
"DELIRIUM, recognizes no one",MIND - DELIRIUM - recognizes no one,mind,sub,hyos,1,32
"DELIRIUM, recognizes no one",MIND - DELIRIUM - recognizes no one,mind,sub,merc,1,32
"DELIRIUM, recognizes no one",MIND - DELIRIUM - recognizes no one,mind,sub,nux-v,1,32
"DELIRIUM, recognizes no one",MIND - DELIRIUM - recognizes no one,mind,sub,op,1,32
"DELIRIUM, recognizes no one",MIND - DELIRIUM - recognizes no one,mind,sub,stram,1,32
"DELIRIUM, recognizes no one",MIND - DELIRIUM - recognizes no one,mind,sub,tab,1,32
"DELIRIUM, recognizes no one",MIND - DELIRIUM - recognizes no one,mind,sub,verat,1,32
"DELIRIUM, religious",MIND - DELIRIUM - religious,mind,sub,aur,2,32
"DELIRIUM, religious",MIND - DELIRIUM - religious,mind,sub,lach,1,32
"DELIRIUM, religious",MIND - DELIRIUM - religious,mind,sub,verat,1,32
"DELIRIUM, repeats the same sentence",MIND - DELIRIUM - repeats the same sentence,mind,sub,camph,2,32
"DELIRIUM, reproachful",MIND - DELIRIUM - reproachful,mind,sub,hyos,2,32
"DELIRIUM, reproachful",MIND - DELIRIUM - reproachful,mind,sub,lyc,1,32
"DELIRIUM, restless",MIND - DELIRIUM - restless,mind,sub,acon,2,32
"DELIRIUM, restless",MIND - DELIRIUM - restless,mind,sub,atro,1,32
"DELIRIUM, restless",MIND - DELIRIUM - restless,mind,sub,plb,1,32
"DELIRIUM, restless",MIND - DELIRIUM - restless,mind,sub,hyos,1,32
"DELIRIUM, rocking to and fro",MIND - DELIRIUM - rocking to and fro,mind,sub,bell,2,32
"DELIRIUM, rocking to and fro",MIND - DELIRIUM - rocking to and fro,mind,sub,hyos,1,32
"DELIRIUM, rolls on floor",MIND - DELIRIUM - rolls on floor,mind,sub,op,2,32
"DELIRIUM, romping with children",MIND - DELIRIUM - romping with children,mind,sub,agar,2,32
"DELIRIUM, same subject all the time",MIND - DELIRIUM - same subject all the time,mind,sub,petr,2,32
"DELIRIUM, scolding",MIND - DELIRIUM - scolding,mind,sub,hyos,2,32
"DELIRIUM, scolding",MIND - DELIRIUM - scolding,mind,sub,merc,1,32
"DELIRIUM, scolding",MIND - DELIRIUM - scolding,mind,sub,stram,1,32
"DELIRIUM, silent",MIND - DELIRIUM - silent,mind,sub,agar,2,32
"DELIRIUM, silent",MIND - DELIRIUM - silent,mind,sub,sec,1,32
"DELIRIUM, sleep, during","MIND - DELIRIUM - sleep, during",mind,sub,acon,2,32
"DELIRIUM, sleep, during","MIND - DELIRIUM - sleep, during",mind,sub,apis,2,32
"DELIRIUM, sleep, during","MIND - DELIRIUM - sleep, during",mind,sub,ars,1,32
"DELIRIUM, sleep, during","MIND - DELIRIUM - sleep, during",mind,sub,bell,2,32
"DELIRIUM, sleep, during","MIND - DELIRIUM - sleep, during",mind,sub,cact,1,32
"DELIRIUM, sleep, during","MIND - DELIRIUM - sleep, during",mind,sub,bry,1,32
"DELIRIUM, sleep, during","MIND - DELIRIUM - sleep, during",mind,sub,cina,1,32
"DELIRIUM, sleep, during","MIND - DELIRIUM - sleep, during",mind,sub,cupr,1,32
"DELIRIUM, sleep, during","MIND - DELIRIUM - sleep, during",mind,sub,gels,1,32
"DELIRIUM, sleep, during","MIND - DELIRIUM - sleep, during",mind,sub,hyper,1,32
"DELIRIUM, sleep, during","MIND - DELIRIUM - sleep, during",mind,sub,ach,1,32
"DELIRIUM, sleep, during","MIND - DELIRIUM - sleep, during",mind,sub,merc,1,32
"DELIRIUM, sleep, during","MIND - DELIRIUM - sleep, during",mind,sub,mur-ac,1,32
"DELIRIUM, sleep, during","MIND - DELIRIUM - sleep, during",mind,sub,op,1,32
"DELIRIUM, sleep, during","MIND - DELIRIUM - sleep, during",mind,sub,rheum,1,32
"DELIRIUM, sleep, during","MIND - DELIRIUM - sleep, during",mind,sub,sant,1,32
"DELIRIUM, sleep, during","MIND - DELIRIUM - sleep, during",mind,sub,spong,1,32
"DELIRIUM, sleep, during","MIND - DELIRIUM - sleep, during",mind,sub,stram,1,32
"DELIRIUM, sleep, during","MIND - DELIRIUM - sleep, during",mind,sub,verat,1,32
"DELIRIUM, sleep, amel. after","MIND - DELIRIUM - sleep, amel. after",mind,sub,bell,2,32
"DELIRIUM, sleep, amel. after","MIND - DELIRIUM - sleep, amel. after",mind,sub,cact,1,32
"DELIRIUM, aroused, on being","MIND - DELIRIUM - aroused, on being",mind,sub,sep,1,32
"DELIRIUM, aroused, on being","MIND - DELIRIUM - aroused, on being",mind,sub,sec,1,32
"DELIRIUM, falling on",MIND - DELIRIUM - falling on,mind,sub,bell,2,32
"DELIRIUM, falling on",MIND - DELIRIUM - falling on,mind,sub,bry,1,32
"DELIRIUM, falling on",MIND - DELIRIUM - falling on,mind,sub,cact,1,32
"DELIRIUM, falling on",MIND - DELIRIUM - falling on,mind,sub,calc,1,32
"DELIRIUM, falling on",MIND - DELIRIUM - falling on,mind,sub,camph,1,32
"DELIRIUM, falling on",MIND - DELIRIUM - falling on,mind,sub,caust,1,32
"DELIRIUM, falling on",MIND - DELIRIUM - falling on,mind,sub,chin,1,32
"DELIRIUM, falling on",MIND - DELIRIUM - falling on,mind,sub,grat,1,32
"DELIRIUM, falling on",MIND - DELIRIUM - falling on,mind,sub,guaj,1,32
"DELIRIUM, falling on",MIND - DELIRIUM - falling on,mind,sub,ign,1,32
"DELIRIUM, falling on",MIND - DELIRIUM - falling on,mind,sub,merc,1,32
"DELIRIUM, falling on",MIND - DELIRIUM - falling on,mind,sub,ph-ac,1,32
"DELIRIUM, falling on",MIND - DELIRIUM - falling on,mind,sub,phos,1,32
"DELIRIUM, falling on",MIND - DELIRIUM - falling on,mind,sub,rhus-t,1,32
"DELIRIUM, falling on",MIND - DELIRIUM - falling on,mind,sub,sulph,1,32
"DELIRIUM, sleepiness, with","MIND - DELIRIUM - sleepiness, with",mind,sub,acon,2,32
"DELIRIUM, sleepiness, with","MIND - DELIRIUM - sleepiness, with",mind,sub,arn,1,32
"DELIRIUM, sleepiness, with","MIND - DELIRIUM - sleepiness, with",mind,sub,bry,1,32
"DELIRIUM, sleepiness, with","MIND - DELIRIUM - sleepiness, with",mind,sub,calc-p,1,32
"DELIRIUM, sleepiness, with","MIND - DELIRIUM - sleepiness, with",mind,sub,coloc,1,32
"DELIRIUM, sleepiness, with","MIND - DELIRIUM - sleepiness, with",mind,sub,lach,1,32
"DELIRIUM, sleepiness, with","MIND - DELIRIUM - sleepiness, with",mind,sub,puls,2,32
"DELIRIUM, sorrowful",MIND - DELIRIUM - sorrowful,mind,sub,acon,2,32
"DELIRIUM, sorrowful",MIND - DELIRIUM - sorrowful,mind,sub,bell,1,32
"DELIRIUM, sorrowful",MIND - DELIRIUM - sorrowful,mind,sub,dulc,1,32
"DELIRIUM, sorrowful",MIND - DELIRIUM - sorrowful,mind,sub,lyc,1,32
"DELIRIUM, sorrowful",MIND - DELIRIUM - sorrowful,mind,sub,puls,1,32
"DELIRIUM, trembling, with","MIND - DELIRIUM - trembling, with",mind,sub,valer,2,32
"DELIRIUM, urinate on the floor, tries to","MIND - DELIRIUM - urinate on the floor, tries to",mind,sub,plb,2,32
"DELIRIUM, urinates outside the pot",MIND - DELIRIUM - urinates outside the pot,mind,sub,bell,2,32
"DELIRIUM, violent",MIND - DELIRIUM - violent,mind,sub,acon,2,32
"DELIRIUM, violent",MIND - DELIRIUM - violent,mind,sub,agar,1,32
"DELIRIUM, violent",MIND - DELIRIUM - violent,mind,sub,apis,1,32
"DELIRIUM, violent",MIND - DELIRIUM - violent,mind,sub,ars,2,32
"DELIRIUM, violent",MIND - DELIRIUM - violent,mind,sub,atro,1,32
"DELIRIUM, violent",MIND - DELIRIUM - violent,mind,sub,bell,2,32
"DELIRIUM, violent",MIND - DELIRIUM - violent,mind,sub,camph,1,32
"DELIRIUM, violent",MIND - DELIRIUM - violent,mind,sub,canth,1,32
"DELIRIUM, violent",MIND - DELIRIUM - violent,mind,sub,con,1,32
"DELIRIUM, violent",MIND - DELIRIUM - violent,mind,sub,cupr,1,32
"DELIRIUM, violent",MIND - DELIRIUM - violent,mind,sub,hyos,2,32
"DELIRIUM, violent",MIND - DELIRIUM - violent,mind,sub,ach,1,32
"DELIRIUM, violent",MIND - DELIRIUM - violent,mind,sub,op,1,32
"DELIRIUM, violent",MIND - DELIRIUM - violent,mind,sub,phos,1,32
"DELIRIUM, violent",MIND - DELIRIUM - violent,mind,sub,plb,1,32
"DELIRIUM, violent",MIND - DELIRIUM - violent,mind,sub,puls,1,32
"DELIRIUM, violent",MIND - DELIRIUM - violent,mind,sub,sec,1,32
"DELIRIUM, violent",MIND - DELIRIUM - violent,mind,sub,stram,2,32
"DELIRIUM, violent",MIND - DELIRIUM - violent,mind,sub,verat,1,32
"DELIRIUM, violent",MIND - DELIRIUM - violent,mind,sub,zinc,1,32
"DELIRIUM, is restrained and calmed with great difficulty",MIND - DELIRIUM - is restrained and calmed with great difficulty,mind,sub,zinc,2,32
"DELIRIUM, vivid",MIND - DELIRIUM - vivid,mind,sub,bell,2,32
"DELIRIUM, vivid",MIND - DELIRIUM - vivid,mind,sub,stram,1,32
"DELIRIUM, waking, on","MIND - DELIRIUM - waking, on",mind,sub,aur,2,32
"DELIRIUM, waking, on","MIND - DELIRIUM - waking, on",mind,sub,bell,1,32
"DELIRIUM, waking, on","MIND - DELIRIUM - waking, on",mind,sub,bry,1,32
"DELIRIUM, well, declares she is","MIND - DELIRIUM - well, declares she is",mind,sub,apis,2,32
"DELIRIUM, well, declares she is","MIND - DELIRIUM - well, declares she is",mind,sub,arn,1,32
"DELIRIUM, well, declares she is","MIND - DELIRIUM - well, declares she is",mind,sub,ars,1,32
"DELIRIUM, wild",MIND - DELIRIUM - wild,mind,sub,bell,2,32
"DELIRIUM, wild",MIND - DELIRIUM - wild,mind,sub,camph,1,32
"DELIRIUM, wild",MIND - DELIRIUM - wild,mind,sub,canth,1,32
"DELIRIUM, wild",MIND - DELIRIUM - wild,mind,sub,chlol,1,32
"DELIRIUM, wild",MIND - DELIRIUM - wild,mind,sub,colch,1,32
"DELIRIUM, wild",MIND - DELIRIUM - wild,mind,sub,cupr,1,32
"DELIRIUM, wild",MIND - DELIRIUM - wild,mind,sub,hydr-ac,1,32
"DELIRIUM, wild",MIND - DELIRIUM - wild,mind,sub,hyos,1,32
"DELIRIUM, wild",MIND - DELIRIUM - wild,mind,sub,lach,1,32
"DELIRIUM, wild",MIND - DELIRIUM - wild,mind,sub,op,1,32
"DELIRIUM, wild",MIND - DELIRIUM - wild,mind,sub,plb,1,32
"DELIRIUM, wild",MIND - DELIRIUM - wild,mind,sub,stram,2,32
"DELIRIUM, wild",MIND - DELIRIUM - wild,mind,sub,verat,1,32
"DELIRIUM, wraps up in fur during summer",MIND - DELIRIUM - wraps up in fur during summer,mind,sub,hyos,2,32
"DELIRIUM, wrongs, of fancied","MIND - DELIRIUM - wrongs, of fancied",mind,sub,hyos,2,32
"DELIRIUM, afternoon, that it is always","MIND - DELIRIUM - afternoon, that it is always",mind,sub,lach,2,33
"DELIRIUM, afternoon, that it is always","MIND - DELIRIUM - afternoon, that it is always",mind,sub,stann,1,33
"DELIRIUM, abdomen is fallen in, his stomach devoured, his scrotum swollen","MIND - DELIRIUM - abdomen is fallen in, his stomach devoured, his scrotum swollen",mind,sub,sabad,2,33
"DELIRIUM, absurd, ludicrous","MIND - DELIRIUM - absurd, ludicrous",mind,sub,cann-i,2,33
"DELIRIUM, figures are present",MIND - DELIRIUM - figures are present,mind,sub,ambr,2,33
"DELIRIUM, figures are present",MIND - DELIRIUM - figures are present,mind,sub,arg-m,1,33
"DELIRIUM, figures are present",MIND - DELIRIUM - figures are present,mind,sub,camph,1,33
"DELIRIUM, figures are present",MIND - DELIRIUM - figures are present,mind,sub,cann-i,1,33
"DELIRIUM, figures are present",MIND - DELIRIUM - figures are present,mind,sub,caust,1,33
"DELIRIUM, figures are present",MIND - DELIRIUM - figures are present,mind,sub,cic,1,33
"DELIRIUM, figures are present",MIND - DELIRIUM - figures are present,mind,sub,op,1,33
"DELIRIUM, figures are present",MIND - DELIRIUM - figures are present,mind,sub,tarent,1,33
"DELIRIUM, accused, thinks she is","MIND - DELIRIUM - accused, thinks she is",mind,sub,laur,2,33
"DELIRIUM, accused, thinks she is","MIND - DELIRIUM - accused, thinks she is",mind,sub,zinc,1,33
"DELIRIUM, active",MIND - DELIRIUM - active,mind,sub,bell,2,33
"DELIRIUM, active",MIND - DELIRIUM - active,mind,sub,hyos,1,33
"DELIRIUM, active",MIND - DELIRIUM - active,mind,sub,stram,1,33
"DELIRIUM, affection of friends, has lost","MIND - DELIRIUM - affection of friends, has lost",mind,sub,aur,2,33
"DELIRIUM, affection of friends, has lost","MIND - DELIRIUM - affection of friends, has lost",mind,sub,hura,1,33
"DELIRIUM, air, that he is hovering in, like a spirit","MIND - DELIRIUM - air, that he is hovering in, like a spirit",mind,sub,asar,2,33
"DELIRIUM, alone, that she is always","MIND - DELIRIUM - alone, that she is always",mind,sub,puls,2,33
"DELIRIUM, alone, that she is always","MIND - DELIRIUM - alone, that she is always",mind,sub,stram,1,33
"DELIRIUM, that she is alone in a graveyard",MIND - DELIRIUM - that she is alone in a graveyard,mind,sub,lepi,2,33
"DELIRIUM, that she is alone in a graveyard",MIND - DELIRIUM - that she is alone in a graveyard,mind,sub,sep,1,33
"DELIRIUM, in a wilderness",MIND - DELIRIUM - in a wilderness,mind,sub,stram,2,33
"DELIRIUM, she is, in the world","MIND - DELIRIUM - she is, in the world",mind,sub,camph,2,33
"DELIRIUM, she is, in the world","MIND - DELIRIUM - she is, in the world",mind,sub,hura,1,33
"DELIRIUM, she is, in the world","MIND - DELIRIUM - she is, in the world",mind,sub,plat,1,33
"DELIRIUM, she is, in the world","MIND - DELIRIUM - she is, in the world",mind,sub,puls,1,33
